# Blender v3.0.1 OBJ File: ''
# www.blender.org
mtllib badminton_racket.mtl
o badminton_racket
v -0.273946 0.005500 0.059681
v -0.275954 0.005500 0.058125
v -0.273946 0.005500 -0.059681
v -0.275954 0.005500 -0.058125
v 0.320349 0.013200 -0.006277
v 0.320349 0.005500 -0.006277
v 0.320321 0.005500 -0.006802
v 0.315327 0.005500 -0.011298
v 0.315327 0.013200 -0.011298
v 0.315852 0.005500 -0.011271
v 0.315852 0.013200 -0.011271
v 0.316371 0.005500 -0.011189
v 0.316371 0.013200 -0.011189
v 0.316879 0.005500 -0.011053
v 0.316879 0.013200 -0.011053
v 0.317370 0.005500 -0.010864
v 0.317370 0.013200 -0.010864
v 0.317838 0.005500 -0.010626
v 0.317838 0.013200 -0.010626
v 0.318279 0.005500 -0.010339
v 0.318279 0.013200 -0.010339
v 0.318687 0.005500 -0.010009
v 0.318687 0.013200 -0.010009
v 0.319059 0.005500 -0.009637
v 0.319059 0.013200 -0.009637
v 0.319390 0.005500 -0.009228
v 0.319390 0.013200 -0.009228
v 0.319676 0.005500 -0.008788
v 0.319676 0.013200 -0.008788
v 0.319915 0.005500 -0.008319
v 0.319915 0.013200 -0.008319
v 0.320103 0.005500 -0.007829
v 0.320103 0.013200 -0.007829
v 0.320239 0.005500 -0.007321
v 0.320239 0.013200 -0.007321
v 0.320321 0.013200 -0.006802
v -0.117024 0.006600 -0.075274
v -0.117024 0.006600 0.075274
v -0.117024 0.005500 -0.075274
v -0.117024 0.005500 0.075274
v -0.273946 0.006600 0.059681
v -0.273946 0.006600 -0.059681
v -0.275954 0.006600 0.058125
v -0.275954 0.006600 -0.058125
v -0.242561 0.005500 0.076898
v -0.244570 0.005500 0.076103
v -0.242561 0.005500 -0.076898
v -0.244570 0.005500 -0.076103
v -0.244570 0.006600 0.076103
v -0.244570 0.006600 -0.076103
v -0.211177 0.005500 -0.085437
v -0.211177 0.005500 0.085437
v -0.212466 0.005500 -0.085214
v -0.213186 0.005500 0.085086
v -0.213186 0.005500 -0.085086
v -0.213186 0.006600 -0.085086
v -0.213186 0.006600 0.085086
v -0.212466 0.006600 -0.085214
v -0.211177 0.006600 0.085437
v -0.211177 0.006600 -0.085437
v 0.315327 0.013200 0.011298
v 0.315327 0.013775 0.011271
v 0.174725 0.013200 0.011298
v 0.174201 0.013775 0.011271
v 0.173681 0.014344 0.011189
v 0.315327 0.014424 0.011172
v 0.173174 0.014900 0.011053
v 0.315327 0.014900 0.011053
v 0.172683 0.015437 0.010864
v 0.315327 0.015586 0.010801
v 0.172215 0.015950 0.010626
v 0.315327 0.015950 0.010626
v 0.171774 0.016433 0.010339
v 0.315327 0.016629 0.010203
v 0.171365 0.016880 0.010009
v 0.315327 0.016880 0.010009
v 0.170994 0.017287 0.009637
v 0.315327 0.017500 0.009408
v 0.170663 0.017650 0.009228
v 0.315327 0.017650 0.009228
v 0.170377 0.017963 0.008788
v 0.315327 0.018155 0.008456
v 0.170138 0.018225 0.008319
v 0.315327 0.018225 0.008319
v 0.169950 0.018431 0.007829
v 0.315327 0.018562 0.007394
v 0.169814 0.018580 0.007321
v 0.315327 0.018580 0.007321
v 0.169731 0.018670 0.006802
v 0.315327 0.018700 0.006277
v 0.169704 0.018700 0.006277
v -0.085639 0.005500 0.056490
v -0.087648 0.005500 0.058125
v -0.085639 0.005500 -0.056490
v -0.087648 0.005500 -0.058125
v -0.059545 0.007700 -0.019960
v -0.304057 0.007700 -0.019960
v -0.059664 0.007700 -0.020315
v -0.303352 0.007700 -0.021969
v -0.060250 0.007700 -0.021969
v 0.316371 0.018580 -0.006277
v 0.316445 0.018562 -0.006277
v 0.316420 0.018445 -0.007321
v 0.317370 0.018225 -0.006277
v 0.317506 0.018155 -0.006277
v 0.317459 0.018047 -0.007321
v 0.318279 0.017650 -0.006277
v 0.318458 0.017500 -0.006277
v 0.318390 0.017406 -0.007321
v 0.319059 0.016880 -0.006277
v 0.319253 0.016629 -0.006277
v 0.319168 0.016554 -0.007321
v 0.319676 0.015950 -0.006277
v 0.319852 0.015586 -0.006277
v 0.319753 0.015534 -0.007321
v 0.320103 0.014900 -0.006277
v 0.320223 0.014424 -0.006277
v 0.320116 0.014397 -0.007321
v 0.315839 0.013328 -0.011271
v 0.316840 0.013578 -0.011053
v 0.317775 0.013812 -0.010626
v 0.318603 0.014019 -0.010009
v 0.319288 0.014190 -0.009228
v 0.319800 0.014318 -0.008319
v 0.320321 0.013775 -0.006277
v 0.319461 0.015380 -0.008319
v 0.318988 0.015131 -0.009228
v 0.318355 0.014797 -0.010009
v 0.317590 0.014393 -0.010626
v 0.316725 0.013937 -0.011053
v 0.315800 0.013449 -0.011271
v 0.318914 0.016333 -0.008319
v 0.318504 0.015974 -0.009228
v 0.317954 0.015495 -0.010009
v 0.317290 0.014915 -0.010626
v 0.316541 0.014260 -0.011053
v 0.315738 0.013558 -0.011271
v 0.318188 0.017128 -0.008319
v 0.317860 0.016679 -0.009228
v 0.317422 0.016077 -0.010009
v 0.316893 0.015350 -0.010626
v 0.316295 0.014529 -0.011053
v 0.315655 0.013649 -0.011271
v 0.317318 0.017727 -0.008319
v 0.317090 0.017209 -0.009228
v 0.316785 0.016516 -0.010009
v 0.316417 0.015678 -0.010626
v 0.316001 0.014731 -0.011053
v 0.315555 0.013718 -0.011271
v 0.316348 0.018099 -0.008319
v 0.316231 0.017538 -0.009228
v 0.316075 0.016788 -0.010009
v 0.315886 0.015881 -0.010626
v 0.315673 0.014857 -0.011053
v 0.315444 0.013760 -0.011271
v 0.315327 0.018700 -0.006277
v 0.315327 0.018580 -0.007321
v 0.315327 0.018225 -0.008319
v 0.315327 0.017650 -0.009228
v 0.315327 0.016880 -0.010009
v 0.315327 0.015950 -0.010626
v 0.315327 0.014900 -0.011053
v 0.315327 0.013775 -0.011271
v -0.087648 0.006600 -0.058125
v -0.087648 0.006600 0.058125
v -0.085639 0.006600 -0.056490
v -0.085639 0.006600 0.056490
v 0.169704 0.000000 -0.001004
v 0.169704 0.000000 -0.006277
v 0.315327 0.000000 -0.006277
v 0.315327 0.000000 0.006277
v 0.169704 0.000000 0.006277
v 0.169704 0.000000 0.001004
v -0.047734 0.000000 -0.001004
v -0.047734 0.000000 0.001004
v -0.056951 0.000000 0.024597
v -0.054273 0.000000 0.029700
v -0.060257 0.000000 0.031884
v -0.057736 0.000000 0.036486
v -0.064599 0.000000 0.039241
v -0.059567 0.000000 0.039546
v -0.069843 0.000000 0.046323
v -0.064528 0.000000 0.046658
v -0.074110 0.000000 0.051169
v -0.070401 0.000000 0.053576
v -0.081373 0.000000 0.058134
v -0.261871 0.000000 -0.072301
v -0.272475 0.000000 -0.065706
v -0.276884 0.000000 -0.067911
v -0.274708 0.000000 -0.064118
v -0.285393 0.000000 -0.061137
v -0.283293 0.000000 -0.057195
v -0.292834 0.000000 -0.053968
v -0.290767 0.000000 -0.049791
v -0.295228 0.000000 -0.051332
v -0.296468 0.000000 -0.042853
v -0.300649 0.000000 -0.044554
v -0.077254 0.000000 0.060291
v -0.080008 0.000000 0.062679
v -0.090749 0.000000 0.065443
v -0.089258 0.000000 0.069702
v -0.101324 0.000000 0.072074
v -0.099654 0.000000 0.076146
v -0.103892 0.000000 0.073477
v -0.116614 0.000000 0.079455
v -0.056569 0.000000 -0.034369
v -0.053054 0.000000 -0.026854
v -0.056221 0.000000 -0.022642
v -0.267241 0.000000 -0.074247
v -0.261945 0.000000 -0.077244
v -0.248719 0.000000 -0.078729
v -0.249196 0.000000 -0.083311
v -0.234387 0.000000 -0.084011
v -0.235296 0.000000 -0.088383
v -0.230896 0.000000 -0.085064
v -0.213596 0.000000 -0.089094
v -0.054253 0.000000 -0.016153
v -0.050561 0.000000 -0.019677
v -0.053576 0.000000 -0.013167
v -0.048837 0.000000 -0.012355
v -0.052579 0.000000 -0.006599
v -0.048170 0.000000 -0.007816
v -0.052246 0.000000 -0.000102
v -0.052246 0.000000 0.000000
v -0.052555 0.000000 0.006358
v -0.047996 0.000000 0.006090
v -0.053156 0.000000 0.010897
v -0.048939 0.000000 0.012906
v -0.054692 0.000000 0.017817
v -0.049608 0.000000 0.016057
v -0.051579 0.000000 0.022897
v -0.305183 0.000000 -0.037663
v -0.300549 0.000000 -0.036821
v -0.308890 0.000000 -0.030656
v -0.304365 0.000000 -0.029847
v -0.310270 0.000000 -0.027532
v -0.307371 0.000000 -0.022672
v -0.312730 0.000000 -0.020716
v -0.308280 0.000000 -0.019954
v -0.314460 0.000000 -0.013942
v -0.309981 0.000000 -0.013386
v -0.315501 0.000000 -0.007182
v -0.311008 0.000000 -0.006745
v -0.315875 0.000000 0.000000
v -0.311356 0.000000 0.000000
v -0.315507 0.000000 0.007123
v -0.111250 0.000000 0.081946
v -0.122085 0.000000 0.086293
v -0.131843 0.000000 0.084812
v -0.137213 0.000000 0.090909
v -0.148053 0.000000 0.088733
v -0.153324 0.000000 0.094206
v -0.152578 0.000000 0.089534
v -0.170506 0.000000 0.091545
v -0.311110 0.000000 0.005676
v -0.310793 0.000000 0.008580
v -0.314420 0.000000 0.014135
v -0.309622 0.000000 0.015023
v -0.312620 0.000000 0.021074
v -0.307795 0.000000 0.021450
v -0.311557 0.000000 0.024223
v -0.308329 0.000000 0.031828
v -0.058877 0.000000 -0.029089
v -0.062267 0.000000 -0.035513
v -0.060878 0.000000 -0.041573
v -0.064056 0.000000 -0.038411
v -0.066641 0.000000 -0.049300
v -0.068888 0.000000 -0.045139
v -0.073431 0.000000 -0.056695
v -0.074594 0.000000 -0.051678
v -0.075479 0.000000 -0.058665
v -0.081239 0.000000 -0.058017
v -0.084090 0.000000 -0.065953
v -0.083656 0.000000 -0.060064
v -0.095009 0.000000 -0.073431
v -0.220244 0.000000 -0.092352
v -0.217420 0.000000 -0.092938
v -0.195896 0.000000 -0.091350
v -0.199987 0.000000 -0.095519
v -0.177968 0.000000 -0.091853
v -0.182083 0.000000 -0.096413
v -0.172115 0.000000 -0.091637
v -0.163848 0.000000 -0.095542
v -0.155348 0.000000 -0.089965
v -0.159834 0.000000 -0.095106
v -0.139501 0.000000 -0.086876
v -0.142477 0.000000 -0.092160
v -0.124637 0.000000 -0.082497
v -0.125879 0.000000 -0.087601
v -0.114003 0.000000 -0.078350
v -0.092632 0.000000 -0.066734
v -0.102730 0.000000 -0.072851
v -0.107167 0.000000 -0.080051
v -0.110157 0.000000 -0.081453
v -0.293676 0.000000 0.053062
v -0.288403 0.000000 0.052306
v -0.285705 0.000000 0.060862
v -0.281078 0.000000 0.059121
v -0.276577 0.000000 0.068133
v -0.272711 0.000000 0.065543
v -0.274152 0.000000 0.069833
v -0.262960 0.000000 0.076693
v -0.305275 0.000000 0.027888
v -0.303823 0.000000 0.030948
v -0.304239 0.000000 0.039220
v -0.300070 0.000000 0.037591
v -0.299787 0.000000 0.045721
v -0.295519 0.000000 0.044110
v -0.290110 0.000000 0.050507
v -0.170361 0.000000 0.096060
v -0.176605 0.000000 0.096340
v -0.188417 0.000000 0.091774
v -0.194787 0.000000 0.095958
v -0.205152 0.000000 0.090394
v -0.212790 0.000000 0.093794
v -0.220775 0.000000 0.087652
v -0.230456 0.000000 0.089821
v -0.235299 0.000000 0.083722
v -0.234376 0.000000 0.088668
v -0.248713 0.000000 0.078732
v -0.249245 0.000000 0.083291
v -0.261009 0.000000 0.072777
v -0.263236 0.000000 0.071531
v -0.292127 0.007700 -0.041930
v -0.290520 0.007700 -0.043938
v -0.071476 0.007700 -0.041930
v -0.073082 0.007700 -0.043938
v -0.242561 0.006600 0.076898
v -0.242561 0.006600 -0.076898
v -0.148408 0.005500 0.084710
v -0.150417 0.005500 0.085086
v -0.148408 0.005500 -0.084710
v -0.150417 0.005500 -0.085086
v -0.085403 0.004400 -0.056293
v -0.125956 0.004400 -0.078703
v -0.120836 0.004400 -0.076818
v -0.120836 0.008800 -0.076818
v -0.067947 0.004400 0.037019
v -0.069076 0.004400 0.038676
v -0.069076 0.008800 0.038676
v -0.304057 0.008800 -0.019960
v -0.304388 0.008800 -0.018939
v -0.307330 0.007700 0.001004
v -0.307330 0.008800 0.001004
v -0.307324 0.008800 0.001342
v -0.059545 0.007700 0.019960
v -0.059545 0.008800 0.019960
v -0.058798 0.008800 0.017568
v -0.056264 0.007700 0.000000
v -0.056272 0.007700 -0.001004
v -0.056576 0.004400 -0.006196
v -0.056272 0.008800 -0.001004
v -0.056554 0.008800 -0.005969
v -0.056631 0.004400 -0.006717
v -0.056264 0.004400 -0.000095
v -0.056264 0.004400 0.000000
v -0.056272 0.007700 0.001004
v -0.056554 0.004400 0.005969
v -0.058798 0.004400 0.017568
v -0.060693 0.004400 0.023138
v -0.060250 0.007700 0.021969
v -0.061230 0.004400 0.024472
v -0.060250 0.008800 0.021969
v -0.073082 0.008800 0.043938
v -0.073082 0.007700 0.043938
v -0.074814 0.004400 0.045974
v -0.071476 0.008800 0.041930
v -0.071476 0.007700 0.041930
v -0.072948 0.004400 0.043775
v -0.101924 0.004400 0.067793
v -0.098766 0.007700 0.065907
v -0.093052 0.004400 0.062151
v -0.095621 0.007700 0.063899
v -0.090999 0.008800 0.060681
v -0.090999 0.004400 0.060681
v -0.094873 0.008800 0.063400
v -0.095621 0.008800 0.063899
v -0.259917 0.008800 0.068791
v -0.259082 0.004400 0.069252
v -0.261241 0.004400 0.068044
v -0.264836 0.008800 0.065907
v -0.276410 0.008800 0.057761
v -0.270185 0.008800 0.062406
v -0.267981 0.008800 0.063899
v -0.267981 0.007700 0.063899
v -0.270412 0.004400 0.062248
v -0.276410 0.004400 0.057761
v -0.272342 0.008800 0.060872
v -0.266298 0.004400 0.064991
v -0.266298 0.007700 0.064991
v -0.264836 0.007700 0.065907
v -0.291249 0.007700 0.043042
v -0.290520 0.007700 0.043938
v -0.287162 0.004400 0.047779
v -0.296455 0.004400 0.035791
v -0.292127 0.007700 0.041930
v -0.292334 0.004400 0.041661
v -0.291249 0.004400 0.043042
v -0.303452 0.007700 0.021696
v -0.303352 0.007700 0.021969
v -0.301608 0.004400 0.026248
v -0.305537 0.004400 0.014836
v -0.304057 0.007700 0.019960
v -0.303988 0.004400 0.020168
v -0.303452 0.004400 0.021696
v -0.287469 0.008800 -0.047445
v -0.290520 0.008800 -0.043938
v -0.292127 0.008800 -0.041930
v -0.292334 0.008800 -0.041661
v -0.261241 0.008800 -0.068044
v -0.264836 0.008800 -0.065907
v -0.264836 0.007700 -0.065907
v -0.259917 0.004400 -0.068791
v -0.259240 0.004400 -0.069165
v -0.259240 0.008800 -0.069165
v -0.270185 0.004400 -0.062406
v -0.267981 0.007700 -0.063899
v -0.270583 0.004400 -0.062129
v -0.267981 0.008800 -0.063899
v -0.095121 0.008800 -0.063566
v -0.095621 0.008800 -0.063899
v -0.095621 0.007700 -0.063899
v -0.104653 0.004400 -0.069324
v -0.098766 0.007700 -0.065907
v -0.098766 0.008800 -0.065907
v -0.077496 0.004400 -0.048901
v -0.072036 0.004400 -0.042644
v -0.071208 0.004400 -0.041582
v -0.058563 0.008800 -0.016743
v -0.059545 0.008800 -0.019960
v -0.060250 0.008800 -0.021969
v -0.062460 0.004400 -0.027268
v -0.060004 0.004400 -0.021292
v -0.059664 0.004400 -0.020315
v -0.058150 0.004400 -0.015177
v -0.057749 0.008800 -0.013476
v -0.204636 0.008800 -0.086410
v -0.212466 0.008800 -0.085214
v -0.195586 0.004400 -0.087345
v -0.212466 0.004400 -0.085214
v -0.212888 0.004400 -0.085139
v -0.229779 0.004400 -0.081205
v -0.058563 0.004400 0.016743
v -0.058150 0.008800 0.015177
v -0.057513 0.008800 0.012367
v -0.057209 0.004400 0.010765
v -0.057209 0.008800 0.010765
v -0.057118 0.004400 0.010234
v -0.056576 0.008800 0.006196
v -0.056272 0.008800 0.001004
v -0.067430 0.008800 0.036230
v -0.065729 0.008800 0.033475
v -0.064608 0.004400 0.031504
v -0.064608 0.008800 0.031504
v -0.063822 0.004400 0.030032
v -0.062515 0.008800 0.027385
v -0.061230 0.008800 0.024472
v -0.084010 0.004400 0.055102
v -0.083880 0.008800 0.054990
v -0.082041 0.004400 0.053346
v -0.082041 0.008800 0.053346
v -0.077033 0.004400 0.048413
v -0.077496 0.008800 0.048901
v -0.074814 0.008800 0.045974
v -0.086208 0.008800 0.056961
v -0.104653 0.008800 0.069324
v -0.101924 0.008800 0.067793
v -0.098766 0.008800 0.065907
v -0.114992 0.004400 0.074399
v -0.114992 0.008800 0.074399
v -0.105780 0.004400 0.069932
v -0.103290 0.004400 0.068570
v -0.118143 0.004400 0.075740
v -0.130244 0.004400 0.080123
v -0.119032 0.005500 0.076103
v -0.115603 0.008800 0.074666
v -0.119032 0.006600 0.076103
v -0.125956 0.008800 0.078703
v -0.130244 0.008800 0.080123
v -0.132982 0.004400 0.080959
v -0.140454 0.008800 0.082973
v -0.147487 0.004400 0.084530
v -0.147487 0.008800 0.084530
v -0.153226 0.004400 0.085570
v -0.148806 0.004400 0.084787
v -0.150417 0.006600 0.085086
v -0.155933 0.008800 0.085990
v -0.148408 0.006600 0.084710
v -0.166232 0.008800 0.087198
v -0.166232 0.004400 0.087198
v -0.172327 0.008800 0.087626
v -0.181801 0.006600 0.087876
v -0.181801 0.005500 0.087876
v -0.185712 0.004400 0.087834
v -0.179793 0.005500 0.087865
v -0.170754 0.004400 0.087535
v -0.179793 0.006600 0.087865
v -0.178052 0.008800 0.087837
v -0.185712 0.008800 0.087834
v -0.195586 0.008800 0.087345
v -0.188272 0.004400 0.087759
v -0.205005 0.008800 0.086362
v -0.204636 0.004400 0.086410
v -0.205005 0.004400 0.086362
v -0.234073 0.004400 0.079896
v -0.239714 0.004400 0.077967
v -0.239714 0.008800 0.077967
v -0.223227 0.008800 0.082954
v -0.212888 0.008800 0.085139
v -0.219901 0.004400 0.083732
v -0.223227 0.004400 0.082954
v -0.229779 0.008800 0.081205
v -0.233184 0.008800 0.080178
v -0.254101 0.004400 0.071839
v -0.254101 0.008800 0.071839
v -0.247136 0.004400 0.075037
v -0.247142 0.008800 0.075035
v -0.290520 0.008800 0.043938
v -0.287791 0.008800 0.047092
v -0.285525 0.004400 0.049503
v -0.284645 0.008800 0.050394
v -0.284645 0.004400 0.050394
v -0.278484 0.004400 0.056052
v -0.280617 0.008800 0.054199
v -0.292127 0.008800 0.041930
v -0.293240 0.008800 0.040461
v -0.296455 0.008800 0.035791
v -0.296670 0.004400 0.035450
v -0.297126 0.008800 0.034718
v -0.300233 0.004400 0.029145
v -0.300467 0.008800 0.028675
v -0.300467 0.004400 0.028675
v -0.300746 0.008800 0.028102
v -0.303352 0.008800 0.021969
v -0.304057 0.008800 0.019960
v -0.304445 0.008800 0.018757
v -0.305537 0.008800 0.014836
v -0.305709 0.004400 0.014113
v -0.306047 0.008800 0.012573
v -0.306810 0.004400 0.008057
v -0.307104 0.004400 -0.005372
v -0.307330 0.007700 -0.001004
v -0.307339 0.004400 0.000000
v -0.307324 0.004400 0.001342
v -0.307108 0.004400 0.005329
v -0.307012 0.008800 0.006333
v -0.306809 0.008800 0.008064
v -0.307330 0.008800 -0.001004
v -0.307108 0.008800 -0.005329
v -0.307104 0.008800 -0.005372
v -0.307012 0.004400 -0.006333
v -0.306810 0.008800 -0.008057
v -0.306139 0.004400 -0.012119
v -0.306139 0.008800 -0.012119
v -0.306047 0.004400 -0.012573
v -0.305709 0.008800 -0.014113
v -0.304445 0.004400 -0.018757
v -0.304388 0.004400 -0.018939
v -0.303588 0.004400 -0.021321
v -0.301777 0.004400 -0.025867
v -0.303352 0.008800 -0.021969
v -0.300746 0.004400 -0.028102
v -0.301608 0.008800 -0.026248
v -0.301777 0.008800 -0.025867
v -0.293487 0.004400 -0.040127
v -0.293487 0.008800 -0.040127
v -0.297126 0.004400 -0.034718
v -0.296670 0.008800 -0.035450
v -0.298193 0.004400 -0.032927
v -0.298193 0.008800 -0.032927
v -0.300233 0.008800 -0.029145
v -0.279916 0.008800 -0.054820
v -0.285525 0.008800 -0.049503
v -0.287469 0.004400 -0.047445
v -0.287162 0.008800 -0.047779
v -0.287791 0.004400 -0.047092
v -0.293240 0.004400 -0.040461
v -0.270412 0.008800 -0.062248
v -0.270583 0.008800 -0.062129
v -0.272342 0.004400 -0.060872
v -0.279916 0.004400 -0.054820
v -0.280617 0.004400 -0.054199
v -0.278484 0.008800 -0.056052
v -0.245732 0.004400 -0.075628
v -0.245732 0.008800 -0.075628
v -0.247142 0.004400 -0.075035
v -0.247136 0.008800 -0.075037
v -0.259082 0.008800 -0.069252
v -0.233184 0.004400 -0.080178
v -0.230058 0.004400 -0.081124
v -0.230058 0.008800 -0.081124
v -0.219901 0.008800 -0.083732
v -0.234073 0.008800 -0.079896
v -0.179793 0.006600 -0.087865
v -0.179793 0.005500 -0.087865
v -0.178052 0.004400 -0.087837
v -0.181801 0.005500 -0.087876
v -0.193504 0.004400 -0.087494
v -0.181801 0.006600 -0.087876
v -0.173986 0.008800 -0.087706
v -0.188272 0.008800 -0.087759
v -0.193504 0.008800 -0.087494
v -0.173986 0.004400 -0.087706
v -0.170754 0.008800 -0.087535
v -0.172327 0.004400 -0.087626
v -0.155933 0.004400 -0.085990
v -0.154842 0.008800 -0.085826
v -0.154842 0.004400 -0.085826
v -0.153226 0.008800 -0.085570
v -0.150417 0.006600 -0.085086
v -0.148806 0.008800 -0.084787
v -0.148408 0.006600 -0.084710
v -0.136923 0.008800 -0.082069
v -0.136923 0.004400 -0.082069
v -0.132982 0.008800 -0.080959
v -0.140454 0.004400 -0.082973
v -0.103290 0.008800 -0.068570
v -0.105780 0.008800 -0.069932
v -0.106888 0.004400 -0.070515
v -0.106888 0.008800 -0.070515
v -0.115603 0.004400 -0.074666
v -0.119032 0.005500 -0.076103
v -0.119032 0.006600 -0.076103
v -0.118143 0.008800 -0.075740
v -0.086208 0.004400 -0.056961
v -0.094873 0.004400 -0.063400
v -0.095121 0.004400 -0.063566
v -0.093052 0.008800 -0.062151
v -0.085403 0.008800 -0.056293
v -0.073082 0.008800 -0.043938
v -0.077033 0.008800 -0.048413
v -0.077513 0.004400 -0.048919
v -0.077513 0.008800 -0.048919
v -0.083880 0.004400 -0.054990
v -0.084010 0.008800 -0.055102
v -0.071476 0.008800 -0.041930
v -0.071208 0.008800 -0.041582
v -0.067947 0.008800 -0.037019
v -0.067430 0.004400 -0.036230
v -0.066256 0.008800 -0.034356
v -0.066256 0.004400 -0.034356
v -0.065729 0.004400 -0.033475
v -0.063822 0.008800 -0.030032
v -0.062515 0.004400 -0.027385
v -0.062460 0.008800 -0.027268
v -0.060693 0.008800 -0.023138
v -0.057749 0.004400 -0.013476
v -0.057513 0.004400 -0.012367
v -0.057118 0.008800 -0.010234
v -0.056631 0.008800 -0.006717
v 0.320349 0.013200 0.006277
v 0.320349 0.005500 0.006277
v -0.043883 0.008800 0.005022
v -0.043883 0.004400 0.005022
v 0.169704 0.008800 0.005022
v 0.169704 0.004400 0.005022
v -0.170114 0.008800 -0.100070
v -0.165922 0.008800 -0.099764
v -0.165922 0.004400 -0.099764
v -0.054246 0.008800 -0.038477
v -0.053680 0.008800 -0.037468
v -0.053680 0.004400 -0.037468
v -0.053023 0.004400 -0.036257
v -0.049331 0.004400 -0.028361
v -0.049682 0.004400 -0.029215
v -0.049682 0.008800 -0.029215
v -0.043883 0.008800 -0.005021
v -0.043883 0.004400 -0.005021
v -0.043994 0.008800 -0.006443
v -0.044179 0.004400 -0.008269
v -0.044874 0.008800 -0.013015
v -0.044874 0.004400 -0.013015
v -0.044884 0.004400 -0.013068
v -0.046783 0.004400 -0.021070
v -0.047777 0.008800 -0.024194
v -0.046783 0.008800 -0.021070
v -0.046704 0.004400 -0.020800
v -0.045698 0.008800 -0.016979
v -0.044991 0.008800 -0.013650
v -0.050612 0.008800 -0.031354
v -0.056164 0.008800 -0.041680
v -0.057535 0.004400 -0.043801
v -0.058924 0.008800 -0.045827
v -0.058924 0.004400 -0.045827
v -0.061346 0.008800 -0.049110
v -0.063549 0.004400 -0.051864
v -0.065598 0.008800 -0.054259
v -0.065598 0.004400 -0.054259
v -0.067461 0.008800 -0.056314
v -0.070608 0.004400 -0.059554
v -0.073913 0.008800 -0.062686
v -0.084094 0.008800 -0.070969
v -0.077425 0.008800 -0.065756
v -0.073913 0.004400 -0.062686
v -0.072733 0.004400 -0.061597
v -0.074573 0.008800 -0.063282
v -0.081647 0.004400 -0.069142
v -0.084094 0.004400 -0.070969
v -0.086983 0.008800 -0.073013
v -0.096342 0.008800 -0.078888
v -0.092913 0.004400 -0.076858
v -0.096342 0.004400 -0.078888
v -0.097695 0.008800 -0.079653
v -0.109614 0.008800 -0.085615
v -0.105421 0.004400 -0.083669
v -0.108491 0.004400 -0.085109
v -0.110785 0.008800 -0.086132
v -0.110785 0.004400 -0.086132
v -0.120729 0.008800 -0.090074
v -0.124617 0.004400 -0.091414
v -0.127403 0.008800 -0.092309
v -0.127403 0.004400 -0.092309
v -0.136223 0.008800 -0.094802
v -0.141609 0.004400 -0.096082
v -0.145952 0.008800 -0.096987
v -0.145952 0.004400 -0.096987
v -0.152701 0.008800 -0.098175
v -0.159356 0.004400 -0.099094
v -0.163458 0.004400 -0.099540
v -0.176493 0.008800 -0.100356
v -0.182089 0.004400 -0.100430
v -0.186564 0.008800 -0.100370
v -0.186564 0.004400 -0.100370
v -0.195068 0.008800 -0.099965
v -0.200381 0.004400 -0.099517
v -0.207002 0.008800 -0.098743
v -0.207002 0.004400 -0.098743
v -0.213469 0.008800 -0.097754
v -0.218203 0.004400 -0.096878
v -0.226398 0.008800 -0.095048
v -0.221092 0.004400 -0.096279
v -0.226398 0.004400 -0.095048
v -0.231542 0.008800 -0.093688
v -0.236498 0.004400 -0.092216
v -0.235556 0.008800 -0.092508
v -0.244106 0.008800 -0.089627
v -0.244106 0.004400 -0.089627
v -0.250799 0.008800 -0.086995
v -0.250749 0.004400 -0.087016
v -0.259738 0.008800 -0.082906
v -0.259738 0.004400 -0.082906
v -0.264890 0.008800 -0.080216
v -0.263846 0.004400 -0.080782
v -0.273163 0.008800 -0.075307
v -0.269297 0.004400 -0.077698
v -0.273163 0.004400 -0.075307
v -0.276421 0.008800 -0.073149
v -0.279241 0.004400 -0.071164
v -0.278923 0.008800 -0.071393
v -0.284438 0.008800 -0.067188
v -0.284438 0.004400 -0.067188
v -0.288363 0.008800 -0.063875
v -0.288040 0.004400 -0.064159
v -0.293733 0.008800 -0.058817
v -0.293733 0.004400 -0.058817
v -0.296635 0.008800 -0.055780
v -0.295760 0.004400 -0.056721
v -0.298249 0.004400 -0.053980
v -0.301265 0.008800 -0.050374
v -0.301265 0.004400 -0.050374
v -0.302999 0.008800 -0.048133
v -0.303899 0.004400 -0.046915
v -0.307257 0.008800 -0.041969
v -0.307257 0.004400 -0.041969
v -0.307651 0.008800 -0.041339
v -0.308640 0.004400 -0.039709
v -0.311907 0.008800 -0.033657
v -0.311907 0.004400 -0.033657
v -0.311940 0.008800 -0.033590
v -0.312528 0.004400 -0.032359
v -0.315334 0.008800 -0.025591
v -0.313979 0.004400 -0.029074
v -0.315383 0.008800 -0.025454
v -0.315383 0.004400 -0.025454
v -0.316454 0.008800 -0.022273
v -0.316570 0.004400 -0.021896
v -0.317815 0.008800 -0.017354
v -0.317815 0.004400 -0.017354
v -0.318354 0.008800 -0.014949
v -0.318396 0.004400 -0.014746
v -0.319295 0.008800 -0.009332
v -0.319295 0.004400 -0.009332
v -0.319503 0.008800 -0.007536
v -0.319497 0.004400 -0.007599
v -0.319880 0.008800 -0.001354
v -0.319880 0.004400 -0.001354
v -0.319892 0.008800 0.000000
v -0.319892 0.004400 0.000000
v -0.319592 0.008800 0.006617
v -0.319592 0.004400 0.006617
v -0.319497 0.008800 0.007599
v -0.319503 0.004400 0.007536
v -0.318421 0.008800 0.014620
v -0.318421 0.004400 0.014620
v -0.318396 0.008800 0.014746
v -0.318354 0.004400 0.014949
v -0.316570 0.008800 0.021896
v -0.316454 0.004400 0.022273
v -0.316322 0.008800 0.022691
v -0.316322 0.004400 0.022691
v -0.315334 0.004400 0.025591
v -0.313979 0.008800 0.029074
v -0.313213 0.004400 0.030856
v -0.313213 0.008800 0.030856
v -0.312528 0.008800 0.032359
v -0.311940 0.004400 0.033590
v -0.308979 0.008800 0.039131
v -0.308979 0.004400 0.039131
v -0.308640 0.008800 0.039709
v -0.307651 0.004400 0.041339
v -0.303899 0.008800 0.046915
v -0.303464 0.004400 0.047509
v -0.303464 0.008800 0.047509
v -0.302999 0.004400 0.048133
v -0.298249 0.008800 0.053980
v -0.296635 0.004400 0.055780
v -0.296480 0.008800 0.055948
v -0.296480 0.004400 0.055948
v -0.295760 0.008800 0.056721
v -0.288363 0.004400 0.063875
v -0.288040 0.008800 0.064159
v -0.287809 0.008800 0.064360
v -0.287809 0.004400 0.064360
v -0.279241 0.008800 0.071164
v -0.278923 0.004400 0.071393
v -0.277230 0.008800 0.072591
v -0.277230 0.004400 0.072591
v -0.276421 0.004400 0.073149
v -0.269297 0.008800 0.077698
v -0.264890 0.004400 0.080216
v -0.264550 0.008800 0.080402
v -0.264550 0.004400 0.080402
v -0.263846 0.008800 0.080782
v -0.250799 0.004400 0.086995
v -0.250749 0.008800 0.087016
v -0.249664 0.008800 0.087466
v -0.249664 0.004400 0.087466
v -0.236498 0.008800 0.092216
v -0.235556 0.004400 0.092508
v -0.232632 0.008800 0.093379
v -0.232632 0.004400 0.093379
v -0.231542 0.004400 0.093688
v -0.221092 0.008800 0.096279
v -0.213749 0.004400 0.097705
v -0.218203 0.008800 0.096878
v -0.213749 0.008800 0.097705
v -0.213469 0.004400 0.097754
v -0.200381 0.008800 0.099517
v -0.195068 0.004400 0.099965
v -0.193578 0.008800 0.100064
v -0.193578 0.004400 0.100064
v -0.182089 0.008800 0.100430
v -0.176493 0.004400 0.100356
v -0.172906 0.008800 0.100221
v -0.172906 0.004400 0.100221
v -0.163458 0.008800 0.099540
v -0.170114 0.004400 0.100070
v -0.159356 0.008800 0.099095
v -0.152701 0.004400 0.098175
v -0.152614 0.008800 0.098161
v -0.152614 0.004400 0.098161
v -0.141609 0.008800 0.096082
v -0.136223 0.004400 0.094802
v -0.133511 0.008800 0.094089
v -0.133511 0.004400 0.094089
v -0.124617 0.008800 0.091414
v -0.120729 0.004400 0.090074
v -0.116196 0.008800 0.088372
v -0.116196 0.004400 0.088372
v -0.108491 0.008800 0.085109
v -0.109614 0.004400 0.085615
v -0.105421 0.008800 0.083669
v -0.101002 0.008800 0.081444
v -0.101002 0.004400 0.081444
v -0.092913 0.008800 0.076858
v -0.097695 0.004400 0.079653
v -0.088016 0.008800 0.073715
v -0.088016 0.004400 0.073715
v -0.086983 0.004400 0.073013
v -0.081647 0.008800 0.069142
v -0.077425 0.004400 0.065756
v -0.077153 0.008800 0.065527
v -0.077153 0.004400 0.065527
v -0.072733 0.008800 0.061597
v -0.074573 0.004400 0.063282
v -0.070608 0.008800 0.059554
v -0.068229 0.004400 0.057129
v -0.068229 0.008800 0.057129
v -0.067461 0.004400 0.056314
v -0.063549 0.008800 0.051864
v -0.061346 0.004400 0.049110
v -0.061022 0.008800 0.048687
v -0.061022 0.004400 0.048687
v -0.057535 0.008800 0.043801
v -0.056164 0.004400 0.041680
v -0.055314 0.008800 0.040298
v -0.055314 0.004400 0.040298
v -0.054246 0.004400 0.038477
v -0.053023 0.008800 0.036257
v -0.050911 0.008800 0.032007
v -0.050911 0.004400 0.032007
v -0.050612 0.004400 0.031354
v -0.049331 0.008800 0.028361
v -0.047652 0.008800 0.023827
v -0.047777 0.004400 0.024194
v -0.047652 0.004400 0.023827
v -0.046704 0.008800 0.020800
v -0.045417 0.008800 0.015744
v -0.045698 0.004400 0.016979
v -0.045417 0.004400 0.015744
v -0.044884 0.008800 0.013068
v -0.044991 0.004400 0.013650
v -0.044179 0.008800 0.008269
v -0.043994 0.004400 0.006443
v -0.044120 0.004400 0.007734
v 0.169704 0.008800 -0.005021
v 0.169704 0.004400 -0.005021
v 0.315327 0.004925 0.011271
v 0.315327 0.004276 0.011172
v 0.316371 0.004303 0.011065
v 0.315327 0.003800 0.011053
v 0.315327 0.003114 0.010801
v 0.316371 0.003166 0.010702
v 0.315327 0.002750 0.010626
v 0.315327 0.002071 0.010203
v 0.316371 0.002146 0.010117
v 0.315327 0.001820 0.010009
v 0.315327 0.001200 0.009408
v 0.316371 0.001294 0.009339
v 0.315327 0.001050 0.009228
v 0.315327 0.000545 0.008456
v 0.316371 0.000653 0.008408
v 0.315327 0.000476 0.008319
v 0.315327 0.000138 0.007394
v 0.316371 0.000255 0.007370
v 0.315327 0.000120 0.007321
v 0.316371 0.000120 0.006277
v 0.317370 0.000601 0.007298
v 0.317370 0.000476 0.006277
v 0.318279 0.001162 0.007181
v 0.318279 0.001050 0.006277
v 0.319059 0.001912 0.007025
v 0.319059 0.001820 0.006277
v 0.319676 0.002819 0.006836
v 0.319676 0.002750 0.006277
v 0.320103 0.003843 0.006622
v 0.320103 0.003800 0.006277
v 0.320321 0.004940 0.006394
v 0.320321 0.004925 0.006277
v 0.317370 0.000973 0.008267
v 0.318279 0.001491 0.008040
v 0.319059 0.002184 0.007735
v 0.319676 0.003022 0.007366
v 0.320103 0.003969 0.006950
v 0.320321 0.004982 0.006505
v 0.317370 0.001572 0.009137
v 0.318279 0.002021 0.008810
v 0.319059 0.002623 0.008372
v 0.319676 0.003350 0.007842
v 0.320103 0.004171 0.007244
v 0.320321 0.005051 0.006604
v 0.317370 0.002367 0.009863
v 0.318279 0.002726 0.009453
v 0.319059 0.003205 0.008904
v 0.319676 0.003785 0.008240
v 0.320103 0.004440 0.007490
v 0.320321 0.005142 0.006687
v 0.317370 0.003320 0.010410
v 0.318279 0.003569 0.009937
v 0.319059 0.003903 0.009304
v 0.319676 0.004307 0.008539
v 0.320103 0.004763 0.007675
v 0.320321 0.005251 0.006750
v 0.317370 0.004382 0.010749
v 0.318279 0.004510 0.010238
v 0.319059 0.004681 0.009553
v 0.319676 0.004888 0.008725
v 0.320103 0.005122 0.007790
v 0.320321 0.005372 0.006789
v 0.315327 0.005500 0.011298
v 0.316371 0.005500 0.011189
v 0.317370 0.005500 0.010864
v 0.318279 0.005500 0.010339
v 0.319059 0.005500 0.009637
v 0.319676 0.005500 0.008788
v 0.320103 0.005500 0.007829
v 0.320321 0.005500 0.006802
v 0.169731 0.000030 0.006802
v 0.171365 0.001820 0.010009
v 0.170994 0.001413 0.009637
v 0.170663 0.001050 0.009228
v 0.170377 0.000737 0.008788
v 0.170138 0.000476 0.008319
v 0.169950 0.000269 0.007829
v 0.169814 0.000120 0.007321
v 0.171774 0.002267 0.010339
v 0.172215 0.002750 0.010626
v 0.172683 0.003263 0.010864
v 0.173174 0.003800 0.011053
v 0.173681 0.004356 0.011189
v 0.174201 0.004925 0.011271
v 0.174725 0.005500 0.011298
v -0.303988 0.008800 -0.020168
v 0.320321 0.004925 -0.006277
v 0.320223 0.004276 -0.006277
v 0.320103 0.003800 -0.006277
v 0.319852 0.003114 -0.006277
v 0.319676 0.002750 -0.006277
v 0.319253 0.002071 -0.006277
v 0.319059 0.001820 -0.006277
v 0.318458 0.001200 -0.006277
v 0.318279 0.001050 -0.006277
v 0.317506 0.000545 -0.006277
v 0.317370 0.000476 -0.006277
v 0.316445 0.000138 -0.006277
v 0.316371 0.000120 -0.006277
v 0.316371 0.018445 0.007370
v 0.316371 0.018047 0.008408
v 0.316371 0.017406 0.009339
v 0.316371 0.016554 0.010117
v 0.316371 0.015534 0.010702
v 0.316371 0.014397 0.011065
v 0.316371 0.013200 0.011189
v 0.317370 0.014318 0.010749
v 0.317370 0.013200 0.010864
v 0.318279 0.014190 0.010238
v 0.318279 0.013200 0.010339
v 0.319059 0.014019 0.009553
v 0.319059 0.013200 0.009637
v 0.319676 0.013812 0.008725
v 0.319676 0.013200 0.008788
v 0.320103 0.013578 0.007790
v 0.320103 0.013200 0.007829
v 0.320321 0.013328 0.006789
v 0.320321 0.013200 0.006802
v 0.317370 0.015380 0.010410
v 0.318279 0.015131 0.009937
v 0.319059 0.014797 0.009304
v 0.319676 0.014393 0.008539
v 0.320103 0.013937 0.007675
v 0.320321 0.013449 0.006750
v 0.317370 0.016333 0.009863
v 0.318279 0.015974 0.009453
v 0.319059 0.015495 0.008904
v 0.319676 0.014915 0.008240
v 0.320103 0.014260 0.007490
v 0.320321 0.013558 0.006687
v 0.317370 0.017128 0.009137
v 0.318279 0.016679 0.008810
v 0.319059 0.016077 0.008372
v 0.319676 0.015350 0.007842
v 0.320103 0.014529 0.007244
v 0.320321 0.013649 0.006604
v 0.317370 0.017727 0.008267
v 0.318279 0.017209 0.008040
v 0.319059 0.016516 0.007735
v 0.319676 0.015678 0.007366
v 0.320103 0.014731 0.006950
v 0.320321 0.013718 0.006505
v 0.317370 0.018099 0.007298
v 0.318279 0.017538 0.007181
v 0.319059 0.016788 0.007025
v 0.319676 0.015881 0.006836
v 0.320103 0.014857 0.006622
v 0.320321 0.013760 0.006394
v 0.316371 0.018580 0.006277
v 0.317370 0.018225 0.006277
v 0.318279 0.017650 0.006277
v 0.319059 0.016880 0.006277
v 0.319676 0.015950 0.006277
v 0.320103 0.014900 0.006277
v 0.320321 0.013775 0.006277
v -0.072948 0.008800 -0.043775
v 0.315327 0.004925 -0.011271
v 0.174725 0.005500 -0.011298
v 0.174201 0.004925 -0.011271
v 0.173681 0.004356 -0.011189
v 0.315327 0.003800 -0.011053
v 0.173174 0.003800 -0.011053
v 0.172683 0.003263 -0.010864
v 0.315327 0.002750 -0.010626
v 0.172215 0.002750 -0.010626
v 0.171774 0.002267 -0.010339
v 0.315327 0.001820 -0.010009
v 0.171365 0.001820 -0.010009
v 0.170994 0.001413 -0.009637
v 0.315327 0.001050 -0.009228
v 0.170663 0.001050 -0.009228
v 0.170377 0.000737 -0.008788
v 0.315327 0.000476 -0.008319
v 0.170138 0.000476 -0.008319
v 0.169950 0.000269 -0.007829
v 0.315327 0.000120 -0.007321
v 0.169814 0.000120 -0.007321
v 0.169731 0.000030 -0.006802
v 0.169704 0.018700 -0.006277
v 0.169731 0.018670 -0.006802
v 0.169814 0.018580 -0.007321
v 0.169950 0.018431 -0.007829
v 0.170138 0.018225 -0.008319
v 0.170377 0.017963 -0.008788
v 0.170663 0.017650 -0.009228
v 0.172215 0.015950 -0.010626
v 0.171774 0.016433 -0.010339
v 0.171365 0.016880 -0.010009
v 0.170994 0.017287 -0.009637
v 0.174201 0.013775 -0.011271
v 0.173681 0.014344 -0.011189
v 0.173174 0.014900 -0.011053
v 0.172683 0.015437 -0.010864
v 0.174725 0.013200 -0.011298
v -0.303588 0.008800 0.021321
v -0.060004 0.008800 0.021292
v 0.319753 0.003166 -0.007321
v 0.319168 0.002146 -0.007321
v 0.318390 0.001294 -0.007321
v 0.317459 0.000653 -0.007321
v 0.316420 0.000255 -0.007321
v 0.315839 0.005372 -0.011271
v 0.316840 0.005122 -0.011053
v 0.317775 0.004888 -0.010626
v 0.318603 0.004681 -0.010009
v 0.319288 0.004510 -0.009228
v 0.319800 0.004382 -0.008319
v 0.316348 0.000601 -0.008319
v 0.316231 0.001162 -0.009228
v 0.316075 0.001912 -0.010009
v 0.315886 0.002819 -0.010626
v 0.315673 0.003843 -0.011053
v 0.315444 0.004940 -0.011271
v 0.317318 0.000973 -0.008319
v 0.317090 0.001491 -0.009228
v 0.316785 0.002184 -0.010009
v 0.316417 0.003022 -0.010626
v 0.316001 0.003969 -0.011053
v 0.315555 0.004982 -0.011271
v 0.318188 0.001572 -0.008319
v 0.317860 0.002021 -0.009228
v 0.317422 0.002623 -0.010009
v 0.316893 0.003350 -0.010626
v 0.316295 0.004171 -0.011053
v 0.315655 0.005051 -0.011271
v 0.318914 0.002367 -0.008319
v 0.318504 0.002726 -0.009228
v 0.317954 0.003205 -0.010009
v 0.317290 0.003785 -0.010626
v 0.316541 0.004440 -0.011053
v 0.315738 0.005142 -0.011271
v 0.319461 0.003320 -0.008319
v 0.318988 0.003569 -0.009228
v 0.318355 0.003903 -0.010009
v 0.317590 0.004307 -0.010626
v 0.316725 0.004763 -0.011053
v 0.315800 0.005251 -0.011271
v 0.320116 0.004303 -0.007321
v 0.169704 0.012360 0.003366
v 0.169704 0.011386 0.004254
v 0.169704 0.012985 0.002246
v 0.169704 0.000215 -0.002246
v 0.169704 0.011386 -0.004254
v 0.169704 0.012360 -0.003366
v 0.169704 0.003040 0.004825
v 0.169704 0.001814 0.004254
v 0.169704 0.000840 0.003366
v 0.169704 0.000215 0.002246
v 0.169704 0.000840 -0.003366
v 0.169704 0.001814 -0.004254
v 0.169704 0.003040 -0.004825
v 0.169704 0.010160 0.004825
v 0.169704 0.012985 -0.002246
v 0.169704 0.013200 -0.001004
v 0.169704 0.013200 0.001004
v 0.169704 0.010160 -0.004825
v -0.046685 0.000160 0.002077
v -0.047189 0.000042 0.001560
v -0.047714 0.000000 0.001025
v -0.045647 0.000683 0.003155
v -0.046024 0.000443 0.002761
v -0.046437 0.000248 0.002333
v -0.046522 0.000215 0.002245
v -0.046522 0.000215 0.002245
v -0.044895 0.001402 0.003945
v -0.045151 0.001113 0.003675
v -0.045303 0.000965 0.003514
v -0.045446 0.000839 0.003364
v -0.045447 0.000839 0.003364
v -0.044247 0.002510 0.004632
v -0.044474 0.002032 0.004390
v -0.044603 0.001813 0.004254
v -0.044670 0.001709 0.004183
v -0.043911 0.003859 0.004991
v -0.044018 0.003227 0.004876
v -0.044067 0.003039 0.004825
v -0.044131 0.002827 0.004756
v -0.057320 0.003040 -0.012406
v -0.057959 0.003040 -0.015224
v -0.059819 0.003040 -0.021358
v -0.062337 0.003040 -0.027468
v -0.065560 0.003040 -0.033575
v -0.067265 0.003040 -0.036337
v -0.071882 0.003040 -0.042766
v -0.077354 0.003040 -0.049037
v -0.083751 0.003040 -0.055138
v -0.086083 0.003040 -0.057113
v -0.094763 0.003040 -0.063563
v -0.104559 0.003040 -0.069497
v -0.115525 0.003040 -0.074846
v -0.125892 0.003040 -0.078888
v -0.140407 0.003040 -0.083164
v -0.155905 0.003040 -0.086185
v -0.172317 0.003040 -0.087822
v -0.178048 0.003040 -0.088034
v -0.195601 0.003040 -0.087541
v -0.212923 0.003040 -0.085333
v -0.229834 0.003040 -0.081394
v -0.233242 0.003040 -0.080366
v -0.247220 0.003040 -0.075215
v -0.260013 0.003040 -0.068963
v -0.270297 0.003040 -0.062567
v -0.272458 0.003040 -0.061031
v -0.280748 0.003040 -0.054346
v -0.287936 0.003040 -0.047224
v -0.293398 0.003040 -0.040578
v -0.297294 0.003040 -0.034821
v -0.300923 0.003040 -0.028188
v -0.303773 0.003040 -0.021387
v -0.304633 0.003040 -0.018816
v -0.306240 0.003040 -0.012613
v -0.307208 0.003040 -0.006353
v -0.307535 0.003040 0.000000
v -0.307303 0.003040 0.005346
v -0.307005 0.003040 0.008082
v -0.305901 0.003040 0.014158
v -0.304174 0.003040 0.020231
v -0.301787 0.003040 0.026328
v -0.300409 0.003040 0.029233
v -0.296837 0.003040 0.035555
v -0.292490 0.003040 0.041780
v -0.287306 0.003040 0.047912
v -0.285666 0.003040 0.049640
v -0.278611 0.003040 0.056203
v -0.270525 0.003040 0.062409
v -0.261339 0.003040 0.068215
v -0.259176 0.003040 0.069424
v -0.247214 0.003040 0.075218
v -0.234133 0.003040 0.080083
v -0.219943 0.003040 0.083923
v -0.204661 0.003040 0.086605
v -0.188279 0.003040 0.087956
v -0.170742 0.003040 0.087732
v -0.153195 0.003040 0.085764
v -0.148769 0.003040 0.084980
v -0.132926 0.003040 0.081148
v -0.118069 0.003040 0.075922
v -0.105688 0.003040 0.070105
v -0.103194 0.003040 0.068742
v -0.092939 0.003040 0.062312
v -0.083881 0.003040 0.055251
v -0.076890 0.003040 0.048548
v -0.072796 0.003040 0.043900
v -0.067783 0.003040 0.037128
v -0.063648 0.003040 0.030123
v -0.060510 0.003040 0.023209
v -0.058374 0.003040 0.016796
v -0.056924 0.003040 0.010266
v -0.056067 0.003040 -0.000096
v -0.056358 0.003040 0.005988
v -0.056380 0.003040 -0.006215
v -0.055813 0.001814 -0.006273
v -0.055496 0.001814 -0.000097
v -0.055790 0.001814 0.006043
v -0.056361 0.001814 0.010361
v -0.057824 0.001814 0.016948
v -0.059979 0.001814 0.023417
v -0.063141 0.001814 0.030386
v -0.067307 0.001814 0.037444
v -0.072355 0.001814 0.044262
v -0.076475 0.001814 0.048939
v -0.083506 0.001814 0.055681
v -0.092612 0.001814 0.062780
v -0.102915 0.001814 0.069239
v -0.105420 0.001814 0.070609
v -0.117851 0.001814 0.076450
v -0.132764 0.001814 0.081695
v -0.148662 0.001814 0.085540
v -0.153103 0.001814 0.086327
v -0.170707 0.001814 0.088301
v -0.188300 0.001814 0.088526
v -0.204734 0.001814 0.087171
v -0.220067 0.001814 0.084480
v -0.234307 0.001814 0.080627
v -0.247437 0.001814 0.075743
v -0.259450 0.001814 0.069925
v -0.261622 0.001814 0.068710
v -0.270851 0.001814 0.062877
v -0.278980 0.001814 0.056638
v -0.286074 0.001814 0.050038
v -0.287725 0.001814 0.048300
v -0.292943 0.001814 0.042128
v -0.297320 0.001814 0.035859
v -0.300919 0.001814 0.029490
v -0.302308 0.001814 0.026561
v -0.304715 0.001814 0.020413
v -0.306456 0.001814 0.014287
v -0.307571 0.001814 0.008157
v -0.307872 0.001814 0.005395
v -0.308106 0.001814 0.000000
v -0.307775 0.001814 -0.006412
v -0.306798 0.001814 -0.012728
v -0.305178 0.001814 -0.018986
v -0.304310 0.001814 -0.021579
v -0.301437 0.001814 -0.028436
v -0.297780 0.001814 -0.035119
v -0.293857 0.001814 -0.040918
v -0.288359 0.001814 -0.047608
v -0.281128 0.001814 -0.054772
v -0.272794 0.001814 -0.061492
v -0.270622 0.001814 -0.063036
v -0.260290 0.001814 -0.069461
v -0.247444 0.001814 -0.075740
v -0.233413 0.001814 -0.080910
v -0.229992 0.001814 -0.081942
v -0.213023 0.001814 -0.085895
v -0.195645 0.001814 -0.088110
v -0.178036 0.001814 -0.088604
v -0.172286 0.001814 -0.088392
v -0.155822 0.001814 -0.086749
v -0.140272 0.001814 -0.083718
v -0.125704 0.001814 -0.079427
v -0.115298 0.001814 -0.075369
v -0.104286 0.001814 -0.069998
v -0.094445 0.001814 -0.064037
v -0.085720 0.001814 -0.057554
v -0.083376 0.001814 -0.055568
v -0.076942 0.001814 -0.049431
v -0.071434 0.001814 -0.043120
v -0.066785 0.001814 -0.036647
v -0.065068 0.001814 -0.033864
v -0.061820 0.001814 -0.027710
v -0.059282 0.001814 -0.021550
v -0.057406 0.001814 -0.015363
v -0.056761 0.001814 -0.012520
v -0.054928 0.000840 -0.006362
v -0.054608 0.000840 -0.000098
v -0.054905 0.000840 0.006129
v -0.055485 0.000840 0.010507
v -0.056968 0.000840 0.017186
v -0.059151 0.000840 0.023739
v -0.062353 0.000840 0.030795
v -0.066567 0.000840 0.037935
v -0.071668 0.000840 0.044825
v -0.075828 0.000840 0.049549
v -0.082923 0.000840 0.056352
v -0.092102 0.000840 0.063508
v -0.102480 0.000840 0.070014
v -0.105002 0.000840 0.071393
v -0.117513 0.000840 0.077272
v -0.132512 0.000840 0.082547
v -0.148496 0.000840 0.086413
v -0.152959 0.000840 0.087204
v -0.170652 0.000840 0.089188
v -0.188332 0.000840 0.089414
v -0.204848 0.000840 0.088053
v -0.220261 0.000840 0.085348
v -0.234578 0.000840 0.081473
v -0.247786 0.000840 0.076560
v -0.259876 0.000840 0.070705
v -0.262064 0.000840 0.069481
v -0.271360 0.000840 0.063606
v -0.279553 0.000840 0.057317
v -0.286711 0.000840 0.050658
v -0.288377 0.000840 0.048903
v -0.293647 0.000840 0.042670
v -0.298072 0.000840 0.036333
v -0.301713 0.000840 0.029888
v -0.303119 0.000840 0.026924
v -0.305557 0.000840 0.020697
v -0.307322 0.000840 0.014488
v -0.308452 0.000840 0.008272
v -0.308757 0.000840 0.005472
v -0.308995 0.000840 0.000000
v -0.308659 0.000840 -0.006503
v -0.307669 0.000840 -0.012908
v -0.306026 0.000840 -0.019251
v -0.305147 0.000840 -0.021878
v -0.302238 0.000840 -0.028822
v -0.298537 0.000840 -0.035584
v -0.294571 0.000840 -0.041447
v -0.289017 0.000840 -0.048205
v -0.281720 0.000840 -0.055434
v -0.273318 0.000840 -0.062210
v -0.271129 0.000840 -0.063766
v -0.260723 0.000840 -0.070238
v -0.247792 0.000840 -0.076558
v -0.233680 0.000840 -0.081758
v -0.230240 0.000840 -0.082796
v -0.213180 0.000840 -0.086769
v -0.195714 0.000840 -0.088996
v -0.178018 0.000840 -0.089493
v -0.172239 0.000840 -0.089279
v -0.155692 0.000840 -0.087629
v -0.140061 0.000840 -0.084582
v -0.125413 0.000840 -0.080267
v -0.114944 0.000840 -0.076185
v -0.103860 0.000840 -0.070778
v -0.093949 0.000840 -0.064774
v -0.085156 0.000840 -0.058240
v -0.082792 0.000840 -0.056238
v -0.076300 0.000840 -0.050045
v -0.070738 0.000840 -0.043673
v -0.066039 0.000840 -0.037129
v -0.064302 0.000840 -0.034315
v -0.061015 0.000840 -0.028087
v -0.058445 0.000840 -0.021849
v -0.056544 0.000840 -0.015579
v -0.055890 0.000840 -0.012697
v -0.053814 0.000215 -0.006475
v -0.053488 0.000215 -0.000100
v -0.053791 0.000215 0.006238
v -0.054380 0.000215 0.010692
v -0.055888 0.000215 0.017485
v -0.058107 0.000215 0.024146
v -0.061359 0.000215 0.031312
v -0.065634 0.000215 0.038554
v -0.070802 0.000215 0.045536
v -0.075013 0.000215 0.050317
v -0.082188 0.000215 0.057197
v -0.091460 0.000215 0.064426
v -0.101932 0.000215 0.070991
v -0.104475 0.000215 0.072382
v -0.117086 0.000215 0.078307
v -0.132195 0.000215 0.083621
v -0.148286 0.000215 0.087513
v -0.152778 0.000215 0.088309
v -0.170583 0.000215 0.090306
v -0.188372 0.000215 0.090533
v -0.204992 0.000215 0.089163
v -0.220505 0.000215 0.086441
v -0.234920 0.000215 0.082539
v -0.248226 0.000215 0.077590
v -0.260413 0.000215 0.071687
v -0.262620 0.000215 0.070453
v -0.272000 0.000215 0.064524
v -0.280276 0.000215 0.058172
v -0.287513 0.000215 0.051439
v -0.289199 0.000215 0.049664
v -0.294535 0.000215 0.043353
v -0.299019 0.000215 0.036929
v -0.302714 0.000215 0.030391
v -0.304142 0.000215 0.027381
v -0.306618 0.000215 0.021054
v -0.308413 0.000215 0.014742
v -0.309562 0.000215 0.008419
v -0.309873 0.000215 0.005569
v -0.310114 0.000215 0.000000
v -0.309773 0.000215 -0.006618
v -0.308766 0.000215 -0.013134
v -0.307095 0.000215 -0.019585
v -0.306202 0.000215 -0.022255
v -0.303247 0.000215 -0.029308
v -0.299491 0.000215 -0.036171
v -0.295470 0.000215 -0.042114
v -0.289847 0.000215 -0.048957
v -0.282466 0.000215 -0.056270
v -0.273977 0.000215 -0.063115
v -0.271768 0.000215 -0.064686
v -0.261267 0.000215 -0.071216
v -0.248232 0.000215 -0.077588
v -0.234015 0.000215 -0.082827
v -0.230551 0.000215 -0.083872
v -0.213377 0.000215 -0.087872
v -0.195800 0.000215 -0.090112
v -0.177994 0.000215 -0.090612
v -0.172180 0.000215 -0.090398
v -0.155529 0.000215 -0.088737
v -0.139795 0.000215 -0.085670
v -0.125045 0.000215 -0.081324
v -0.114497 0.000215 -0.077212
v -0.103324 0.000215 -0.071761
v -0.093325 0.000215 -0.065704
v -0.084445 0.000215 -0.059105
v -0.082055 0.000215 -0.057081
v -0.075491 0.000215 -0.050820
v -0.069861 0.000215 -0.044368
v -0.065099 0.000215 -0.037737
v -0.063337 0.000215 -0.034883
v -0.060001 0.000215 -0.028563
v -0.057390 0.000215 -0.022225
v -0.055457 0.000215 -0.015851
v -0.054793 0.000215 -0.012920
v -0.056264 0.008800 0.000095
v -0.307339 0.008800 0.000000
v -0.044769 0.001798 0.006374
v -0.044193 0.003032 0.006425
v -0.045667 0.000822 0.006295
v -0.046799 0.000201 0.006195
v -0.047481 0.000009 -0.001261
v -0.046951 0.000088 -0.001804
v -0.045481 0.000811 -0.003328
v -0.045884 0.000525 -0.002907
v -0.046971 0.000203 -0.007952
v -0.046322 0.000296 -0.002452
v -0.046437 0.000248 -0.002333
v -0.046522 0.000215 -0.002245
v -0.046522 0.000215 -0.002245
v -0.044808 0.001514 -0.004037
v -0.045077 0.001190 -0.003752
v -0.045846 0.000823 -0.008080
v -0.045151 0.001113 -0.003675
v -0.045446 0.000840 -0.003365
v -0.044115 0.002875 -0.004773
v -0.044237 0.002535 -0.004643
v -0.044952 0.001798 -0.008181
v -0.044388 0.002198 -0.004482
v -0.044571 0.001865 -0.004288
v -0.044603 0.001813 -0.004254
v -0.043893 0.004068 -0.005010
v -0.043925 0.003741 -0.004976
v -0.044377 0.003031 -0.008247
v -0.044018 0.003227 -0.004876
v -0.044067 0.003039 -0.004825
v -0.045893 0.003026 0.016933
v -0.045188 0.003028 0.013614
v -0.047968 0.003022 0.024129
v -0.050796 0.003021 0.031271
v -0.054421 0.003028 0.038378
v -0.056334 0.003027 0.041573
v -0.061506 0.003022 0.048987
v -0.067609 0.003022 0.056176
v -0.074707 0.003029 0.063134
v -0.077553 0.003027 0.065602
v -0.087098 0.003021 0.072846
v -0.097794 0.003022 0.079477
v -0.109696 0.003023 0.085431
v -0.120797 0.003023 0.089884
v -0.136273 0.003021 0.094606
v -0.152733 0.003021 0.097975
v -0.170127 0.003028 0.099870
v -0.176498 0.003027 0.100155
v -0.195054 0.003020 0.099763
v -0.213434 0.003019 0.097554
v -0.231489 0.003028 0.093495
v -0.235497 0.003028 0.092317
v -0.250720 0.003020 0.086808
v -0.264793 0.003019 0.080038
v -0.276308 0.003029 0.072984
v -0.278806 0.003028 0.071231
v -0.288229 0.003020 0.063723
v -0.296486 0.003020 0.055642
v -0.302837 0.003022 0.048012
v -0.307479 0.003021 0.041233
v -0.311757 0.003020 0.033501
v -0.315145 0.003026 0.025522
v -0.316262 0.003026 0.022213
v -0.318156 0.003021 0.014908
v -0.319301 0.003020 0.007515
v -0.319690 0.003020 -0.000000
v -0.319295 0.003020 -0.007578
v -0.318198 0.003021 -0.014705
v -0.316377 0.003021 -0.021837
v -0.313794 0.003027 -0.028998
v -0.312346 0.003026 -0.032273
v -0.308466 0.003022 -0.039606
v -0.303736 0.003022 -0.046796
v -0.298098 0.003028 -0.053849
v -0.295614 0.003027 -0.056583
v -0.287907 0.003021 -0.064006
v -0.269194 0.003027 -0.077526
v -0.279122 0.003022 -0.071000
v -0.263751 0.003026 -0.080605
v -0.250670 0.003021 -0.086829
v -0.221049 0.003031 -0.096084
v -0.236438 0.003021 -0.092023
v -0.218164 0.003029 -0.096682
v -0.200362 0.003020 -0.099315
v -0.182089 0.003020 -0.100227
v -0.163477 0.003029 -0.099341
v -0.159380 0.003028 -0.098896
v -0.141653 0.003020 -0.095884
v -0.124681 0.003019 -0.091222
v -0.108574 0.003028 -0.084927
v -0.105508 0.003028 -0.083489
v -0.093019 0.003020 -0.076685
v -0.081770 0.003020 -0.068981
v -0.072869 0.003029 -0.061450
v -0.070749 0.003028 -0.059411
v -0.063705 0.003020 -0.051735
v -0.057704 0.003020 -0.043688
v -0.053202 0.003020 -0.036161
v -0.049518 0.003020 -0.028285
v -0.046899 0.003020 -0.020743
v -0.045082 0.003023 -0.013032
v -0.045745 0.001814 0.013508
v -0.046444 0.001814 0.016803
v -0.048503 0.001814 0.023946
v -0.051311 0.001814 0.031038
v -0.054913 0.001814 0.038097
v -0.056814 0.001814 0.041273
v -0.061954 0.001814 0.048642
v -0.068023 0.001814 0.055791
v -0.075085 0.001814 0.062711
v -0.077918 0.001814 0.065168
v -0.087417 0.001814 0.072381
v -0.098069 0.001814 0.078984
v -0.109926 0.001814 0.084914
v -0.120988 0.001814 0.089352
v -0.136412 0.001814 0.094058
v -0.152820 0.001814 0.097417
v -0.170161 0.001814 0.099304
v -0.176515 0.001814 0.099589
v -0.195015 0.001814 0.099200
v -0.213339 0.001814 0.096997
v -0.231335 0.001814 0.092950
v -0.235331 0.001814 0.091775
v -0.250502 0.001814 0.086288
v -0.264521 0.001814 0.079543
v -0.275988 0.001814 0.072516
v -0.278475 0.001814 0.070771
v -0.287856 0.001814 0.063299
v -0.296070 0.001814 0.055261
v -0.302386 0.001814 0.047673
v -0.306999 0.001814 0.040934
v -0.311250 0.001814 0.033253
v -0.314613 0.001814 0.025330
v -0.315721 0.001814 0.022044
v -0.317603 0.001814 0.014794
v -0.318740 0.001814 0.007457
v -0.319125 0.001814 0.000000
v -0.318733 0.001814 -0.007519
v -0.317644 0.001814 -0.014592
v -0.315837 0.001814 -0.021671
v -0.313271 0.001814 -0.028780
v -0.311833 0.001814 -0.032034
v -0.307980 0.001814 -0.039318
v -0.303278 0.001814 -0.046464
v -0.297672 0.001814 -0.053474
v -0.295201 0.001814 -0.056195
v -0.287535 0.001814 -0.063581
v -0.278791 0.001814 -0.070543
v -0.268904 0.001814 -0.077039
v -0.263483 0.001814 -0.080107
v -0.250452 0.001814 -0.086309
v -0.236268 0.001814 -0.091484
v -0.220930 0.001814 -0.095529
v -0.218053 0.001814 -0.096125
v -0.200306 0.001814 -0.098753
v -0.182088 0.001814 -0.099663
v -0.163533 0.001814 -0.098776
v -0.159447 0.001814 -0.098333
v -0.141775 0.001814 -0.095333
v -0.124858 0.001814 -0.090686
v -0.108809 0.001814 -0.084411
v -0.105754 0.001814 -0.082978
v -0.093314 0.001814 -0.076203
v -0.082114 0.001814 -0.068533
v -0.073257 0.001814 -0.061037
v -0.071147 0.001814 -0.059008
v -0.064139 0.001814 -0.051374
v -0.058174 0.001814 -0.043375
v -0.053700 0.001814 -0.035896
v -0.050042 0.001814 -0.028073
v -0.047441 0.001814 -0.020585
v -0.045639 0.001814 -0.012932
v -0.046619 0.000840 0.013344
v -0.047309 0.000840 0.016599
v -0.049344 0.000840 0.023659
v -0.052121 0.000840 0.030672
v -0.055685 0.000840 0.037656
v -0.057567 0.000840 0.040800
v -0.062658 0.000840 0.048099
v -0.068673 0.000840 0.055185
v -0.075678 0.000840 0.062049
v -0.078489 0.000840 0.064488
v -0.087921 0.000840 0.071648
v -0.098503 0.000840 0.078208
v -0.110288 0.000840 0.084103
v -0.121288 0.000840 0.088516
v -0.136631 0.000840 0.093197
v -0.152958 0.000840 0.096539
v -0.170216 0.000840 0.098417
v -0.176539 0.000840 0.098700
v -0.194953 0.000840 0.098314
v -0.213189 0.000840 0.096121
v -0.231094 0.000840 0.092094
v -0.235070 0.000840 0.090926
v -0.250158 0.000840 0.085468
v -0.264094 0.000840 0.078764
v -0.275486 0.000840 0.071782
v -0.277956 0.000840 0.070049
v -0.287268 0.000840 0.062633
v -0.295415 0.000840 0.054659
v -0.301675 0.000840 0.047139
v -0.306244 0.000840 0.040466
v -0.310451 0.000840 0.032864
v -0.313777 0.000840 0.025027
v -0.314873 0.000840 0.021779
v -0.316732 0.000840 0.014613
v -0.317856 0.000840 0.007366
v -0.318236 0.000840 0.000000
v -0.317850 0.000840 -0.007427
v -0.316773 0.000840 -0.014414
v -0.314987 0.000840 -0.021410
v -0.312450 0.000840 -0.028439
v -0.311028 0.000840 -0.031657
v -0.307215 0.000840 -0.038866
v -0.302559 0.000840 -0.045942
v -0.297004 0.000840 -0.052889
v -0.294554 0.000840 -0.055586
v -0.286949 0.000840 -0.062913
v -0.278269 0.000840 -0.069823
v -0.268449 0.000840 -0.076275
v -0.263062 0.000840 -0.079324
v -0.250108 0.000840 -0.085489
v -0.236002 0.000840 -0.090636
v -0.220742 0.000840 -0.094660
v -0.217880 0.000840 -0.095254
v -0.200219 0.000840 -0.097869
v -0.182087 0.000840 -0.098774
v -0.163619 0.000840 -0.097892
v -0.159553 0.000840 -0.097450
v -0.141967 0.000840 -0.094465
v -0.125137 0.000840 -0.089842
v -0.109178 0.000840 -0.083602
v -0.106141 0.000840 -0.082177
v -0.093777 0.000840 -0.075445
v -0.082654 0.000840 -0.067828
v -0.073865 0.000840 -0.060388
v -0.071772 0.000840 -0.058375
v -0.064823 0.000840 -0.050807
v -0.058913 0.000840 -0.042882
v -0.054484 0.000840 -0.035479
v -0.050866 0.000840 -0.027740
v -0.048294 0.000840 -0.020337
v -0.046514 0.000840 -0.012774
v -0.047757 0.000202 0.013129
v -0.048435 0.000202 0.016333
v -0.050454 0.000197 0.023280
v -0.053188 0.000198 0.030190
v -0.056690 0.000202 0.037083
v -0.058546 0.000203 0.040185
v -0.063586 0.000197 0.047383
v -0.069530 0.000198 0.054388
v -0.076449 0.000203 0.061190
v -0.079231 0.000203 0.063603
v -0.088585 0.000197 0.070681
v -0.099074 0.000197 0.077185
v -0.110764 0.000199 0.083037
v -0.121682 0.000198 0.087415
v -0.136920 0.000196 0.092059
v -0.153140 0.000197 0.095380
v -0.170288 0.000202 0.097263
v -0.176571 0.000203 0.097545
v -0.194870 0.000195 0.097139
v -0.212990 0.000195 0.094960
v -0.230782 0.000202 0.090980
v -0.234730 0.000204 0.089824
v -0.249702 0.000195 0.084382
v -0.263529 0.000195 0.077731
v -0.274834 0.000203 0.070829
v -0.277283 0.000204 0.069115
v -0.286488 0.000195 0.061750
v -0.294548 0.000195 0.053863
v -0.300737 0.000197 0.046435
v -0.305248 0.000197 0.039847
v -0.309394 0.000196 0.032348
v -0.312685 0.000201 0.024631
v -0.313769 0.000202 0.021434
v -0.315582 0.000196 0.014375
v -0.316686 0.000196 0.007245
v -0.317060 0.000196 0.000000
v -0.316681 0.000196 -0.007305
v -0.315624 0.000197 -0.014180
v -0.313867 0.000197 -0.021066
v -0.311381 0.000202 -0.027994
v -0.309981 0.000203 -0.031166
v -0.306206 0.000197 -0.038268
v -0.301613 0.000198 -0.045254
v -0.296135 0.000203 -0.052128
v -0.293714 0.000203 -0.054794
v -0.286176 0.000197 -0.062030
v -0.277583 0.000198 -0.068875
v -0.267857 0.000202 -0.075281
v -0.262514 0.000202 -0.078303
v -0.249655 0.000197 -0.084406
v -0.235652 0.000197 -0.089518
v -0.220499 0.000205 -0.093536
v -0.217657 0.000205 -0.094127
v -0.200103 0.000196 -0.096698
v -0.182085 0.000196 -0.097598
v -0.163730 0.000203 -0.096743
v -0.159691 0.000204 -0.096307
v -0.142222 0.000195 -0.093315
v -0.125508 0.000195 -0.088722
v -0.109657 0.000202 -0.082549
v -0.106642 0.000204 -0.081141
v -0.094392 0.000195 -0.074440
v -0.083370 0.000196 -0.066893
v -0.074654 0.000203 -0.059545
v -0.072581 0.000204 -0.057556
v -0.065730 0.000195 -0.050056
v -0.059893 0.000195 -0.042230
v -0.055523 0.000196 -0.034926
v -0.051957 0.000195 -0.027298
v -0.049423 0.000196 -0.020008
v -0.047661 0.000199 -0.012567
v -0.047734 0.013200 -0.001004
v -0.047734 0.013200 0.001004
v -0.056951 0.013200 -0.024597
v -0.054273 0.013200 -0.029700
v -0.060257 0.013200 -0.031884
v -0.057736 0.013200 -0.036486
v -0.064599 0.013200 -0.039241
v -0.059567 0.013200 -0.039546
v -0.069843 0.013200 -0.046323
v -0.064528 0.013200 -0.046658
v -0.074110 0.013200 -0.051169
v -0.070401 0.013200 -0.053576
v -0.081373 0.013200 -0.058134
v -0.261871 0.013200 0.072301
v -0.272475 0.013200 0.065706
v -0.276884 0.013200 0.067911
v -0.274708 0.013200 0.064118
v -0.285393 0.013200 0.061137
v -0.283293 0.013200 0.057195
v -0.292834 0.013200 0.053968
v -0.290767 0.013200 0.049791
v -0.295228 0.013200 0.051332
v -0.296468 0.013200 0.042853
v -0.300649 0.013200 0.044554
v -0.056569 0.013200 0.034369
v -0.053054 0.013200 0.026854
v -0.056221 0.013200 0.022642
v -0.267241 0.013200 0.074247
v -0.261945 0.013200 0.077244
v -0.248719 0.013200 0.078729
v -0.249196 0.013200 0.083311
v -0.234387 0.013200 0.084011
v -0.235296 0.013200 0.088383
v -0.230896 0.013200 0.085064
v -0.213596 0.013200 0.089094
v -0.077254 0.013200 -0.060291
v -0.080008 0.013200 -0.062679
v -0.090749 0.013200 -0.065443
v -0.089258 0.013200 -0.069702
v -0.101324 0.013200 -0.072074
v -0.099654 0.013200 -0.076146
v -0.103892 0.013200 -0.073477
v -0.116614 0.013200 -0.079455
v -0.054253 0.013200 0.016153
v -0.050561 0.013200 0.019677
v -0.053576 0.013200 0.013167
v -0.048837 0.013200 0.012355
v -0.052579 0.013200 0.006599
v -0.048170 0.013200 0.007816
v -0.052246 0.013200 0.000102
v -0.052246 0.013200 0.000000
v -0.052555 0.013200 -0.006358
v -0.047996 0.013200 -0.006090
v -0.053156 0.013200 -0.010897
v -0.048939 0.013200 -0.012906
v -0.054692 0.013200 -0.017817
v -0.049608 0.013200 -0.016057
v -0.051579 0.013200 -0.022897
v -0.111250 0.013200 -0.081946
v -0.122085 0.013200 -0.086293
v -0.131843 0.013200 -0.084812
v -0.137213 0.013200 -0.090909
v -0.148053 0.013200 -0.088733
v -0.153324 0.013200 -0.094206
v -0.152578 0.013200 -0.089534
v -0.170506 0.013200 -0.091545
v -0.305183 0.013200 0.037663
v -0.300549 0.013200 0.036821
v -0.308890 0.013200 0.030656
v -0.304365 0.013200 0.029847
v -0.310270 0.013200 0.027532
v -0.307371 0.013200 0.022672
v -0.312730 0.013200 0.020717
v -0.308280 0.013200 0.019954
v -0.314460 0.013200 0.013942
v -0.309981 0.013200 0.013386
v -0.315501 0.013200 0.007182
v -0.311008 0.013200 0.006745
v -0.315875 0.013200 0.000000
v -0.311356 0.013200 0.000000
v -0.315507 0.013200 -0.007123
v -0.058877 0.013200 0.029089
v -0.062267 0.013200 0.035513
v -0.060878 0.013200 0.041573
v -0.064056 0.013200 0.038411
v -0.066641 0.013200 0.049300
v -0.068888 0.013200 0.045140
v -0.073431 0.013200 0.056695
v -0.074594 0.013200 0.051678
v -0.075479 0.013200 0.058665
v -0.081239 0.013200 0.058017
v -0.084090 0.013200 0.065953
v -0.083656 0.013200 0.060064
v -0.095009 0.013200 0.073431
v -0.311110 0.013200 -0.005676
v -0.310793 0.013200 -0.008580
v -0.314420 0.013200 -0.014135
v -0.309622 0.013200 -0.015023
v -0.312620 0.013200 -0.021074
v -0.307795 0.013200 -0.021450
v -0.311557 0.013200 -0.024223
v -0.308329 0.013200 -0.031828
v -0.220244 0.013200 0.092352
v -0.217420 0.013200 0.092938
v -0.195896 0.013200 0.091350
v -0.199987 0.013200 0.095519
v -0.177968 0.013200 0.091853
v -0.182083 0.013200 0.096413
v -0.172115 0.013200 0.091637
v -0.163848 0.013200 0.095542
v -0.155348 0.013200 0.089965
v -0.159834 0.013200 0.095106
v -0.139501 0.013200 0.086876
v -0.142477 0.013200 0.092160
v -0.124637 0.013200 0.082497
v -0.125879 0.013200 0.087601
v -0.114003 0.013200 0.078350
v -0.092632 0.013200 0.066734
v -0.102730 0.013200 0.072851
v -0.107167 0.013200 0.080051
v -0.110157 0.013200 0.081453
v -0.293676 0.013200 -0.053062
v -0.288403 0.013200 -0.052306
v -0.285705 0.013200 -0.060862
v -0.281078 0.013200 -0.059121
v -0.276577 0.013200 -0.068133
v -0.272711 0.013200 -0.065543
v -0.274152 0.013200 -0.069833
v -0.262960 0.013200 -0.076693
v -0.305275 0.013200 -0.027888
v -0.303823 0.013200 -0.030948
v -0.304239 0.013200 -0.039220
v -0.300070 0.013200 -0.037591
v -0.299787 0.013200 -0.045721
v -0.295519 0.013200 -0.044110
v -0.290110 0.013200 -0.050507
v -0.170361 0.013200 -0.096060
v -0.176605 0.013200 -0.096340
v -0.188417 0.013200 -0.091774
v -0.194787 0.013200 -0.095958
v -0.205152 0.013200 -0.090394
v -0.212790 0.013200 -0.093794
v -0.220775 0.013200 -0.087652
v -0.230456 0.013200 -0.089821
v -0.235299 0.013200 -0.083722
v -0.234376 0.013200 -0.088668
v -0.248713 0.013200 -0.078732
v -0.249245 0.013200 -0.083291
v -0.261009 0.013200 -0.072777
v -0.263236 0.013200 -0.071531
v -0.072036 0.008800 0.042644
v -0.059819 0.010160 0.021358
v -0.057959 0.010160 0.015224
v -0.057320 0.010160 0.012406
v -0.062337 0.010160 0.027468
v -0.065560 0.010160 0.033575
v -0.067265 0.010160 0.036337
v -0.071882 0.010160 0.042766
v -0.077354 0.010160 0.049037
v -0.083751 0.010160 0.055138
v -0.086083 0.010160 0.057113
v -0.094763 0.010160 0.063563
v -0.104559 0.010160 0.069497
v -0.115525 0.010160 0.074846
v -0.125892 0.010160 0.078888
v -0.140407 0.010160 0.083164
v -0.172317 0.010160 0.087822
v -0.155905 0.010160 0.086185
v -0.178048 0.010160 0.088034
v -0.195601 0.010160 0.087541
v -0.229834 0.010160 0.081394
v -0.212923 0.010160 0.085333
v -0.260013 0.010160 0.068963
v -0.247220 0.010160 0.075215
v -0.233242 0.010160 0.080366
v -0.270297 0.010160 0.062567
v -0.287936 0.010160 0.047224
v -0.280748 0.010160 0.054346
v -0.272458 0.010160 0.061031
v -0.293398 0.010160 0.040578
v -0.297294 0.010160 0.034821
v -0.300923 0.010160 0.028188
v -0.303773 0.010160 0.021387
v -0.304633 0.010160 0.018816
v -0.306240 0.010160 0.012613
v -0.307208 0.010160 0.006353
v -0.307535 0.010160 0.000000
v -0.307303 0.010160 -0.005346
v -0.307005 0.010160 -0.008082
v -0.305901 0.010160 -0.014158
v -0.304174 0.010160 -0.020231
v -0.301787 0.010160 -0.026328
v -0.300409 0.010160 -0.029233
v -0.296837 0.010160 -0.035555
v -0.292490 0.010160 -0.041780
v -0.287306 0.010160 -0.047912
v -0.285666 0.010160 -0.049640
v -0.278611 0.010160 -0.056203
v -0.270525 0.010160 -0.062409
v -0.261339 0.010160 -0.068215
v -0.259176 0.010160 -0.069424
v -0.247214 0.010160 -0.075218
v -0.234133 0.010160 -0.080083
v -0.219943 0.010160 -0.083923
v -0.204661 0.010160 -0.086605
v -0.188279 0.010160 -0.087956
v -0.170742 0.010160 -0.087732
v -0.153195 0.010160 -0.085764
v -0.148769 0.010160 -0.084980
v -0.132926 0.010160 -0.081148
v -0.118069 0.010160 -0.075922
v -0.105688 0.010160 -0.070105
v -0.092939 0.010160 -0.062312
v -0.103194 0.010160 -0.068742
v -0.083881 0.010160 -0.055251
v -0.076890 0.010160 -0.048548
v -0.072796 0.010160 -0.043900
v -0.067783 0.010160 -0.037128
v -0.063648 0.010160 -0.030123
v -0.060510 0.010160 -0.023209
v -0.058374 0.010160 -0.016796
v -0.056924 0.010160 -0.010266
v -0.056358 0.010160 -0.005988
v -0.056067 0.010160 0.000096
v -0.056380 0.010160 0.006215
v -0.055813 0.011386 0.006273
v -0.055496 0.011386 0.000097
v -0.055790 0.011386 -0.006043
v -0.056361 0.011386 -0.010360
v -0.057824 0.011386 -0.016948
v -0.059979 0.011386 -0.023417
v -0.063141 0.011386 -0.030386
v -0.067307 0.011386 -0.037444
v -0.072355 0.011386 -0.044262
v -0.076475 0.011386 -0.048939
v -0.083506 0.011386 -0.055681
v -0.092612 0.011386 -0.062780
v -0.102915 0.011386 -0.069239
v -0.105420 0.011386 -0.070609
v -0.117851 0.011386 -0.076450
v -0.132764 0.011386 -0.081695
v -0.148662 0.011386 -0.085540
v -0.153103 0.011386 -0.086327
v -0.170707 0.011386 -0.088301
v -0.188300 0.011386 -0.088526
v -0.204734 0.011386 -0.087171
v -0.220067 0.011386 -0.084480
v -0.234307 0.011386 -0.080627
v -0.247437 0.011386 -0.075743
v -0.259450 0.011386 -0.069925
v -0.261622 0.011386 -0.068710
v -0.270851 0.011386 -0.062877
v -0.278980 0.011386 -0.056638
v -0.286074 0.011386 -0.050038
v -0.287725 0.011386 -0.048300
v -0.292943 0.011386 -0.042128
v -0.297320 0.011386 -0.035859
v -0.300919 0.011386 -0.029490
v -0.302308 0.011386 -0.026561
v -0.304715 0.011386 -0.020413
v -0.306456 0.011386 -0.014287
v -0.307571 0.011386 -0.008157
v -0.307872 0.011386 -0.005395
v -0.308106 0.011386 0.000000
v -0.307775 0.011386 0.006412
v -0.306798 0.011386 0.012728
v -0.305178 0.011386 0.018986
v -0.304310 0.011386 0.021579
v -0.301437 0.011386 0.028436
v -0.297780 0.011386 0.035119
v -0.293857 0.011386 0.040918
v -0.288359 0.011386 0.047608
v -0.281128 0.011386 0.054772
v -0.272794 0.011386 0.061492
v -0.270622 0.011386 0.063036
v -0.260290 0.011386 0.069461
v -0.247444 0.011386 0.075740
v -0.233413 0.011386 0.080910
v -0.229992 0.011386 0.081942
v -0.213023 0.011386 0.085895
v -0.195645 0.011386 0.088110
v -0.178036 0.011386 0.088604
v -0.172286 0.011386 0.088392
v -0.155822 0.011386 0.086749
v -0.140272 0.011386 0.083718
v -0.125704 0.011386 0.079427
v -0.115298 0.011386 0.075369
v -0.104286 0.011386 0.069998
v -0.094445 0.011386 0.064037
v -0.085720 0.011386 0.057554
v -0.083376 0.011386 0.055568
v -0.076942 0.011386 0.049431
v -0.071434 0.011386 0.043120
v -0.066785 0.011386 0.036647
v -0.065068 0.011386 0.033864
v -0.061820 0.011386 0.027710
v -0.059282 0.011386 0.021550
v -0.057406 0.011386 0.015363
v -0.056761 0.011386 0.012520
v -0.054928 0.012360 0.006362
v -0.054608 0.012360 0.000098
v -0.054905 0.012360 -0.006129
v -0.055485 0.012360 -0.010507
v -0.056968 0.012360 -0.017186
v -0.059151 0.012360 -0.023739
v -0.062353 0.012360 -0.030795
v -0.066567 0.012360 -0.037935
v -0.071668 0.012360 -0.044825
v -0.075828 0.012360 -0.049549
v -0.082923 0.012360 -0.056352
v -0.092102 0.012360 -0.063508
v -0.102480 0.012360 -0.070014
v -0.105002 0.012360 -0.071393
v -0.117513 0.012360 -0.077272
v -0.132512 0.012360 -0.082547
v -0.148496 0.012360 -0.086413
v -0.152959 0.012360 -0.087204
v -0.170652 0.012360 -0.089188
v -0.188332 0.012360 -0.089414
v -0.204848 0.012360 -0.088053
v -0.220261 0.012360 -0.085348
v -0.234578 0.012360 -0.081473
v -0.247786 0.012360 -0.076560
v -0.259876 0.012360 -0.070705
v -0.262064 0.012360 -0.069481
v -0.271360 0.012360 -0.063606
v -0.279553 0.012360 -0.057317
v -0.286711 0.012360 -0.050658
v -0.288377 0.012360 -0.048903
v -0.293647 0.012360 -0.042670
v -0.298072 0.012360 -0.036333
v -0.301713 0.012360 -0.029888
v -0.303119 0.012360 -0.026924
v -0.305557 0.012360 -0.020697
v -0.307322 0.012360 -0.014488
v -0.308452 0.012360 -0.008272
v -0.308757 0.012360 -0.005472
v -0.308995 0.012360 0.000000
v -0.308659 0.012360 0.006503
v -0.307669 0.012360 0.012908
v -0.306026 0.012360 0.019251
v -0.305147 0.012360 0.021878
v -0.302238 0.012360 0.028822
v -0.298537 0.012360 0.035584
v -0.294571 0.012360 0.041447
v -0.289017 0.012360 0.048205
v -0.281720 0.012360 0.055434
v -0.273318 0.012360 0.062210
v -0.271129 0.012360 0.063766
v -0.260723 0.012360 0.070238
v -0.247792 0.012360 0.076558
v -0.233680 0.012360 0.081758
v -0.230240 0.012360 0.082796
v -0.213180 0.012360 0.086769
v -0.195714 0.012360 0.088996
v -0.178018 0.012360 0.089493
v -0.172239 0.012360 0.089279
v -0.155692 0.012360 0.087629
v -0.140061 0.012360 0.084582
v -0.125413 0.012360 0.080267
v -0.114944 0.012360 0.076185
v -0.103860 0.012360 0.070778
v -0.093949 0.012360 0.064774
v -0.085156 0.012360 0.058240
v -0.082792 0.012360 0.056238
v -0.076300 0.012360 0.050045
v -0.070738 0.012360 0.043673
v -0.066039 0.012360 0.037129
v -0.064302 0.012360 0.034315
v -0.061015 0.012360 0.028087
v -0.058445 0.012360 0.021849
v -0.056544 0.012360 0.015579
v -0.055890 0.012360 0.012697
v -0.053814 0.012985 0.006475
v -0.053488 0.012985 0.000100
v -0.053791 0.012985 -0.006238
v -0.054380 0.012985 -0.010692
v -0.055888 0.012985 -0.017485
v -0.058107 0.012985 -0.024146
v -0.061359 0.012985 -0.031312
v -0.065634 0.012985 -0.038554
v -0.070802 0.012985 -0.045536
v -0.075013 0.012985 -0.050317
v -0.082188 0.012985 -0.057197
v -0.091460 0.012985 -0.064426
v -0.101932 0.012985 -0.070991
v -0.104475 0.012985 -0.072382
v -0.117086 0.012985 -0.078307
v -0.132195 0.012985 -0.083621
v -0.148286 0.012985 -0.087513
v -0.152778 0.012985 -0.088309
v -0.170583 0.012985 -0.090306
v -0.188372 0.012985 -0.090533
v -0.204992 0.012985 -0.089163
v -0.220505 0.012985 -0.086441
v -0.234920 0.012985 -0.082539
v -0.248226 0.012985 -0.077590
v -0.260413 0.012985 -0.071687
v -0.262620 0.012985 -0.070453
v -0.272000 0.012985 -0.064524
v -0.280276 0.012985 -0.058172
v -0.287513 0.012985 -0.051439
v -0.289199 0.012985 -0.049664
v -0.294535 0.012985 -0.043353
v -0.299019 0.012985 -0.036929
v -0.302714 0.012985 -0.030391
v -0.304142 0.012985 -0.027381
v -0.306618 0.012985 -0.021054
v -0.308413 0.012985 -0.014742
v -0.309562 0.012985 -0.008419
v -0.309873 0.012985 -0.005569
v -0.310114 0.012985 0.000000
v -0.309773 0.012985 0.006618
v -0.308766 0.012985 0.013134
v -0.307095 0.012985 0.019585
v -0.306202 0.012985 0.022255
v -0.303247 0.012985 0.029308
v -0.299491 0.012985 0.036171
v -0.295470 0.012985 0.042114
v -0.289847 0.012985 0.048957
v -0.282466 0.012985 0.056270
v -0.273977 0.012985 0.063115
v -0.271768 0.012985 0.064686
v -0.261267 0.012985 0.071216
v -0.248232 0.012985 0.077588
v -0.234015 0.012985 0.082827
v -0.230551 0.012985 0.083872
v -0.213377 0.012985 0.087872
v -0.195800 0.012985 0.090112
v -0.177994 0.012985 0.090612
v -0.172180 0.012985 0.090398
v -0.155529 0.012985 0.088737
v -0.139795 0.012985 0.085670
v -0.125045 0.012985 0.081324
v -0.114497 0.012985 0.077212
v -0.103324 0.012985 0.071761
v -0.093325 0.012985 0.065704
v -0.084445 0.012985 0.059105
v -0.082055 0.012985 0.057081
v -0.075491 0.012985 0.050820
v -0.069861 0.012985 0.044368
v -0.065099 0.012985 0.037737
v -0.063337 0.012985 0.034883
v -0.060001 0.012985 0.028563
v -0.057390 0.012985 0.022225
v -0.055457 0.012985 0.015851
v -0.054793 0.012985 0.012920
v -0.046522 0.012983 -0.002245
v -0.046685 0.013040 -0.002077
v -0.047189 0.013158 -0.001560
v -0.047714 0.013200 -0.001025
v -0.046522 0.012983 -0.002245
v -0.046437 0.012952 -0.002333
v -0.046024 0.012757 -0.002761
v -0.045647 0.012517 -0.003155
v -0.044895 0.011798 -0.003945
v -0.045151 0.012087 -0.003675
v -0.045303 0.012235 -0.003514
v -0.045446 0.012361 -0.003364
v -0.045447 0.012361 -0.003364
v -0.044247 0.010690 -0.004632
v -0.044474 0.011168 -0.004390
v -0.044603 0.011387 -0.004254
v -0.044670 0.011491 -0.004183
v -0.043911 0.009341 -0.004991
v -0.044018 0.009973 -0.004876
v -0.044067 0.010161 -0.004825
v -0.044131 0.010373 -0.004756
v -0.043893 0.009132 0.005010
v -0.043925 0.009459 0.004976
v -0.044388 0.011002 0.004482
v -0.044237 0.010665 0.004643
v -0.044115 0.010325 0.004773
v -0.044067 0.010161 0.004825
v -0.044018 0.009973 0.004876
v -0.045077 0.012010 0.003752
v -0.044808 0.011686 0.004037
v -0.044603 0.011387 0.004254
v -0.044571 0.011335 0.004288
v -0.046322 0.012904 0.002452
v -0.045884 0.012675 0.002907
v -0.045481 0.012389 0.003328
v -0.045446 0.012360 0.003365
v -0.045151 0.012087 0.003675
v -0.047481 0.013191 0.001261
v -0.046951 0.013112 0.001804
v -0.046522 0.012985 0.002245
v -0.046522 0.012985 0.002245
v -0.046437 0.012952 0.002333
v -0.045667 0.012378 -0.006295
v -0.046971 0.012997 0.007952
v -0.045846 0.012377 0.008080
v -0.044952 0.011402 0.008181
v -0.044377 0.010171 0.008247
v -0.044193 0.010168 -0.006425
v -0.044785 0.011425 -0.006374
v -0.046759 0.012985 -0.006199
v -0.045188 0.010172 -0.013614
v -0.045893 0.010174 -0.016933
v -0.047968 0.010178 -0.024129
v -0.050796 0.010179 -0.031271
v -0.054421 0.010172 -0.038378
v -0.056334 0.010173 -0.041573
v -0.061506 0.010178 -0.048987
v -0.067609 0.010178 -0.056176
v -0.074707 0.010171 -0.063134
v -0.077553 0.010173 -0.065602
v -0.087098 0.010179 -0.072846
v -0.097794 0.010178 -0.079477
v -0.109696 0.010177 -0.085431
v -0.120797 0.010177 -0.089884
v -0.136273 0.010179 -0.094606
v -0.170127 0.010172 -0.099870
v -0.152733 0.010179 -0.097975
v -0.176498 0.010173 -0.100155
v -0.195054 0.010180 -0.099763
v -0.231489 0.010172 -0.093495
v -0.213434 0.010181 -0.097554
v -0.235497 0.010172 -0.092317
v -0.250720 0.010180 -0.086808
v -0.264793 0.010181 -0.080038
v -0.276308 0.010171 -0.072984
v -0.278806 0.010172 -0.071231
v -0.288229 0.010180 -0.063723
v -0.296486 0.010180 -0.055642
v -0.302837 0.010178 -0.048012
v -0.307479 0.010179 -0.041233
v -0.311757 0.010180 -0.033501
v -0.315145 0.010174 -0.025522
v -0.316262 0.010174 -0.022213
v -0.318156 0.010179 -0.014908
v -0.319301 0.010180 -0.007515
v -0.319690 0.010180 0.000000
v -0.319295 0.010180 0.007578
v -0.318198 0.010179 0.014705
v -0.316377 0.010179 0.021837
v -0.313794 0.010173 0.028998
v -0.312346 0.010174 0.032273
v -0.308466 0.010178 0.039606
v -0.303736 0.010178 0.046796
v -0.298098 0.010172 0.053849
v -0.295614 0.010173 0.056583
v -0.287907 0.010179 0.064007
v -0.279122 0.010178 0.071000
v -0.269194 0.010173 0.077526
v -0.263751 0.010174 0.080605
v -0.250670 0.010179 0.086829
v -0.236438 0.010179 0.092023
v -0.221049 0.010169 0.096084
v -0.218164 0.010171 0.096682
v -0.200362 0.010180 0.099315
v -0.182089 0.010180 0.100227
v -0.163477 0.010171 0.099341
v -0.159380 0.010172 0.098896
v -0.141653 0.010180 0.095884
v -0.108574 0.010172 0.084927
v -0.124681 0.010181 0.091222
v -0.105508 0.010172 0.083489
v -0.093019 0.010180 0.076685
v -0.081770 0.010180 0.068981
v -0.072869 0.010171 0.061450
v -0.070749 0.010172 0.059411
v -0.063705 0.010180 0.051735
v -0.057704 0.010180 0.043688
v -0.053202 0.010180 0.036161
v -0.049518 0.010180 0.028285
v -0.046899 0.010180 0.020743
v -0.045082 0.010176 0.013032
v -0.045745 0.011386 -0.013508
v -0.046444 0.011386 -0.016803
v -0.048503 0.011386 -0.023946
v -0.051311 0.011386 -0.031038
v -0.054913 0.011386 -0.038097
v -0.056814 0.011386 -0.041273
v -0.061954 0.011386 -0.048642
v -0.068023 0.011386 -0.055791
v -0.075085 0.011386 -0.062711
v -0.077918 0.011386 -0.065168
v -0.087417 0.011386 -0.072381
v -0.098069 0.011386 -0.078984
v -0.109926 0.011386 -0.084914
v -0.120988 0.011386 -0.089352
v -0.136412 0.011386 -0.094058
v -0.152820 0.011386 -0.097417
v -0.170161 0.011386 -0.099304
v -0.176515 0.011386 -0.099589
v -0.195015 0.011386 -0.099200
v -0.213339 0.011386 -0.096997
v -0.231335 0.011386 -0.092950
v -0.235331 0.011386 -0.091775
v -0.250502 0.011386 -0.086288
v -0.264521 0.011386 -0.079543
v -0.275988 0.011386 -0.072516
v -0.278475 0.011386 -0.070771
v -0.287856 0.011386 -0.063299
v -0.296070 0.011386 -0.055261
v -0.302386 0.011386 -0.047673
v -0.306999 0.011386 -0.040934
v -0.311250 0.011386 -0.033253
v -0.314613 0.011386 -0.025330
v -0.315721 0.011386 -0.022044
v -0.317603 0.011386 -0.014794
v -0.318740 0.011386 -0.007457
v -0.319125 0.011386 0.000000
v -0.318733 0.011386 0.007519
v -0.317644 0.011386 0.014592
v -0.315837 0.011386 0.021671
v -0.313271 0.011386 0.028780
v -0.311833 0.011386 0.032034
v -0.307980 0.011386 0.039318
v -0.303278 0.011386 0.046464
v -0.297672 0.011386 0.053474
v -0.295201 0.011386 0.056195
v -0.287535 0.011386 0.063582
v -0.278791 0.011386 0.070543
v -0.268904 0.011386 0.077039
v -0.263483 0.011386 0.080107
v -0.250452 0.011386 0.086309
v -0.236268 0.011386 0.091484
v -0.220930 0.011386 0.095529
v -0.218053 0.011386 0.096125
v -0.200306 0.011386 0.098753
v -0.182088 0.011386 0.099663
v -0.163533 0.011386 0.098776
v -0.159447 0.011386 0.098333
v -0.141775 0.011386 0.095333
v -0.124858 0.011386 0.090686
v -0.108809 0.011386 0.084411
v -0.105754 0.011386 0.082978
v -0.093314 0.011386 0.076203
v -0.082114 0.011386 0.068533
v -0.073257 0.011386 0.061037
v -0.071147 0.011386 0.059008
v -0.064139 0.011386 0.051374
v -0.058174 0.011386 0.043375
v -0.053700 0.011386 0.035896
v -0.050042 0.011386 0.028073
v -0.047441 0.011386 0.020585
v -0.045639 0.011386 0.012932
v -0.046619 0.012360 -0.013344
v -0.047309 0.012360 -0.016599
v -0.049344 0.012360 -0.023659
v -0.052121 0.012360 -0.030672
v -0.055685 0.012360 -0.037656
v -0.057567 0.012360 -0.040800
v -0.062658 0.012360 -0.048099
v -0.068673 0.012360 -0.055185
v -0.075678 0.012360 -0.062049
v -0.078489 0.012360 -0.064488
v -0.087921 0.012360 -0.071648
v -0.098503 0.012360 -0.078208
v -0.110288 0.012360 -0.084103
v -0.121288 0.012360 -0.088516
v -0.136631 0.012360 -0.093197
v -0.152958 0.012360 -0.096539
v -0.170216 0.012360 -0.098417
v -0.176539 0.012360 -0.098700
v -0.194953 0.012360 -0.098314
v -0.213189 0.012360 -0.096121
v -0.231094 0.012360 -0.092094
v -0.235070 0.012360 -0.090926
v -0.250158 0.012360 -0.085468
v -0.264094 0.012360 -0.078764
v -0.275486 0.012360 -0.071782
v -0.277956 0.012360 -0.070049
v -0.287268 0.012360 -0.062633
v -0.295415 0.012360 -0.054659
v -0.301675 0.012360 -0.047139
v -0.306244 0.012360 -0.040466
v -0.310451 0.012360 -0.032864
v -0.313777 0.012360 -0.025027
v -0.314873 0.012360 -0.021779
v -0.316732 0.012360 -0.014613
v -0.317856 0.012360 -0.007366
v -0.318236 0.012360 0.000000
v -0.317850 0.012360 0.007427
v -0.316773 0.012360 0.014414
v -0.314987 0.012360 0.021410
v -0.312450 0.012360 0.028439
v -0.311028 0.012360 0.031657
v -0.307215 0.012360 0.038866
v -0.302559 0.012360 0.045942
v -0.297004 0.012360 0.052889
v -0.294554 0.012360 0.055586
v -0.286949 0.012360 0.062913
v -0.278269 0.012360 0.069823
v -0.268449 0.012360 0.076275
v -0.263062 0.012360 0.079324
v -0.250108 0.012360 0.085489
v -0.236002 0.012360 0.090636
v -0.220742 0.012360 0.094660
v -0.217880 0.012360 0.095254
v -0.200219 0.012360 0.097869
v -0.182087 0.012360 0.098774
v -0.163619 0.012360 0.097892
v -0.159553 0.012360 0.097450
v -0.141967 0.012360 0.094465
v -0.125137 0.012360 0.089842
v -0.109178 0.012360 0.083602
v -0.106141 0.012360 0.082177
v -0.093777 0.012360 0.075445
v -0.082654 0.012360 0.067828
v -0.073865 0.012360 0.060388
v -0.071772 0.012360 0.058375
v -0.064823 0.012360 0.050807
v -0.058913 0.012360 0.042882
v -0.054484 0.012360 0.035479
v -0.050866 0.012360 0.027740
v -0.048294 0.012360 0.020337
v -0.046514 0.012360 0.012774
v -0.047757 0.012998 -0.013129
v -0.048435 0.012998 -0.016333
v -0.050454 0.013003 -0.023280
v -0.053188 0.013002 -0.030190
v -0.056690 0.012998 -0.037083
v -0.058546 0.012997 -0.040185
v -0.063586 0.013003 -0.047383
v -0.069530 0.013002 -0.054388
v -0.076449 0.012997 -0.061190
v -0.079231 0.012997 -0.063603
v -0.088585 0.013003 -0.070681
v -0.099074 0.013003 -0.077185
v -0.110764 0.013001 -0.083037
v -0.121682 0.013002 -0.087415
v -0.136920 0.013004 -0.092059
v -0.153140 0.013003 -0.095380
v -0.170288 0.012998 -0.097262
v -0.176571 0.012997 -0.097545
v -0.194870 0.013005 -0.097139
v -0.212990 0.013005 -0.094960
v -0.230782 0.012998 -0.090980
v -0.234730 0.012996 -0.089824
v -0.249702 0.013005 -0.084382
v -0.263529 0.013005 -0.077731
v -0.274834 0.012997 -0.070829
v -0.277283 0.012996 -0.069115
v -0.286488 0.013005 -0.061750
v -0.294548 0.013005 -0.053863
v -0.300737 0.013003 -0.046435
v -0.305248 0.013003 -0.039847
v -0.309394 0.013004 -0.032348
v -0.312685 0.012999 -0.024631
v -0.313769 0.012998 -0.021434
v -0.315582 0.013004 -0.014375
v -0.316686 0.013004 -0.007245
v -0.317060 0.013004 -0.000000
v -0.316681 0.013004 0.007305
v -0.315624 0.013003 0.014180
v -0.313867 0.013003 0.021066
v -0.311381 0.012998 0.027994
v -0.309981 0.012997 0.031166
v -0.306206 0.013003 0.038268
v -0.301613 0.013002 0.045254
v -0.296135 0.012997 0.052128
v -0.293714 0.012997 0.054794
v -0.286176 0.013003 0.062030
v -0.277583 0.013002 0.068875
v -0.267857 0.012998 0.075281
v -0.262514 0.012998 0.078303
v -0.249655 0.013003 0.084406
v -0.235652 0.013003 0.089518
v -0.220499 0.012995 0.093536
v -0.217657 0.012995 0.094127
v -0.200103 0.013004 0.096698
v -0.182085 0.013004 0.097598
v -0.163730 0.012997 0.096743
v -0.159691 0.012996 0.096307
v -0.142222 0.013005 0.093315
v -0.125508 0.013005 0.088722
v -0.109657 0.012998 0.082549
v -0.106642 0.012996 0.081141
v -0.094392 0.013005 0.074440
v -0.083370 0.013004 0.066893
v -0.074654 0.012997 0.059545
v -0.072581 0.012996 0.057556
v -0.065730 0.013005 0.050056
v -0.059893 0.013005 0.042230
v -0.055523 0.013004 0.034926
v -0.051957 0.013005 0.027298
v -0.049423 0.013004 0.020008
v -0.047661 0.013001 0.012567
vn 0.0000 -1.0000 0.0000
vn 0.9986 0.0000 -0.0523
vn 0.0523 0.0000 -0.9986
vn 0.1564 0.0000 -0.9877
vn 0.2588 0.0000 -0.9659
vn 0.3583 0.0000 -0.9336
vn 0.4540 0.0000 -0.8910
vn 0.5446 0.0000 -0.8387
vn 0.6294 0.0000 -0.7771
vn 0.7071 0.0000 -0.7071
vn 0.7772 0.0000 -0.6293
vn 0.8386 0.0000 -0.5447
vn 0.8910 0.0000 -0.4540
vn 0.9336 0.0000 -0.3583
vn 0.9659 0.0000 -0.2588
vn 0.9877 0.0000 -0.1565
vn 1.0000 0.0000 0.0000
vn 0.0000 1.0000 0.0000
vn -1.0000 0.0000 0.0000
vn 0.0000 0.0478 0.9989
vn 0.0000 0.1431 0.9897
vn 0.0000 0.1499 0.9887
vn -0.0000 0.2376 0.9714
vn 0.0000 0.2443 0.9697
vn 0.0000 0.3307 0.9437
vn 0.0001 0.3439 0.9390
vn -0.0000 0.4218 0.9067
vn 0.0000 0.4346 0.9006
vn 0.0000 0.5100 0.8602
vn 0.0001 0.5285 0.8490
vn -0.0000 0.5945 0.8041
vn 0.0000 0.6120 0.7908
vn 0.0000 0.6743 0.7385
vn 0.0001 0.6960 0.7180
vn -0.0000 0.7481 0.6636
vn 0.0000 0.7680 0.6405
vn 0.0000 0.8149 0.5796
vn 0.0001 0.8368 0.5476
vn -0.0000 0.8732 0.4873
vn 0.0000 0.8918 0.4525
vn 0.0000 0.9218 0.3876
vn 0.0002 0.9394 0.3428
vn -0.0000 0.9595 0.2816
vn 0.0000 0.9721 0.2346
vn 0.0000 0.9853 0.1709
vn 0.0002 0.9934 0.1144
vn 0.0000 0.9984 0.0573
vn 0.2331 0.9658 -0.1138
vn 0.4498 0.8860 -0.1125
vn 0.6365 0.7633 -0.1104
vn 0.7861 0.6085 -0.1083
vn 0.8955 0.4321 -0.1064
vn 0.9643 0.2430 -0.1050
vn 0.0523 0.0054 -0.9986
vn 0.1564 0.0161 -0.9876
vn 0.1810 0.1264 -0.9753
vn 0.2587 0.0267 -0.9656
vn 0.3581 0.0368 -0.9330
vn 0.3936 0.0958 -0.9143
vn 0.4535 0.0466 -0.8900
vn 0.5438 0.0559 -0.8374
vn 0.5789 0.0978 -0.8095
vn 0.6280 0.0646 -0.7755
vn 0.7052 0.0726 -0.7052
vn 0.7356 0.1059 -0.6691
vn 0.7747 0.0796 -0.6273
vn 0.8355 0.0859 -0.5427
vn 0.8588 0.1143 -0.4994
vn 0.8873 0.0913 -0.4521
vn 0.9293 0.0956 -0.3567
vn 0.9436 0.1206 -0.3085
vn 0.9612 0.0988 -0.2576
vn 0.9975 0.0476 -0.0522
vn 0.9826 0.1011 -0.1557
vn 0.9868 0.1241 -0.1043
vn 0.9756 0.1480 -0.1620
vn 0.9338 0.3419 -0.1055
vn 0.9440 0.3016 -0.1335
vn 0.9057 0.2893 -0.3098
vn 0.8244 0.2633 -0.5011
vn 0.8244 0.2634 -0.5010
vn 0.7070 0.2259 -0.6702
vn 0.5589 0.1785 -0.8098
vn 0.5589 0.1786 -0.8098
vn 0.3865 0.1235 -0.9140
vn 0.3865 0.1234 -0.9140
vn 0.1975 0.0631 -0.9783
vn 0.0497 0.0159 -0.9986
vn 0.8440 0.5255 -0.1071
vn 0.8597 0.4932 -0.1334
vn 0.8235 0.4725 -0.3140
vn 0.7478 0.4290 -0.5067
vn 0.7478 0.4291 -0.5067
vn 0.6394 0.3668 -0.6757
vn 0.6394 0.3669 -0.6757
vn 0.5039 0.2891 -0.8139
vn 0.5039 0.2891 -0.8140
vn 0.3476 0.1994 -0.9162
vn 0.3476 0.1995 -0.9162
vn 0.1773 0.1017 -0.9789
vn 0.1773 0.1018 -0.9789
vn 0.0446 0.0256 -0.9987
vn 0.7138 0.6918 -0.1091
vn 0.7320 0.6683 -0.1326
vn 0.6998 0.6389 -0.3195
vn 0.6335 0.5784 -0.5140
vn 0.5396 0.4926 -0.6827
vn 0.5396 0.4926 -0.6828
vn 0.4236 0.3866 -0.8192
vn 0.4235 0.3867 -0.8192
vn 0.2912 0.2658 -0.9190
vn 0.2911 0.2658 -0.9190
vn 0.1482 0.1353 -0.9797
vn 0.1482 0.1352 -0.9797
vn 0.0373 0.0340 -0.9987
vn 0.5442 0.8316 -0.1111
vn 0.5621 0.8167 -0.1308
vn 0.5361 0.7789 -0.3254
vn 0.4837 0.7028 -0.5216
vn 0.4103 0.5962 -0.6901
vn 0.4103 0.5962 -0.6900
vn 0.3207 0.4661 -0.8246
vn 0.3208 0.4661 -0.8246
vn 0.2197 0.3193 -0.9218
vn 0.1116 0.1621 -0.9804
vn 0.0280 0.0407 -0.9988
vn 0.3406 0.9334 -0.1127
vn 0.3550 0.9262 -0.1273
vn 0.3378 0.8814 -0.3302
vn 0.3039 0.7930 -0.5279
vn 0.3039 0.7930 -0.5280
vn 0.2569 0.6704 -0.6961
vn 0.2002 0.5223 -0.8290
vn 0.2002 0.5223 -0.8289
vn 0.1368 0.3568 -0.9241
vn 0.0693 0.1808 -0.9811
vn 0.0174 0.0454 -0.9988
vn 0.1136 0.9870 -0.1136
vn 0.1216 0.9851 -0.1216
vn 0.1155 0.9358 -0.3330
vn 0.1037 0.8406 -0.5316
vn 0.0875 0.7093 -0.6995
vn 0.0681 0.5515 -0.8314
vn 0.0464 0.3762 -0.9254
vn 0.0235 0.1905 -0.9814
vn 0.0235 0.1904 -0.9814
vn 0.0059 0.0478 -0.9988
vn -0.6416 0.0000 0.7670
vn -0.3454 0.0000 0.9385
vn -0.8262 0.0000 -0.5633
vn 0.9512 0.0000 0.3084
vn 0.9998 0.0000 -0.0191
vn -0.9545 0.0000 -0.2981
vn -0.9968 0.0791 0.0082
vn -0.9983 0.0000 0.0585
vn -0.9984 0.0022 0.0567
vn -0.9945 -0.0003 0.1046
vn -0.9987 -0.0015 0.0511
vn -1.0000 0.0000 0.0008
vn -1.0000 0.0000 -0.0082
vn -0.9987 0.0123 -0.0485
vn -0.9466 0.0131 -0.3221
vn -0.9278 -0.0075 -0.3730
vn -0.9312 0.0000 -0.3645
vn -0.7617 0.0000 -0.6479
vn -0.8048 0.0000 -0.5935
vn -0.7800 0.0481 -0.6240
vn -0.7964 -0.0025 -0.6048
vn -0.7625 0.0010 -0.6470
vn -0.5363 0.0313 -0.8434
vn -0.5381 0.0271 -0.8424
vn -0.5745 0.0000 -0.8185
vn -0.5823 -0.0103 -0.8129
vn -0.5545 0.0067 -0.8322
vn -0.5623 0.0000 -0.8269
vn 0.4882 0.0013 -0.8728
vn 0.5057 -0.0057 -0.8627
vn 0.6125 -0.0038 -0.7905
vn 0.5607 0.0000 -0.8280
vn 0.5877 0.0000 -0.8091
vn 0.5981 0.0557 -0.7995
vn 0.6125 0.0076 -0.7904
vn 0.6074 -0.0129 -0.7943
vn 0.5795 0.0186 -0.8148
vn 0.5872 -0.0012 -0.8094
vn 0.5610 0.0008 -0.8278
vn 0.5547 0.0075 -0.8320
vn 0.5443 0.0000 -0.8389
vn 0.5169 0.0000 -0.8560
vn 0.5311 0.0302 -0.8468
vn 0.5109 0.0000 -0.8596
vn 0.7745 0.0547 -0.6302
vn 0.8185 -0.0047 -0.5745
vn 0.7850 0.0011 -0.6194
vn 0.7863 0.0000 -0.6179
vn 0.7571 0.0000 -0.6533
vn 0.9378 0.0501 -0.3435
vn 0.9603 0.0027 -0.2790
vn 0.9443 -0.0008 -0.3291
vn 0.9437 0.0000 -0.3307
vn 0.9268 0.0000 -0.3756
vn 0.7545 0.0000 0.6563
vn 0.7914 0.0000 0.6113
vn 0.5109 0.0000 0.8596
vn 0.4836 0.0000 0.8753
vn 0.4888 -0.0010 0.8724
vn 0.5093 0.0071 0.8606
vn 0.5275 0.0450 0.8483
vn 0.5382 0.0216 0.8425
vn 0.5718 -0.0109 0.8203
vn 0.5625 0.0000 0.8268
vn -0.5535 0.0000 0.8329
vn -0.5020 0.0000 0.8649
vn -0.7766 0.1044 0.6213
vn -0.7533 -0.0144 0.6575
vn -0.7885 0.0007 0.6150
vn -0.9565 0.0000 0.2918
vn -0.9229 0.0000 0.3850
vn -0.9249 0.0091 0.3801
vn -0.9426 -0.0017 0.3338
vn -0.9444 0.0000 0.3287
vn -0.9478 0.0000 0.3188
vn -0.9592 0.0043 0.2827
vn -0.9576 0.0125 0.2879
vn -0.9703 -0.0050 0.2420
vn 0.1510 -0.0114 0.9885
vn 0.1250 0.0536 0.9907
vn 0.1699 0.0000 0.9855
vn 0.1749 0.0000 0.9846
vn 0.1758 -0.0003 0.9844
vn 0.2268 0.0140 0.9738
vn 0.2277 0.0000 0.9737
vn -0.9432 0.0265 -0.3311
vn -0.9619 0.0000 -0.2735
vn -0.9652 -0.0024 -0.2615
vn -0.9752 0.0129 -0.2211
vn -0.9752 0.0131 -0.2209
vn -0.9825 0.0000 -0.1864
vn -0.9855 0.0000 -0.1694
vn -0.9905 -0.0040 -0.1372
vn -0.9914 0.0017 -0.1312
vn -0.9983 -0.0021 -0.0585
vn -0.9984 0.0000 -0.0567
vn -0.8296 -0.0027 -0.5584
vn -0.8509 0.0058 -0.5253
vn -0.8554 0.0141 -0.5178
vn -0.8693 0.0000 -0.4942
vn -0.8821 0.0000 -0.4710
vn -0.8915 -0.0077 -0.4530
vn -0.9062 0.0150 -0.4226
vn -0.9149 0.0000 -0.4037
vn -0.6484 0.0000 -0.7613
vn -0.6487 -0.0004 -0.7610
vn -0.6659 0.0005 -0.7460
vn -0.6665 0.0000 -0.7455
vn -0.7017 0.0000 -0.7125
vn -0.6992 0.0056 -0.7149
vn -0.7397 -0.0033 -0.6729
vn -0.7373 0.0000 -0.6756
vn -0.6305 0.0436 -0.7749
vn -0.6216 0.0838 -0.7788
vn -0.6065 0.0000 -0.7951
vn -0.6300 -0.0599 -0.7743
vn -0.6132 0.0106 -0.7898
vn -0.6463 -0.0037 -0.7631
vn -0.4894 0.0000 -0.8721
vn -0.5126 0.0000 -0.8586
vn -0.4363 0.0000 -0.8998
vn -0.4406 -0.0111 -0.8977
vn -0.4797 0.0017 -0.8774
vn -0.4946 -0.0043 -0.8691
vn -0.3404 0.0347 -0.9397
vn -0.3917 -0.0133 -0.9200
vn -0.3814 0.0306 -0.9239
vn -0.3956 0.0000 -0.9184
vn -0.4006 0.0054 -0.9162
vn -0.3816 -0.0091 -0.9243
vn -0.3630 -0.0424 -0.9308
vn -0.3515 0.0000 -0.9362
vn -0.3398 0.0276 -0.9401
vn -0.3145 0.0000 -0.9492
vn -0.2920 0.0000 -0.9564
vn -0.2688 -0.0157 -0.9631
vn -0.2388 0.0385 -0.9703
vn -0.2161 0.0000 -0.9764
vn -0.1744 0.0124 -0.9846
vn -0.1838 -0.0018 -0.9830
vn -0.1835 -0.0565 -0.9814
vn -0.1704 -0.0095 -0.9853
vn -0.1924 0.0000 -0.9813
vn -0.1912 0.0010 -0.9816
vn -0.1618 0.0000 -0.9868
vn -0.1666 -0.0081 -0.9860
vn -0.1164 0.0234 -0.9929
vn -0.1242 0.0000 -0.9923
vn -0.0700 0.0000 -0.9975
vn 0.0109 0.0000 -0.9999
vn -0.0056 0.0586 -0.9983
vn -0.0198 0.1346 -0.9907
vn -0.0364 0.0000 -0.9993
vn -0.0744 -0.0061 -0.9972
vn -0.0345 0.0082 -0.9994
vn -0.0369 0.0165 -0.9992
vn 0.0005 -0.0131 -0.9999
vn -0.0056 -0.0293 -0.9996
vn 0.0494 0.0000 -0.9988
vn 0.0289 -0.0460 -0.9985
vn 0.1035 0.0785 -0.9915
vn 0.0822 -0.0040 -0.9966
vn 0.1294 0.0000 -0.9916
vn 0.3236 0.0000 -0.9462
vn 0.2077 0.0000 -0.9782
vn 0.2068 -0.0042 -0.9784
vn 0.1720 0.0007 -0.9851
vn 0.1533 -0.0143 -0.9881
vn 0.1483 0.0000 -0.9889
vn 0.1704 0.1349 -0.9761
vn 0.1720 0.1491 -0.9738
vn 0.2010 -0.0211 -0.9794
vn 0.2276 0.0000 -0.9737
vn 0.2578 0.0000 -0.9662
vn 0.2713 0.0216 -0.9623
vn 0.2888 0.0030 -0.9574
vn 0.3207 -0.0041 -0.9472
vn 0.4610 -0.0054 -0.8874
vn 0.4642 0.0000 -0.8857
vn 0.4173 0.0000 -0.9088
vn 0.3836 -0.0000 -0.9235
vn 0.3668 0.0447 -0.9292
vn 0.3674 0.0484 -0.9288
vn 0.3515 0.0000 -0.9362
vn 0.3671 -0.0232 -0.9299
vn 0.3678 -0.0214 -0.9297
vn 0.7528 0.0000 -0.6582
vn 0.7562 0.0060 -0.6543
vn 0.7252 -0.0038 -0.6886
vn 0.7240 -0.0050 -0.6898
vn 0.7117 0.0000 -0.7024
vn 0.6764 0.0000 -0.7365
vn 0.6865 0.0267 -0.7266
vn 0.6461 -0.0083 -0.7632
vn 0.6357 0.0000 -0.7719
vn 0.6238 0.0000 -0.7816
vn 0.7968 0.0000 -0.6042
vn 0.8083 0.0334 -0.5878
vn 0.8237 0.0000 -0.5670
vn 0.8448 0.0000 -0.5351
vn 0.8477 -0.0005 -0.5304
vn 0.8706 0.0083 -0.4919
vn 0.8751 -0.0052 -0.4839
vn 0.8953 0.0000 -0.4455
vn 0.8988 0.0000 -0.4383
vn 0.9050 0.0021 -0.4254
vn 0.9203 -0.0154 -0.3910
vn 0.9260 0.0000 -0.3775
vn 0.9517 0.0000 -0.3070
vn 0.9569 0.0209 -0.2897
vn 0.9634 0.0000 -0.2681
vn 0.9727 0.0000 -0.2321
vn 0.9755 -0.0021 -0.2200
vn 0.9838 0.0130 -0.1788
vn 0.9990 0.0108 0.0437
vn 1.0000 -0.0025 0.0000
vn 0.9999 0.0009 -0.0109
vn 0.9985 0.0000 -0.0542
vn 0.9980 -0.0074 -0.0623
vn 0.9941 0.0032 -0.1085
vn 0.9932 -0.0000 -0.1166
vn 0.9860 0.0000 -0.1666
vn 0.9987 0.0000 0.0515
vn 0.9987 0.0004 0.0516
vn 0.9962 0.0000 0.0868
vn 0.9955 0.0000 0.0949
vn 0.9941 -0.0031 0.1088
vn 0.9887 0.0130 0.1492
vn 0.9866 0.0000 0.1629
vn 0.9801 0.0000 0.1987
vn 0.9775 -0.0013 0.2108
vn 0.9680 0.0134 0.2507
vn 0.9645 -0.0016 0.2639
vn 0.9542 0.0000 0.2992
vn 0.9479 0.0035 0.3187
vn 0.9436 -0.0022 0.3312
vn 0.9290 0.0064 0.3700
vn 0.9271 0.0000 0.3748
vn 0.9081 0.0014 0.4187
vn 0.9141 0.0000 0.4055
vn 0.8297 0.0000 0.5582
vn 0.8266 0.0081 0.5627
vn 0.8591 -0.0038 0.5118
vn 0.8562 0.0000 0.5166
vn 0.8838 0.0000 0.4678
vn 0.8801 0.0099 0.4748
vn 0.9034 -0.0038 0.4287
vn 0.6876 0.0353 0.7253
vn 0.7252 0.0016 0.6886
vn 0.7356 0.0000 0.6774
vn 0.7390 0.0000 0.6737
vn 0.7549 -0.0026 0.6559
vn 0.7722 0.0321 0.6346
vn 0.7808 0.0145 0.6246
vn 0.8050 -0.0076 0.5933
vn 0.7962 0.0025 0.6050
vn 0.7996 0.0000 0.6006
vn 0.5617 0.0006 0.8273
vn 0.5728 0.0000 0.8197
vn 0.5813 0.0000 0.8137
vn 0.6212 0.0983 0.7775
vn 0.6405 0.0000 0.7679
vn 0.7020 -0.0114 0.7121
vn 0.6628 0.0000 0.7488
vn 0.6524 0.0000 0.7579
vn 0.6378 0.0082 0.7701
vn 0.6089 -0.0456 0.7919
vn 0.6115 -0.0568 0.7892
vn 0.5909 -0.0059 0.8067
vn 0.5962 0.0000 0.8029
vn 0.6121 0.0373 0.7899
vn 0.3876 0.0000 0.9218
vn 0.3875 0.0000 0.9218
vn 0.4365 -0.0001 0.8997
vn 0.4359 0.0021 0.9000
vn 0.4803 0.0000 0.8771
vn 0.2897 0.0000 0.9571
vn 0.2790 0.0000 0.9603
vn 0.2486 -0.0021 0.9686
vn 0.2186 0.0680 0.9734
vn 0.1956 -0.0067 0.9807
vn 0.1758 0.0000 0.9844
vn 0.3434 -0.0466 0.9380
vn 0.3331 0.0000 0.9429
vn 0.2925 -0.0022 0.9563
vn 0.3309 0.0064 0.9437
vn 0.3391 0.1022 0.9352
vn 0.3678 0.0133 0.9298
vn 0.3787 0.0000 0.9255
vn 0.3679 -0.0067 0.9299
vn -0.0161 0.0000 0.9999
vn -0.0056 0.0165 0.9998
vn 0.0221 0.1107 0.9936
vn 0.0327 0.0000 0.9995
vn -0.0056 -0.0575 0.9983
vn -0.0037 -0.0640 0.9979
vn 0.0275 0.0277 0.9992
vn 0.0508 0.0000 0.9987
vn 0.0712 0.0000 0.9975
vn 0.0968 -0.0122 0.9952
vn 0.1245 0.0456 0.9912
vn 0.1472 0.0000 0.9891
vn -0.0248 -0.0069 0.9997
vn -0.0323 0.0000 0.9995
vn -0.0527 0.0000 0.9986
vn -0.0483 -0.0032 0.9988
vn -0.0992 0.0151 0.9949
vn -0.1068 -0.0107 0.9942
vn -0.1490 0.0000 0.9888
vn -0.1568 0.0000 0.9876
vn -0.1668 0.0038 0.9860
vn -0.1744 -0.0062 0.9847
vn -0.1838 0.0009 0.9830
vn -0.2229 -0.0065 0.9748
vn -0.2241 0.0000 0.9746
vn -0.2928 -0.0678 0.9538
vn -0.3223 0.0502 0.9453
vn -0.2711 0.0000 0.9626
vn -0.2480 0.0000 0.9688
vn -0.2168 -0.0265 0.9759
vn -0.1925 0.1413 0.9711
vn -0.1832 0.0776 0.9800
vn -0.1650 0.0000 0.9863
vn -0.5073 0.0095 0.8617
vn -0.4797 -0.0017 0.8774
vn -0.4702 0.0014 0.8825
vn -0.4659 0.0000 0.8848
vn -0.4300 0.0000 0.9028
vn -0.4156 -0.0343 0.9089
vn -0.3803 0.0199 0.9246
vn -0.3815 0.0248 0.9240
vn -0.3686 0.0000 0.9296
vn -0.3716 -0.0029 0.9284
vn -0.3816 0.0018 0.9243
vn -0.4210 -0.0219 0.9068
vn -0.4250 0.0000 0.9052
vn -0.6390 0.0010 0.7692
vn -0.6311 -0.0058 0.7757
vn -0.5951 0.0680 0.8008
vn -0.5363 0.0874 0.8395
vn -0.5170 0.0078 0.8559
vn -0.5566 0.0000 0.8308
vn -0.5644 -0.0006 0.8255
vn -0.5912 0.0159 0.8064
vn -0.5975 0.0000 0.8019
vn -0.6076 -0.0406 0.7932
vn -0.7472 0.0000 0.6646
vn -0.7497 0.0056 0.6618
vn -0.7227 -0.0005 0.6911
vn -0.7250 0.0000 0.6888
vn -0.6901 0.0000 0.7237
vn -0.6895 -0.0017 0.7243
vn -0.6501 0.0003 0.7598
vn -0.6495 0.0000 0.7604
vn -0.6417 0.0000 0.7670
vn -0.6311 -0.0019 0.7757
vn -0.7918 0.0000 0.6108
vn -0.8136 0.0000 0.5815
vn -0.8169 0.0075 0.5767
vn -0.8442 -0.0030 0.5360
vn -0.8474 0.0000 0.5309
vn -0.8584 0.0000 0.5130
vn -0.8715 -0.0061 0.4904
vn -0.8843 0.0180 0.4666
vn -0.8970 -0.0006 0.4420
vn -0.9059 0.0000 0.4235
vn -0.9194 0.0000 0.3933
vn -0.9341 0.0425 0.3544
vn -0.9732 0.0000 0.2298
vn -0.9782 0.0000 0.2077
vn -0.9816 -0.0044 0.1909
vn -0.9879 0.0140 0.1542
vn -0.9905 0.0000 0.1372
vn -0.9947 0.0000 0.1028
vn 0.0000 0.0000 1.0000
vn 0.0728 0.0000 -0.9973
vn 0.8719 0.0000 -0.4896
vn 0.8790 0.0000 -0.4769
vn 0.9248 0.0000 -0.3805
vn 0.9969 0.0000 -0.0784
vn 0.9959 -0.0041 -0.0908
vn 0.9911 0.0135 -0.1327
vn 0.9894 0.0000 -0.1450
vn 0.9842 0.0000 -0.1773
vn 0.9440 0.0114 -0.3298
vn 0.9342 -0.0407 -0.3544
vn 0.9530 0.0000 -0.3031
vn 0.9596 0.0000 -0.2812
vn 0.9666 0.0016 -0.2565
vn 0.9731 -0.0236 -0.2291
vn 0.9782 -0.0036 -0.2076
vn 0.9835 0.0000 -0.1811
vn 0.9033 0.0169 -0.4286
vn 0.8934 -0.0290 -0.4483
vn 0.9170 0.0000 -0.3988
vn 0.8580 -0.0073 -0.5136
vn 0.8541 -0.0156 -0.5199
vn 0.8324 0.0076 -0.5541
vn 0.8248 0.0000 -0.5655
vn 0.8048 0.0000 -0.5936
vn 0.7938 -0.0168 -0.6080
vn 0.7710 0.0126 -0.6367
vn 0.7598 0.0000 -0.6502
vn 0.7408 0.0000 -0.6717
vn 0.7263 -0.0134 -0.6873
vn 0.7026 0.0213 -0.7113
vn 0.6149 -0.0580 -0.7865
vn 0.6931 0.0074 -0.7208
vn 0.6784 0.0000 -0.7347
vn 0.6703 0.0000 -0.7421
vn 0.6552 -0.0041 -0.7554
vn 0.6404 0.0374 -0.7672
vn 0.5984 0.0000 -0.8012
vn 0.5774 0.0000 -0.8164
vn 0.5311 -0.0442 -0.8461
vn 0.5546 0.0489 -0.8307
vn 0.5095 0.0000 -0.8605
vn 0.4924 0.0000 -0.8704
vn 0.4473 -0.0180 -0.8942
vn 0.4653 0.0525 -0.8836
vn 0.4247 0.0042 -0.9053
vn 0.4035 -0.0023 -0.9150
vn 0.4072 0.0000 -0.9134
vn 0.3686 0.0000 -0.9296
vn 0.3566 -0.0308 -0.9337
vn 0.3175 0.0082 -0.9482
vn 0.3058 0.0000 -0.9521
vn 0.2720 0.0000 -0.9623
vn 0.2565 -0.0330 -0.9660
vn 0.2191 0.0156 -0.9756
vn 0.2039 0.0000 -0.9790
vn 0.1734 0.0000 -0.9849
vn 0.1553 -0.0284 -0.9875
vn 0.1193 0.0270 -0.9925
vn 0.1080 0.0099 -0.9941
vn 0.0904 0.0000 -0.9959
vn 0.0448 -0.0267 -0.9986
vn 0.0411 -0.0355 -0.9985
vn 0.0014 0.0150 -0.9999
vn -0.0133 0.0000 -0.9999
vn -0.0475 0.0000 -0.9989
vn -0.0616 -0.0273 -0.9977
vn -0.1018 0.0216 -0.9946
vn -0.1160 0.0000 -0.9932
vn -0.1513 0.0000 -0.9885
vn -0.1643 -0.0195 -0.9862
vn -0.2047 0.0255 -0.9785
vn -0.2029 0.0291 -0.9788
vn -0.2259 0.0000 -0.9741
vn -0.2556 0.0000 -0.9668
vn -0.2700 -0.0181 -0.9627
vn -0.2821 -0.0034 -0.9594
vn -0.3194 0.0054 -0.9476
vn -0.3222 0.0000 -0.9467
vn -0.3659 0.0000 -0.9306
vn -0.3658 0.0003 -0.9307
vn -0.4160 -0.0004 -0.9094
vn -0.4158 0.0000 -0.9094
vn -0.4628 0.0000 -0.8864
vn -0.4592 0.0054 -0.8883
vn -0.5102 -0.0104 -0.8600
vn -0.4921 0.0401 -0.8696
vn -0.5259 0.0000 -0.8505
vn -0.5524 0.0000 -0.8336
vn -0.5633 -0.0117 -0.8262
vn -0.5744 -0.0012 -0.8186
vn -0.6063 0.0023 -0.7952
vn -0.6075 0.0000 -0.7943
vn -0.6451 0.0000 -0.7641
vn -0.6437 0.0021 -0.7653
vn -0.6857 -0.0034 -0.7279
vn -0.6843 0.0000 -0.7292
vn -0.7230 0.0000 -0.6908
vn -0.7189 0.0057 -0.6951
vn -0.7402 -0.0034 -0.6724
vn -0.7594 0.0126 -0.6505
vn -0.7671 0.0000 -0.6415
vn -0.7908 0.0000 -0.6120
vn -0.7956 -0.0050 -0.6058
vn -0.8228 0.0109 -0.5682
vn -0.8274 0.0000 -0.5616
vn -0.8473 0.0000 -0.5311
vn -0.8529 -0.0018 -0.5220
vn -0.8746 0.0170 -0.4845
vn -0.8800 0.0000 -0.4750
vn -0.8986 0.0000 -0.4387
vn -0.9021 -0.0001 -0.4316
vn -0.9205 0.0138 -0.3906
vn -0.9140 0.0382 -0.4038
vn -0.9403 -0.0208 -0.3398
vn -0.9323 0.0000 -0.3617
vn -0.9478 0.0000 -0.3188
vn -0.9486 -0.0019 -0.3164
vn -0.9638 0.0027 -0.2668
vn -0.9644 0.0000 -0.2643
vn -0.9758 0.0000 -0.2187
vn -0.9761 -0.0008 -0.2173
vn -0.9863 0.0017 -0.1652
vn -0.9865 0.0000 -0.1638
vn -0.9934 0.0000 -0.1151
vn -0.9933 0.0002 -0.1155
vn -0.9981 -0.0006 -0.0608
vn -0.9981 0.0000 -0.0613
vn -1.0000 0.0000 -0.0093
vn -0.9990 0.0000 0.0453
vn -0.9953 0.0000 0.0971
vn -0.9953 0.0001 0.0967
vn -0.9885 -0.0007 0.1514
vn -0.9885 0.0000 0.1509
vn -0.9800 0.0000 0.1992
vn -0.9797 -0.0000 0.2005
vn -0.9689 0.0022 0.2474
vn -0.9679 -0.0042 0.2512
vn -0.9543 0.0003 0.2987
vn -0.9536 0.0000 0.3011
vn -0.9466 0.0000 0.3224
vn -0.9387 0.0163 0.3445
vn -0.9275 -0.0102 0.3736
vn -0.9187 0.0000 0.3949
vn -0.9099 0.0000 0.4148
vn -0.9065 -0.0031 0.4223
vn -0.8857 0.0114 0.4642
vn -0.8820 0.0000 0.4713
vn -0.8625 0.0000 0.5061
vn -0.8570 -0.0016 0.5153
vn -0.8353 0.0159 0.5495
vn -0.8274 -0.0060 0.5615
vn -0.8068 0.0000 0.5909
vn -0.8021 0.0000 0.5972
vn -0.7786 0.0068 0.6274
vn -0.7684 -0.0204 0.6396
vn -0.7436 0.0006 0.6686
vn -0.7358 0.0000 0.6772
vn -0.7316 0.0000 0.6817
vn -0.6986 -0.0113 0.7154
vn -0.6938 0.0045 0.7201
vn -0.6579 -0.0003 0.7531
vn -0.6593 0.0000 0.7519
vn -0.6218 0.0000 0.7831
vn -0.6206 -0.0039 0.7841
vn -0.5787 0.0007 0.8155
vn -0.5775 0.0000 0.8164
vn -0.5678 0.0000 0.8232
vn -0.5413 0.0071 0.8408
vn -0.5222 -0.0354 0.8521
vn -0.4949 0.0016 0.8689
vn -0.4793 0.0000 0.8777
vn -0.4757 0.0000 0.8796
vn -0.4323 -0.0088 0.9017
vn -0.4298 0.0006 0.9029
vn -0.3831 -0.0001 0.9237
vn -0.3833 0.0000 0.9236
vn -0.3394 0.0000 0.9407
vn -0.3366 -0.0095 0.9416
vn -0.2880 0.0020 0.9576
vn -0.2852 0.0000 0.9585
vn -0.2735 0.0000 0.9619
vn -0.2437 0.0079 0.9698
vn -0.2199 -0.0512 0.9742
vn -0.2029 -0.0213 0.9790
vn -0.1827 0.0000 0.9832
vn -0.1697 0.0000 0.9855
vn -0.1343 0.0023 0.9909
vn -0.1192 -0.0428 0.9919
vn -0.0802 0.0048 0.9968
vn -0.0661 0.0000 0.9978
vn -0.0318 0.0000 0.9995
vn -0.0171 -0.0385 0.9991
vn 0.0227 0.0120 0.9997
vn 0.0374 0.0000 0.9993
vn 0.0719 0.0000 0.9974
vn 0.0542 0.0381 0.9978
vn 0.1079 -0.0436 0.9932
vn 0.1081 -0.0441 0.9932
vn 0.1371 0.0004 0.9906
vn 0.1552 0.0000 0.9879
vn 0.1856 0.0000 0.9826
vn 0.2006 -0.0392 0.9789
vn 0.2390 0.0100 0.9710
vn 0.2542 0.0000 0.9671
vn 0.2880 0.0000 0.9576
vn 0.2996 -0.0257 0.9537
vn 0.3397 0.0138 0.9404
vn 0.3515 0.0000 0.9362
vn 0.3900 0.0000 0.9208
vn 0.3864 0.0075 0.9223
vn 0.4247 -0.0042 0.9053
vn 0.4495 -0.0334 0.8927
vn 0.4359 0.0000 0.9000
vn 0.4932 0.0000 0.8699
vn 0.4757 0.0413 0.8786
vn 0.5393 -0.0521 0.8405
vn 0.5229 0.0000 0.8524
vn 0.5622 0.0000 0.8270
vn 0.5832 0.0073 0.8123
vn 0.6044 -0.0326 0.7960
vn 0.6268 0.0018 0.7792
vn 0.6442 0.0000 0.7649
vn 0.6645 0.0000 0.7473
vn 0.6563 0.0145 0.7544
vn 0.6931 -0.0137 0.7207
vn 0.6961 -0.0190 0.7177
vn 0.7137 0.0000 0.7005
vn 0.7282 0.0000 0.6853
vn 0.7474 0.0072 0.6643
vn 0.7621 -0.0234 0.6470
vn 0.7827 0.0022 0.6225
vn 0.7937 0.0000 0.6083
vn 0.8140 0.0000 0.5809
vn 0.8217 -0.0185 0.5697
vn 0.8445 0.0051 0.5355
vn 0.8519 0.0000 0.5237
vn 0.8627 0.0000 0.5057
vn 0.8699 0.0069 0.4932
vn 0.8952 -0.0245 0.4449
vn 0.8888 0.0000 0.4583
vn 0.9095 0.0000 0.4157
vn 0.9175 0.0032 0.3976
vn 0.9372 -0.0371 0.3468
vn 0.9297 0.0045 0.3682
vn 0.9472 0.0000 0.3206
vn 0.9542 0.0000 0.2990
vn 0.9684 -0.0392 0.2464
vn 0.9615 0.0158 0.2745
vn 0.9752 0.0000 0.2214
vn 0.9807 0.0000 0.1955
vn 0.9799 0.0025 0.1993
vn 0.9894 -0.0049 0.1454
vn 0.9969 0.0000 0.0784
vn 0.9959 0.0040 0.0908
vn 0.9953 0.0015 0.0969
vn 0.9893 -0.0045 0.1457
vn 0.0000 0.0000 -1.0000
vn 0.1046 -0.1491 0.9833
vn 0.1055 -0.3420 0.9338
vn 0.1071 -0.5254 0.8441
vn 0.1090 -0.6918 0.7138
vn 0.1111 -0.8316 0.5442
vn 0.1127 -0.9334 0.3407
vn 0.1136 -0.9870 0.1136
vn 0.1138 -0.9658 0.2331
vn 0.1216 -0.9851 0.1216
vn 0.3330 -0.9358 0.1155
vn 0.5316 -0.8406 0.1037
vn 0.6995 -0.7093 0.0875
vn 0.8314 -0.5515 0.0681
vn 0.9254 -0.3761 0.0464
vn 0.9814 -0.1904 0.0235
vn 0.9814 -0.1905 0.0235
vn 0.9988 -0.0477 0.0059
vn 0.1124 -0.8861 0.4496
vn 0.1273 -0.9262 0.3550
vn 0.3302 -0.8814 0.3378
vn 0.5280 -0.7930 0.3039
vn 0.5279 -0.7930 0.3039
vn 0.6961 -0.6704 0.2569
vn 0.8289 -0.5223 0.2002
vn 0.9241 -0.3568 0.1367
vn 0.9241 -0.3567 0.1367
vn 0.9811 -0.1809 0.0693
vn 0.9810 -0.1809 0.0693
vn 0.9988 -0.0453 0.0174
vn 0.1104 -0.7633 0.6366
vn 0.1308 -0.8167 0.5621
vn 0.3253 -0.7790 0.5361
vn 0.3253 -0.7789 0.5361
vn 0.5216 -0.7028 0.4837
vn 0.6901 -0.5962 0.4103
vn 0.8246 -0.4661 0.3208
vn 0.8245 -0.4661 0.3208
vn 0.9218 -0.3193 0.2197
vn 0.9219 -0.3192 0.2197
vn 0.9804 -0.1621 0.1116
vn 0.9804 -0.1622 0.1116
vn 0.9988 -0.0407 0.0280
vn 0.1083 -0.6084 0.7862
vn 0.1326 -0.6683 0.7320
vn 0.3195 -0.6389 0.6998
vn 0.5140 -0.5784 0.6335
vn 0.6828 -0.4926 0.5396
vn 0.8192 -0.3867 0.4235
vn 0.9190 -0.2658 0.2911
vn 0.9797 -0.1352 0.1482
vn 0.9796 -0.1355 0.1482
vn 0.9987 -0.0338 0.0372
vn 0.1064 -0.4321 0.8955
vn 0.1333 -0.4932 0.8597
vn 0.3140 -0.4724 0.8235
vn 0.3140 -0.4725 0.8235
vn 0.5067 -0.4290 0.7478
vn 0.6757 -0.3668 0.6394
vn 0.8139 -0.2891 0.5039
vn 0.9162 -0.1993 0.3475
vn 0.9162 -0.1994 0.3475
vn 0.9789 -0.1017 0.1773
vn 0.9789 -0.1018 0.1773
vn 0.9987 -0.0255 0.0445
vn 0.1050 -0.2430 0.9643
vn 0.1335 -0.3016 0.9440
vn 0.3098 -0.2893 0.9057
vn 0.5011 -0.2633 0.8244
vn 0.5011 -0.2634 0.8244
vn 0.6702 -0.2259 0.7070
vn 0.6702 -0.2258 0.7070
vn 0.8098 -0.1786 0.5589
vn 0.9140 -0.1235 0.3865
vn 0.9783 -0.0631 0.1975
vn 0.9783 -0.0632 0.1975
vn 0.9986 -0.0160 0.0497
vn 0.1044 -0.0475 0.9934
vn 0.1335 -0.1014 0.9858
vn 0.3075 -0.0974 0.9465
vn 0.4980 -0.0887 0.8626
vn 0.6672 -0.0762 0.7410
vn 0.8075 -0.0604 0.5867
vn 0.9128 -0.0418 0.4063
vn 0.9779 -0.0214 0.2079
vn 0.9779 -0.0215 0.2079
vn 0.9986 -0.0056 0.0523
vn 0.0000 -0.9984 0.0573
vn 0.0002 -0.9934 0.1144
vn 0.0004 -0.6744 0.7383
vn 0.0000 -0.7481 0.6636
vn 0.0000 -0.8368 0.5476
vn 0.0002 -0.8150 0.5795
vn -0.0001 -0.8918 0.4525
vn 0.0000 -0.8732 0.4873
vn 0.0000 -0.9394 0.3428
vn 0.0003 -0.9219 0.3875
vn -0.0002 -0.9721 0.2347
vn 0.0000 -0.9595 0.2816
vn 0.0000 -0.9853 0.1709
vn -0.0006 -0.7680 0.6405
vn 0.0000 -0.6960 0.7180
vn 0.0000 -0.5945 0.8041
vn -0.0001 -0.6120 0.7908
vn 0.0001 -0.5101 0.8601
vn 0.0000 -0.5285 0.8490
vn 0.0000 -0.4218 0.9067
vn -0.0001 -0.4346 0.9006
vn 0.0001 -0.3308 0.9437
vn 0.0000 -0.3439 0.9390
vn 0.0000 -0.2376 0.9714
vn -0.0000 -0.2443 0.9697
vn 0.0000 -0.1431 0.9897
vn 0.0000 -0.1499 0.9887
vn 0.0000 -0.0478 0.9989
vn 0.9989 -0.0477 0.0000
vn 0.9887 -0.1500 0.0000
vn 0.9817 -0.1905 0.0022
vn 0.9696 -0.2445 0.0000
vn 0.9391 -0.3438 0.0000
vn 0.9264 -0.3765 0.0020
vn 0.9006 -0.4346 0.0000
vn 0.8490 -0.5285 0.0000
vn 0.8333 -0.5528 0.0018
vn 0.7909 -0.6119 0.0000
vn 0.7180 -0.6960 0.0000
vn 0.7022 -0.7120 0.0015
vn 0.6404 -0.7680 0.0000
vn 0.5476 -0.8367 0.0000
vn 0.5345 -0.8452 0.0011
vn 0.4524 -0.8918 0.0000
vn 0.3428 -0.9394 0.0000
vn 0.3353 -0.9421 0.0006
vn 0.2346 -0.9721 0.0000
vn 0.1144 -0.9934 0.0000
vn 0.1138 0.9658 0.2331
vn 0.1124 0.8861 0.4496
vn 0.1104 0.7633 0.6366
vn 0.1083 0.6084 0.7862
vn 0.1064 0.4321 0.8955
vn 0.1050 0.2430 0.9643
vn 0.1044 0.0475 0.9934
vn 0.1046 0.1491 0.9833
vn 0.1335 0.1014 0.9858
vn 0.3075 0.0974 0.9465
vn 0.4980 0.0887 0.8626
vn 0.6672 0.0762 0.7410
vn 0.8075 0.0604 0.5867
vn 0.9128 0.0417 0.4063
vn 0.9128 0.0418 0.4063
vn 0.9779 0.0214 0.2079
vn 0.9779 0.0215 0.2079
vn 0.9986 0.0056 0.0523
vn 0.1055 0.3420 0.9338
vn 0.1335 0.3016 0.9440
vn 0.3098 0.2893 0.9057
vn 0.3098 0.2894 0.9057
vn 0.5011 0.2634 0.8244
vn 0.6702 0.2259 0.7070
vn 0.6702 0.2258 0.7070
vn 0.8098 0.1786 0.5589
vn 0.9140 0.1235 0.3865
vn 0.9783 0.0632 0.1975
vn 0.9783 0.0627 0.1975
vn 0.9986 0.0160 0.0497
vn 0.1071 0.5254 0.8441
vn 0.1333 0.4932 0.8597
vn 0.3140 0.4725 0.8235
vn 0.5067 0.4290 0.7478
vn 0.6757 0.3668 0.6394
vn 0.8139 0.2891 0.5039
vn 0.9162 0.1994 0.3475
vn 0.9162 0.1993 0.3475
vn 0.9789 0.1018 0.1773
vn 0.9789 0.1016 0.1773
vn 0.9987 0.0255 0.0445
vn 0.1090 0.6919 0.7138
vn 0.1326 0.6683 0.7320
vn 0.3195 0.6389 0.6998
vn 0.5140 0.5783 0.6335
vn 0.5140 0.5784 0.6335
vn 0.6828 0.4926 0.5396
vn 0.8192 0.3867 0.4235
vn 0.9190 0.2659 0.2911
vn 0.9190 0.2657 0.2911
vn 0.9796 0.1354 0.1482
vn 0.9797 0.1350 0.1482
vn 0.9987 0.0338 0.0372
vn 0.1111 0.8316 0.5442
vn 0.1308 0.8167 0.5621
vn 0.3253 0.7790 0.5361
vn 0.3253 0.7789 0.5361
vn 0.5216 0.7028 0.4837
vn 0.6901 0.5962 0.4103
vn 0.8245 0.4661 0.3208
vn 0.9219 0.3192 0.2197
vn 0.9804 0.1622 0.1116
vn 0.9988 0.0407 0.0280
vn 0.1127 0.9334 0.3407
vn 0.1273 0.9262 0.3550
vn 0.3302 0.8814 0.3378
vn 0.5280 0.7930 0.3039
vn 0.5279 0.7930 0.3039
vn 0.6961 0.6704 0.2569
vn 0.8289 0.5224 0.2002
vn 0.8289 0.5223 0.2002
vn 0.9241 0.3568 0.1367
vn 0.9241 0.3567 0.1367
vn 0.9811 0.1809 0.0693
vn 0.9810 0.1811 0.0693
vn 0.9988 0.0452 0.0174
vn 0.1136 0.9870 0.1136
vn 0.1216 0.9851 0.1216
vn 0.3330 0.9358 0.1155
vn 0.5316 0.8406 0.1037
vn 0.6995 0.7093 0.0875
vn 0.8314 0.5515 0.0681
vn 0.9254 0.3761 0.0464
vn 0.9814 0.1905 0.0235
vn 0.9988 0.0477 0.0059
vn 0.0000 -0.0478 -0.9989
vn 0.0000 -0.1431 -0.9897
vn 0.0002 -0.1905 -0.9817
vn 0.0000 -0.2376 -0.9714
vn 0.0000 -0.3307 -0.9437
vn 0.0002 -0.3766 -0.9264
vn 0.0000 -0.4218 -0.9067
vn 0.0000 -0.5100 -0.8602
vn 0.0002 -0.5528 -0.8333
vn 0.0000 -0.5945 -0.8041
vn 0.0000 -0.6742 -0.7385
vn 0.0002 -0.7120 -0.7022
vn 0.0000 -0.7481 -0.6636
vn 0.0000 -0.8149 -0.5796
vn 0.0002 -0.8452 -0.5345
vn 0.0000 -0.8732 -0.4873
vn 0.0000 -0.9218 -0.3876
vn 0.0002 -0.9421 -0.3353
vn 0.0000 -0.9595 -0.2816
vn 0.0000 -0.9853 -0.1709
vn 0.0002 -0.9934 -0.1144
vn 0.0000 -0.9984 -0.0573
vn 0.0000 0.9984 -0.0573
vn 0.0002 0.9934 -0.1144
vn 0.0000 0.9853 -0.1709
vn 0.0000 0.9595 -0.2816
vn 0.0002 0.9421 -0.3353
vn 0.0000 0.9218 -0.3876
vn 0.0000 0.8732 -0.4873
vn 0.0002 0.8452 -0.5345
vn 0.0000 0.8149 -0.5796
vn 0.0000 0.5528 -0.8333
vn 0.0004 0.5103 -0.8600
vn 0.0000 0.5945 -0.8041
vn 0.0000 0.7120 -0.7022
vn 0.0004 0.6744 -0.7383
vn 0.0000 0.7481 -0.6636
vn 0.0004 0.1435 -0.9897
vn 0.0000 0.2376 -0.9714
vn 0.0000 0.3766 -0.9264
vn 0.0004 0.3311 -0.9436
vn 0.0000 0.4218 -0.9067
vn 0.0000 0.1905 -0.9817
vn 0.0000 0.0478 -0.9989
vn 0.9989 0.0477 0.0000
vn 0.9887 0.1500 0.0000
vn 0.9817 0.1905 0.0022
vn 0.9696 0.2445 0.0000
vn 0.9391 0.3438 0.0000
vn 0.9264 0.3765 0.0020
vn 0.9006 0.4346 0.0000
vn 0.8490 0.5285 0.0000
vn 0.8333 0.5528 0.0018
vn 0.7909 0.6119 0.0000
vn 0.7180 0.6960 0.0000
vn 0.7022 0.7120 0.0015
vn 0.6404 0.7680 0.0000
vn 0.5476 0.8367 0.0000
vn 0.5345 0.8452 0.0011
vn 0.4524 0.8918 0.0000
vn 0.3428 0.9394 0.0000
vn 0.3353 0.9421 0.0006
vn 0.2346 0.9721 0.0000
vn 0.1144 0.9934 0.0000
vn -0.5447 0.0000 0.8387
vn -0.7071 0.0000 0.7071
vn -0.9986 0.0000 0.0524
vn -0.9877 0.0000 0.1564
vn -0.9659 0.0000 0.2588
vn -0.9336 0.0000 0.3583
vn -0.8910 0.0000 0.4540
vn -0.8387 0.0000 0.5447
vn -0.7771 0.0000 0.6293
vn -0.6293 0.0000 0.7771
vn -0.4540 0.0000 0.8910
vn -0.3584 0.0000 0.9336
vn -0.0523 0.0000 0.9986
vn -0.1564 0.0000 0.9877
vn -0.2588 0.0000 0.9659
vn 0.9338 -0.3419 -0.1055
vn 0.8440 -0.5255 -0.1071
vn 0.7138 -0.6918 -0.1091
vn 0.5442 -0.8316 -0.1111
vn 0.3406 -0.9334 -0.1127
vn 0.1136 -0.9870 -0.1136
vn 0.0523 -0.0054 -0.9986
vn 0.2079 -0.0212 -0.9779
vn 0.1544 -0.1594 -0.9751
vn 0.2587 -0.0267 -0.9656
vn 0.4064 -0.0418 -0.9128
vn 0.3555 -0.1257 -0.9262
vn 0.4535 -0.0466 -0.8900
vn 0.5867 -0.0604 -0.8075
vn 0.5405 -0.1222 -0.8324
vn 0.6280 -0.0646 -0.7755
vn 0.7052 -0.0726 -0.7052
vn 0.7356 -0.1059 -0.6691
vn 0.7747 -0.0796 -0.6273
vn 0.8355 -0.0859 -0.5427
vn 0.8588 -0.1143 -0.4994
vn 0.2331 -0.9658 -0.1138
vn 0.1216 -0.9851 -0.1216
vn 0.1155 -0.9358 -0.3330
vn 0.1155 -0.9358 -0.3331
vn 0.1037 -0.8406 -0.5316
vn 0.0875 -0.7093 -0.6995
vn 0.0875 -0.7092 -0.6995
vn 0.0681 -0.5515 -0.8314
vn 0.0464 -0.3762 -0.9254
vn 0.0235 -0.1905 -0.9814
vn 0.0235 -0.1904 -0.9814
vn 0.0059 -0.0478 -0.9988
vn 0.4498 -0.8860 -0.1125
vn 0.3550 -0.9262 -0.1273
vn 0.3378 -0.8814 -0.3302
vn 0.3039 -0.7930 -0.5279
vn 0.3039 -0.7930 -0.5280
vn 0.2569 -0.6704 -0.6961
vn 0.2002 -0.5223 -0.8289
vn 0.1368 -0.3568 -0.9241
vn 0.0693 -0.1808 -0.9811
vn 0.0174 -0.0454 -0.9988
vn 0.6365 -0.7633 -0.1104
vn 0.5621 -0.8167 -0.1308
vn 0.5361 -0.7789 -0.3254
vn 0.4837 -0.7028 -0.5216
vn 0.4103 -0.5962 -0.6900
vn 0.4103 -0.5962 -0.6901
vn 0.3207 -0.4661 -0.8246
vn 0.3208 -0.4660 -0.8246
vn 0.2197 -0.3193 -0.9218
vn 0.1116 -0.1621 -0.9804
vn 0.0280 -0.0407 -0.9988
vn 0.7861 -0.6085 -0.1083
vn 0.7320 -0.6683 -0.1326
vn 0.6998 -0.6389 -0.3195
vn 0.6335 -0.5784 -0.5140
vn 0.5396 -0.4926 -0.6828
vn 0.5396 -0.4926 -0.6827
vn 0.4236 -0.3866 -0.8192
vn 0.4235 -0.3867 -0.8192
vn 0.2912 -0.2658 -0.9190
vn 0.2911 -0.2658 -0.9190
vn 0.1482 -0.1353 -0.9797
vn 0.1482 -0.1352 -0.9797
vn 0.0372 -0.0340 -0.9987
vn 0.8955 -0.4321 -0.1064
vn 0.8597 -0.4932 -0.1334
vn 0.8235 -0.4725 -0.3140
vn 0.7478 -0.4290 -0.5067
vn 0.6394 -0.3669 -0.6757
vn 0.6394 -0.3668 -0.6757
vn 0.5039 -0.2891 -0.8139
vn 0.3476 -0.1994 -0.9162
vn 0.1773 -0.1017 -0.9789
vn 0.0446 -0.0256 -0.9987
vn 0.9643 -0.2430 -0.1050
vn 0.9440 -0.3016 -0.1335
vn 0.9057 -0.2893 -0.3098
vn 0.8244 -0.2633 -0.5010
vn 0.8243 -0.2634 -0.5011
vn 0.7070 -0.2259 -0.6702
vn 0.7070 -0.2258 -0.6702
vn 0.5589 -0.1785 -0.8098
vn 0.3865 -0.1235 -0.9140
vn 0.3865 -0.1234 -0.9140
vn 0.1975 -0.0631 -0.9783
vn 0.0497 -0.0159 -0.9986
vn 0.8873 -0.0913 -0.4521
vn 0.9293 -0.0956 -0.3567
vn 0.9436 -0.1206 -0.3085
vn 0.9612 -0.0988 -0.2576
vn 0.9894 -0.1018 -0.1040
vn 0.9772 -0.1449 -0.1548
vn 0.9756 -0.1480 -0.1620
vn 0.9975 -0.0476 -0.0522
vn 0.9986 0.0000 0.0523
vn 0.9781 0.0000 0.2079
vn 0.9136 0.0000 0.4067
vn 0.8090 0.0000 0.5878
vn 0.6691 0.0000 0.7431
vn 0.5000 0.0000 0.8660
vn 0.3090 0.0000 0.9511
vn 0.1045 0.0000 0.9945
vn 0.0004 -0.9752 0.2212
vn 0.0000 -0.9969 0.0786
vn 0.0000 -1.0000 0.0028
vn 0.0003 -0.8535 0.5210
vn 0.0000 -0.9098 0.4151
vn -0.0000 -0.9380 0.3468
vn 0.0011 -0.9369 0.3495
vn 0.0008 -0.9500 0.3122
vn 0.0002 -0.6826 0.7308
vn 0.0000 -0.7343 0.6788
vn -0.0000 -0.7676 0.6410
vn 0.0010 -0.7834 0.6216
vn 0.0008 -0.8029 0.5962
vn 0.0001 -0.4516 0.8922
vn 0.0000 -0.6743 0.7385
vn 0.0009 -0.5652 0.8250
vn 0.0005 -0.6128 0.7903
vn 0.0006 -0.0563 0.9984
vn 0.0001 -0.1788 0.9839
vn -0.0000 -0.2647 0.9643
vn 0.0008 -0.3076 0.9515
vn 0.0005 -0.3645 0.9312
vn -0.9667 -0.1320 0.2192
vn -0.9632 -0.1431 0.2274
vn -0.9471 -0.1430 0.2872
vn -0.9537 -0.1070 0.2811
vn -0.9347 -0.1431 0.3254
vn -0.9151 -0.1430 0.3771
vn -0.9160 -0.1386 0.3765
vn -0.8966 -0.1431 0.4191
vn -0.8753 -0.1430 0.4619
vn -0.8495 -0.1431 0.5077
vn -0.8434 -0.1326 0.5207
vn -0.8387 -0.1431 0.5255
vn -0.8039 -0.1429 0.5773
vn -0.8131 -0.0966 0.5740
vn -0.7804 -0.1431 0.6087
vn -0.7457 -0.1430 0.6508
vn -0.7153 -0.1431 0.6840
vn -0.6832 -0.1421 0.7163
vn -0.6830 -0.1430 0.7163
vn -0.6397 -0.1431 0.7552
vn -0.6444 -0.1322 0.7532
vn -0.6324 -0.1431 0.7613
vn -0.5903 -0.1429 0.7944
vn -0.5903 -0.1430 0.7944
vn -0.5509 -0.1431 0.8222
vn -0.5135 -0.1332 0.8477
vn -0.5117 -0.1430 0.8472
vn -0.4654 -0.1431 0.8735
vn -0.4371 -0.0777 0.8960
vn -0.4256 -0.1430 0.8936
vn -0.3765 -0.1431 0.9153
vn -0.3624 -0.0676 0.9296
vn -0.3418 -0.1431 0.9288
vn -0.2797 -0.1429 0.9494
vn -0.2934 -0.0178 0.9558
vn -0.2455 -0.1431 0.9588
vn -0.1894 -0.1430 0.9714
vn -0.1934 -0.1063 0.9753
vn -0.1475 -0.1431 0.9787
vn -0.0982 -0.1430 0.9848
vn -0.0478 -0.1431 0.9886
vn -0.0366 -0.1296 0.9909
vn -0.0319 -0.1431 0.9892
vn 0.0278 -0.1429 0.9893
vn 0.0222 -0.0689 0.9974
vn 0.0705 -0.1431 0.9872
vn 0.1252 -0.1430 0.9818
vn 0.1242 -0.1275 0.9840
vn 0.1731 -0.1431 0.9744
vn 0.2245 -0.1429 0.9639
vn 0.2760 -0.1431 0.9504
vn 0.2859 -0.1410 0.9478
vn 0.2867 -0.1431 0.9473
vn 0.3422 -0.1429 0.9287
vn 0.3396 -0.0877 0.9365
vn 0.3836 -0.1431 0.9123
vn 0.4346 -0.1429 0.8892
vn 0.4337 -0.1135 0.8939
vn 0.4786 -0.1431 0.8663
vn 0.5227 -0.1429 0.8405
vn 0.5660 -0.1431 0.8119
vn 0.5739 -0.1399 0.8069
vn 0.5753 -0.1431 0.8053
vn 0.6213 -0.1429 0.7705
vn 0.6205 -0.1090 0.7766
vn 0.6560 -0.1431 0.7411
vn 0.6966 -0.1429 0.7031
vn 0.6965 -0.1246 0.7066
vn 0.7314 -0.1431 0.6668
vn 0.7647 -0.1430 0.6284
vn 0.7647 -0.1429 0.6284
vn 0.7967 -0.1431 0.5872
vn 0.8211 -0.1310 0.5555
vn 0.8211 -0.1430 0.5525
vn 0.8503 -0.1431 0.5066
vn 0.8738 -0.0880 0.4782
vn 0.8748 -0.1430 0.4630
vn 0.8988 -0.1431 0.4143
vn 0.9193 -0.0804 0.3852
vn 0.9195 -0.1431 0.3662
vn 0.9386 -0.1431 0.3141
vn 0.9385 -0.1403 0.3155
vn 0.9444 -0.1432 0.2961
vn 0.9581 -0.1429 0.2481
vn 0.9700 -0.1431 0.1966
vn 0.9802 -0.1275 0.1516
vn 0.9786 -0.1430 0.1477
vn 0.9853 -0.1430 0.0939
vn 0.9923 -0.1128 0.0511
vn 0.9888 -0.1430 0.0432
vn 0.9896 -0.1431 -0.0108
vn 0.9928 -0.1118 -0.0430
vn 0.9883 -0.1430 -0.0536
vn 0.9839 -0.1431 -0.1074
vn 0.9839 -0.1430 -0.1074
vn 0.9738 -0.1429 -0.1770
vn 0.9738 -0.1430 -0.1770
vn 0.9627 -0.1431 -0.2297
vn 0.9549 -0.1202 -0.2715
vn 0.9504 -0.1430 -0.2761
vn 0.9340 -0.1431 -0.3273
vn 0.9264 -0.1010 -0.3626
vn 0.9173 -0.1431 -0.3717
vn 0.8941 -0.1431 -0.4243
vn 0.8968 -0.1346 -0.4215
vn 0.8860 -0.1431 -0.4410
vn 0.8617 -0.1429 -0.4869
vn 0.8617 -0.1430 -0.4869
vn 0.8361 -0.1431 -0.5296
vn 0.8130 -0.1300 -0.5676
vn 0.8101 -0.1430 -0.5686
vn 0.7782 -0.1431 -0.6115
vn 0.7600 -0.0977 -0.6425
vn 0.7493 -0.1430 -0.6466
vn 0.7177 -0.1431 -0.6815
vn 0.7044 -0.1431 -0.6952
vn 0.6774 -0.1046 -0.7281
vn 0.6695 -0.1430 -0.7289
vn 0.6292 -0.1431 -0.7640
vn 0.6071 -0.0763 -0.7910
vn 0.5929 -0.1431 -0.7925
vn 0.5490 -0.1431 -0.8235
vn 0.5334 -0.0558 -0.8440
vn 0.5116 -0.1431 -0.8472
vn 0.4831 -0.1431 -0.8638
vn 0.4562 -0.1431 -0.8783
vn 0.4357 -0.0285 -0.8996
vn 0.4130 -0.1431 -0.8994
vn 0.3634 -0.1431 -0.9206
vn 0.3485 -0.0280 -0.9369
vn 0.3203 -0.1431 -0.9365
vn 0.2585 -0.1430 -0.9554
vn 0.2712 -0.0310 -0.9620
vn 0.2253 -0.1431 -0.9637
vn 0.1711 -0.1430 -0.9748
vn 0.1724 -0.1310 -0.9763
vn 0.1281 -0.1431 -0.9814
vn 0.0813 -0.1430 -0.9864
vn 0.0287 -0.1431 -0.9893
vn -0.0128 -0.0657 -0.9978
vn -0.0197 -0.1430 -0.9895
vn -0.0737 -0.1431 -0.9870
vn -0.1114 -0.0204 -0.9936
vn -0.1230 -0.1430 -0.9821
vn -0.1726 -0.1431 -0.9745
vn -0.1892 -0.1431 -0.9714
vn -0.2339 -0.0995 -0.9671
vn -0.2366 -0.1430 -0.9610
vn -0.2890 -0.1431 -0.9466
vn -0.3313 -0.0562 -0.9419
vn -0.3371 -0.1430 -0.9306
vn -0.3877 -0.1431 -0.9106
vn -0.4247 -0.0520 -0.9039
vn -0.4318 -0.1430 -0.8905
vn -0.4748 -0.1431 -0.8684
vn -0.4896 -0.1431 -0.8601
vn -0.5288 -0.0948 -0.8434
vn -0.5311 -0.1430 -0.8352
vn -0.5763 -0.1431 -0.8046
vn -0.6134 -0.0689 -0.7868
vn -0.6174 -0.1430 -0.7735
vn -0.6591 -0.1431 -0.7384
vn -0.6901 -0.0750 -0.7198
vn -0.6945 -0.1430 -0.7052
vn -0.7427 -0.1430 -0.6541
vn -0.7379 -0.0712 -0.6712
vn -0.7546 -0.1431 -0.6404
vn -0.7954 -0.1429 -0.5889
vn -0.7945 -0.0688 -0.6033
vn -0.8177 -0.1431 -0.5575
vn -0.8523 -0.1429 -0.5031
vn -0.8529 -0.0780 -0.5162
vn -0.8730 -0.1431 -0.4662
vn -0.9013 -0.1429 -0.4090
vn -0.9029 -0.0868 -0.4210
vn -0.9183 -0.1431 -0.3692
vn -0.9390 -0.1429 -0.3128
vn -0.9408 -0.1115 -0.3202
vn -0.9520 -0.1431 -0.2707
vn -0.9662 -0.1429 -0.2146
vn -0.9679 -0.1226 -0.2193
vn -0.9754 -0.1431 -0.1677
vn -0.9812 -0.1431 -0.1298
vn -0.9890 -0.1396 -0.0480
vn -0.9886 -0.1429 -0.0473
vn -0.9812 -0.1430 -0.1298
vn -0.9897 -0.1431 0.0008
vn -0.9884 -0.1429 0.0506
vn -0.9884 -0.1430 0.0506
vn -0.9843 -0.1431 0.1035
vn -0.9808 -0.1258 0.1489
vn -0.9779 -0.1430 0.1527
vn -0.9681 -0.1431 0.2056
vn -0.8966 -0.4214 0.1361
vn -0.9057 -0.4214 0.0464
vn -0.9059 -0.4214 -0.0433
vn -0.8990 -0.4216 -0.1189
vn -0.8853 -0.4213 -0.1966
vn -0.8604 -0.4213 -0.2866
vn -0.8604 -0.4214 -0.2866
vn -0.8259 -0.4213 -0.3748
vn -0.8258 -0.4213 -0.3748
vn -0.7810 -0.4213 -0.4610
vn -0.7289 -0.4213 -0.5396
vn -0.7289 -0.4214 -0.5396
vn -0.6805 -0.4216 -0.5993
vn -0.6277 -0.4213 -0.6546
vn -0.6276 -0.4214 -0.6546
vn -0.5576 -0.4213 -0.7153
vn -0.4817 -0.4213 -0.7684
vn -0.4817 -0.4214 -0.7684
vn -0.4349 -0.4218 -0.7956
vn -0.4350 -0.4218 -0.7956
vn -0.3857 -0.4214 -0.8208
vn -0.3856 -0.4214 -0.8208
vn -0.3009 -0.4213 -0.8555
vn -0.3009 -0.4214 -0.8555
vn -0.2132 -0.4214 -0.8815
vn -0.1581 -0.4218 -0.8928
vn -0.1011 -0.4213 -0.9013
vn -0.1011 -0.4214 -0.9012
vn -0.0116 -0.4214 -0.9068
vn 0.0745 -0.4214 -0.9038
vn 0.1567 -0.4214 -0.8932
vn 0.2369 -0.4214 -0.8754
vn 0.3161 -0.4214 -0.8500
vn 0.3162 -0.4214 -0.8500
vn 0.3953 -0.4214 -0.8162
vn 0.4426 -0.4218 -0.7913
vn 0.4845 -0.4215 -0.7666
vn 0.4845 -0.4214 -0.7666
vn 0.5521 -0.4214 -0.7194
vn 0.6177 -0.4214 -0.6640
vn 0.6575 -0.4218 -0.6243
vn 0.6925 -0.4215 -0.5855
vn 0.6925 -0.4214 -0.5855
vn 0.7436 -0.4214 -0.5191
vn 0.7896 -0.4214 -0.4461
vn 0.7895 -0.4214 -0.4461
vn 0.8192 -0.4217 -0.3887
vn 0.8445 -0.4214 -0.3306
vn 0.8723 -0.4214 -0.2480
vn 0.8923 -0.4214 -0.1622
vn 0.9014 -0.4217 -0.0984
vn 0.9060 -0.4215 -0.0393
vn 0.9057 -0.4214 0.0467
vn 0.9057 -0.4213 0.0467
vn 0.8963 -0.4213 0.1386
vn 0.8962 -0.4214 0.1386
vn 0.8779 -0.4213 0.2274
vn 0.8779 -0.4214 0.2274
vn 0.8599 -0.4217 0.2877
vn 0.8365 -0.4213 0.3505
vn 0.7956 -0.4213 0.4354
vn 0.7955 -0.4214 0.4354
vn 0.7511 -0.4215 0.5082
vn 0.7511 -0.4214 0.5082
vn 0.7007 -0.4214 0.5758
vn 0.6383 -0.4213 0.6443
vn 0.6383 -0.4214 0.6442
vn 0.5692 -0.4214 0.7060
vn 0.5255 -0.4218 0.7389
vn 0.4789 -0.4213 0.7701
vn 0.4789 -0.4214 0.7701
vn 0.3982 -0.4213 0.8148
vn 0.3136 -0.4213 0.8510
vn 0.3136 -0.4214 0.8509
vn 0.2619 -0.4218 0.8681
vn 0.2057 -0.4213 0.8833
vn 0.1147 -0.4213 0.8996
vn 0.1147 -0.4214 0.8996
vn 0.0254 -0.4214 0.9065
vn -0.0335 -0.4217 0.9061
vn -0.0900 -0.4214 0.9024
vn -0.1735 -0.4214 0.8901
vn -0.2562 -0.4214 0.8699
vn -0.2563 -0.4214 0.8699
vn -0.3294 -0.4216 0.8449
vn -0.3294 -0.4215 0.8449
vn -0.3976 -0.4215 0.8150
vn -0.3976 -0.4214 0.8151
vn -0.4699 -0.4214 0.7756
vn -0.4699 -0.4214 0.7757
vn -0.5409 -0.4214 0.7279
vn -0.5860 -0.4218 0.6919
vn -0.6259 -0.4215 0.6562
vn -0.6259 -0.4214 0.6562
vn -0.6833 -0.4214 0.5963
vn -0.7366 -0.4214 0.5290
vn -0.7716 -0.4217 0.4763
vn -0.8020 -0.4214 0.4232
vn -0.8020 -0.4214 0.4233
vn -0.8385 -0.4214 0.3455
vn -0.8679 -0.4214 0.2632
vn -0.8843 -0.4217 0.2005
vn -0.7305 -0.6738 0.1109
vn -0.7380 -0.6738 0.0378
vn -0.7381 -0.6738 -0.0353
vn -0.7323 -0.6740 -0.0969
vn -0.7214 -0.6738 -0.1602
vn -0.7011 -0.6738 -0.2335
vn -0.6729 -0.6737 -0.3054
vn -0.6364 -0.6737 -0.3756
vn -0.5939 -0.6738 -0.4397
vn -0.5544 -0.6740 -0.4882
vn -0.5114 -0.6738 -0.5334
vn -0.5114 -0.6738 -0.5333
vn -0.4543 -0.6737 -0.5828
vn -0.4543 -0.6738 -0.5828
vn -0.3925 -0.6738 -0.6261
vn -0.3925 -0.6738 -0.6260
vn -0.3543 -0.6742 -0.6480
vn -0.3142 -0.6738 -0.6688
vn -0.2452 -0.6737 -0.6971
vn -0.2452 -0.6738 -0.6971
vn -0.1737 -0.6738 -0.7182
vn -0.1288 -0.6742 -0.7272
vn -0.0824 -0.6738 -0.7343
vn -0.0095 -0.6738 -0.7388
vn 0.0607 -0.6739 -0.7364
vn 0.0607 -0.6738 -0.7364
vn 0.1277 -0.6739 -0.7277
vn 0.1930 -0.6739 -0.7132
vn 0.2576 -0.6739 -0.6925
vn 0.2576 -0.6738 -0.6925
vn 0.3221 -0.6738 -0.6650
vn 0.3605 -0.6742 -0.6446
vn 0.3947 -0.6739 -0.6245
vn 0.3947 -0.6739 -0.6246
vn 0.4499 -0.6739 -0.5861
vn 0.4499 -0.6738 -0.5861
vn 0.5033 -0.6738 -0.5410
vn 0.5356 -0.6742 -0.5085
vn 0.5642 -0.6739 -0.4770
vn 0.6058 -0.6739 -0.4230
vn 0.6433 -0.6738 -0.3635
vn 0.6673 -0.6742 -0.3166
vn 0.6673 -0.6741 -0.3166
vn 0.6881 -0.6738 -0.2693
vn 0.6880 -0.6738 -0.2693
vn 0.7107 -0.6739 -0.2020
vn 0.7107 -0.6738 -0.2021
vn 0.7270 -0.6738 -0.1321
vn 0.7342 -0.6742 -0.0801
vn 0.7342 -0.6741 -0.0801
vn 0.7381 -0.6739 -0.0320
vn 0.7380 -0.6738 0.0380
vn 0.7302 -0.6738 0.1129
vn 0.7303 -0.6738 0.1129
vn 0.7153 -0.6738 0.1853
vn 0.7153 -0.6738 0.1852
vn 0.7004 -0.6741 0.2344
vn 0.7004 -0.6742 0.2344
vn 0.6816 -0.6737 0.2856
vn 0.6482 -0.6738 0.3547
vn 0.6119 -0.6739 0.4140
vn 0.5709 -0.6738 0.4691
vn 0.5201 -0.6737 0.5249
vn 0.5201 -0.6738 0.5249
vn 0.4638 -0.6738 0.5752
vn 0.4280 -0.6742 0.6019
vn 0.4280 -0.6742 0.6018
vn 0.3902 -0.6738 0.6275
vn 0.3245 -0.6737 0.6639
vn 0.3245 -0.6738 0.6639
vn 0.2555 -0.6738 0.6933
vn 0.2133 -0.6742 0.7070
vn 0.1676 -0.6737 0.7197
vn 0.1676 -0.6738 0.7197
vn 0.0934 -0.6738 0.7330
vn 0.0207 -0.6738 0.7386
vn -0.0273 -0.6742 0.7380
vn -0.0733 -0.6739 0.7352
vn -0.0733 -0.6738 0.7352
vn -0.1414 -0.6739 0.7252
vn -0.1414 -0.6738 0.7252
vn -0.2088 -0.6738 0.7088
vn -0.2684 -0.6740 0.6883
vn -0.3239 -0.6739 0.6640
vn -0.3239 -0.6739 0.6641
vn -0.3828 -0.6739 0.6319
vn -0.3828 -0.6738 0.6320
vn -0.4407 -0.6738 0.5931
vn -0.4773 -0.6742 0.5636
vn -0.5099 -0.6739 0.5346
vn -0.5100 -0.6739 0.5347
vn -0.5567 -0.6739 0.4858
vn -0.5567 -0.6738 0.4858
vn -0.6002 -0.6738 0.4310
vn -0.6285 -0.6742 0.3880
vn -0.6535 -0.6739 0.3448
vn -0.6535 -0.6738 0.3448
vn -0.6832 -0.6738 0.2815
vn -0.7071 -0.6738 0.2144
vn -0.7203 -0.6742 0.1633
vn -0.4823 -0.8730 0.0732
vn -0.4871 -0.8730 0.0249
vn -0.4872 -0.8730 -0.0233
vn -0.4833 -0.8731 -0.0639
vn -0.4762 -0.8729 -0.1058
vn -0.4628 -0.8730 -0.1542
vn -0.4443 -0.8729 -0.2016
vn -0.4442 -0.8729 -0.2016
vn -0.4202 -0.8729 -0.2480
vn -0.4201 -0.8729 -0.2480
vn -0.3921 -0.8729 -0.2903
vn -0.3920 -0.8730 -0.2902
vn -0.3659 -0.8731 -0.3222
vn -0.3376 -0.8730 -0.3521
vn -0.3000 -0.8729 -0.3848
vn -0.2999 -0.8729 -0.3847
vn -0.2591 -0.8730 -0.4133
vn -0.2338 -0.8732 -0.4276
vn -0.2074 -0.8730 -0.4415
vn -0.1619 -0.8729 -0.4602
vn -0.1619 -0.8730 -0.4602
vn -0.1147 -0.8730 -0.4741
vn -0.0850 -0.8732 -0.4799
vn -0.0544 -0.8730 -0.4848
vn -0.0544 -0.8730 -0.4847
vn -0.0062 -0.8730 -0.4877
vn 0.0401 -0.8730 -0.4861
vn 0.0843 -0.8730 -0.4804
vn 0.1274 -0.8730 -0.4708
vn 0.1700 -0.8730 -0.4571
vn 0.2126 -0.8730 -0.4390
vn 0.2379 -0.8732 -0.4253
vn 0.2606 -0.8730 -0.4122
vn 0.2606 -0.8730 -0.4123
vn 0.2969 -0.8730 -0.3869
vn 0.2970 -0.8730 -0.3869
vn 0.3322 -0.8730 -0.3571
vn 0.3534 -0.8732 -0.3356
vn 0.3724 -0.8730 -0.3149
vn 0.3725 -0.8730 -0.3149
vn 0.3999 -0.8730 -0.2792
vn 0.4247 -0.8730 -0.2399
vn 0.4404 -0.8732 -0.2089
vn 0.4404 -0.8732 -0.2090
vn 0.4542 -0.8730 -0.1778
vn 0.4691 -0.8730 -0.1334
vn 0.4692 -0.8730 -0.1334
vn 0.4799 -0.8730 -0.0872
vn 0.4846 -0.8732 -0.0529
vn 0.4845 -0.8732 -0.0529
vn 0.4872 -0.8730 -0.0211
vn 0.4872 -0.8730 0.0251
vn 0.4872 -0.8729 0.0251
vn 0.4821 -0.8730 0.0746
vn 0.4820 -0.8730 0.0746
vn 0.4722 -0.8730 0.1223
vn 0.4622 -0.8732 0.1547
vn 0.4500 -0.8729 0.1885
vn 0.4279 -0.8729 0.2342
vn 0.4279 -0.8730 0.2342
vn 0.4039 -0.8730 0.2733
vn 0.3769 -0.8730 0.3097
vn 0.3768 -0.8730 0.3097
vn 0.3434 -0.8729 0.3466
vn 0.3433 -0.8729 0.3465
vn 0.3062 -0.8730 0.3797
vn 0.2825 -0.8732 0.3972
vn 0.2824 -0.8732 0.3971
vn 0.2576 -0.8730 0.4142
vn 0.2142 -0.8729 0.4383
vn 0.1687 -0.8730 0.4577
vn 0.1408 -0.8732 0.4666
vn 0.1107 -0.8729 0.4751
vn 0.0617 -0.8730 0.4839
vn 0.0137 -0.8730 0.4876
vn -0.0180 -0.8732 0.4870
vn -0.0484 -0.8730 0.4853
vn -0.0933 -0.8730 0.4787
vn -0.1378 -0.8730 0.4679
vn -0.1771 -0.8731 0.4543
vn -0.2138 -0.8730 0.4383
vn -0.2527 -0.8730 0.4171
vn -0.2527 -0.8730 0.4172
vn -0.2909 -0.8730 0.3915
vn -0.3150 -0.8732 0.3719
vn -0.3366 -0.8730 0.3529
vn -0.3675 -0.8730 0.3207
vn -0.3962 -0.8730 0.2845
vn -0.4147 -0.8732 0.2560
vn -0.4314 -0.8730 0.2276
vn -0.4510 -0.8730 0.1858
vn -0.4668 -0.8730 0.1415
vn -0.4754 -0.8732 0.1078
vn -0.1709 -0.9853 -0.0083
vn -0.1695 -0.9853 -0.0224
vn -0.1671 -0.9852 -0.0371
vn -0.1624 -0.9852 -0.0541
vn -0.1559 -0.9852 -0.0707
vn -0.1474 -0.9852 -0.0870
vn -0.1376 -0.9852 -0.1018
vn -0.1375 -0.9852 -0.1018
vn -0.1283 -0.9853 -0.1130
vn -0.1184 -0.9852 -0.1235
vn -0.1184 -0.9853 -0.1235
vn -0.1052 -0.9852 -0.1350
vn -0.0909 -0.9852 -0.1450
vn -0.0909 -0.9853 -0.1450
vn -0.0820 -0.9853 -0.1500
vn -0.0728 -0.9852 -0.1549
vn -0.0728 -0.9853 -0.1549
vn -0.0568 -0.9852 -0.1615
vn -0.0568 -0.9852 -0.1614
vn -0.0402 -0.9852 -0.1663
vn -0.0298 -0.9853 -0.1683
vn -0.0191 -0.9852 -0.1701
vn -0.0022 -0.9852 -0.1711
vn 0.0141 -0.9853 -0.1705
vn 0.0296 -0.9853 -0.1685
vn 0.0447 -0.9853 -0.1652
vn 0.0596 -0.9853 -0.1604
vn 0.0597 -0.9853 -0.1604
vn 0.0746 -0.9853 -0.1540
vn 0.0746 -0.9852 -0.1540
vn 0.0834 -0.9853 -0.1492
vn 0.0914 -0.9853 -0.1446
vn 0.1042 -0.9853 -0.1357
vn 0.1166 -0.9853 -0.1253
vn 0.1166 -0.9852 -0.1253
vn 0.1240 -0.9853 -0.1177
vn 0.1307 -0.9853 -0.1105
vn 0.1403 -0.9853 -0.0979
vn 0.1403 -0.9853 -0.0980
vn 0.1490 -0.9853 -0.0842
vn 0.1490 -0.9852 -0.0842
vn 0.1545 -0.9853 -0.0733
vn 0.1593 -0.9853 -0.0624
vn 0.1646 -0.9852 -0.0468
vn 0.1684 -0.9852 -0.0306
vn 0.1700 -0.9853 -0.0185
vn 0.1709 -0.9853 -0.0074
vn 0.1709 -0.9852 0.0088
vn 0.1691 -0.9852 0.0262
vn 0.1657 -0.9852 0.0429
vn 0.1621 -0.9853 0.0542
vn 0.1579 -0.9852 0.0661
vn 0.1501 -0.9852 0.0822
vn 0.1417 -0.9853 0.0959
vn 0.1322 -0.9852 0.1086
vn 0.1205 -0.9852 0.1216
vn 0.1074 -0.9852 0.1332
vn 0.1074 -0.9853 0.1332
vn 0.0991 -0.9853 0.1393
vn 0.0904 -0.9852 0.1453
vn 0.0904 -0.9853 0.1453
vn 0.0752 -0.9852 0.1538
vn 0.0592 -0.9852 0.1606
vn 0.0592 -0.9853 0.1606
vn 0.0494 -0.9853 0.1637
vn 0.0494 -0.9853 0.1636
vn 0.0388 -0.9852 0.1667
vn 0.0216 -0.9852 0.1698
vn 0.0048 -0.9852 0.1711
vn -0.0063 -0.9853 0.1708
vn -0.0170 -0.9853 0.1703
vn -0.0327 -0.9853 0.1679
vn -0.0484 -0.9853 0.1641
vn -0.0621 -0.9853 0.1594
vn -0.0750 -0.9853 0.1538
vn -0.0886 -0.9853 0.1463
vn -0.0887 -0.9853 0.1463
vn -0.1021 -0.9853 0.1373
vn -0.1021 -0.9852 0.1374
vn -0.1105 -0.9853 0.1304
vn -0.1181 -0.9853 0.1238
vn -0.1289 -0.9853 0.1125
vn -0.1390 -0.9853 0.0998
vn -0.1390 -0.9852 0.0998
vn -0.1455 -0.9853 0.0898
vn -0.1513 -0.9853 0.0799
vn -0.1582 -0.9853 0.0652
vn -0.1638 -0.9853 0.0497
vn -0.1638 -0.9852 0.0497
vn -0.1667 -0.9853 0.0378
vn -0.1692 -0.9852 0.0257
vn -0.1709 -0.9852 0.0087
vn -0.1709 -0.9853 0.0001
vn -0.1703 -0.9854 -0.0081
vn 0.8194 -0.5701 0.0602
vn 0.9479 -0.3102 0.0732
vn 0.9608 -0.2672 0.0744
vn 0.9794 -0.1822 0.0873
vn 0.8435 -0.5335 0.0623
vn 0.8847 -0.4597 0.0772
vn 0.9164 -0.3824 0.1183
vn 0.5877 -0.8081 0.0395
vn 0.6552 -0.7541 0.0447
vn 0.6325 -0.7734 0.0430
vn 0.6689 -0.7417 0.0494
vn 0.7167 -0.6944 0.0641
vn 0.7665 -0.6351 0.0951
vn 0.3049 -0.9522 0.0181
vn 0.5217 -0.8525 0.0322
vn 0.3382 -0.9408 0.0204
vn 0.4045 -0.9141 0.0270
vn 0.4978 -0.8658 0.0514
vn 0.0027 -1.0000 0.0001
vn 0.0758 -0.9971 0.0042
vn 0.2010 -0.9792 0.0267
vn 0.0335 -0.9994 -0.0021
vn 0.1345 -0.9908 -0.0128
vn 0.5342 -0.8431 -0.0614
vn 0.4336 -0.9004 -0.0360
vn 0.3611 -0.9321 -0.0270
vn 0.3347 -0.9420 -0.0244
vn 0.3026 -0.9529 -0.0219
vn 0.7339 -0.6753 -0.0730
vn 0.6923 -0.7190 -0.0619
vn 0.6483 -0.7596 -0.0523
vn 0.9221 -0.3713 -0.1089
vn 0.8929 -0.4416 -0.0883
vn 0.8548 -0.5136 -0.0747
vn 0.8278 -0.5564 -0.0714
vn 0.9878 -0.1073 -0.1132
vn 0.9763 -0.1956 -0.0925
vn 0.9590 -0.2700 -0.0863
vn 0.9666 -0.1646 0.1966
vn 0.9679 -0.1444 0.2055
vn 0.9790 -0.1444 0.1442
vn 0.9742 -0.1808 0.1348
vn 0.9849 -0.1441 0.0958
vn 0.9834 -0.1441 0.1101
vn 0.9953 -0.0568 0.0782
vn 0.9649 -0.1446 0.2191
vn 0.9515 -0.1445 0.2716
vn 0.9489 -0.1574 0.2735
vn 0.9372 -0.1452 0.3172
vn 0.9199 -0.1450 0.3643
vn 0.8999 -0.1452 0.4113
vn 0.8783 -0.1666 0.4481
vn 0.8795 -0.1444 0.4535
vn 0.8490 -0.1445 0.5082
vn 0.8504 -0.1684 0.4985
vn 0.8430 -0.1446 0.5182
vn 0.8132 -0.1445 0.5638
vn 0.8094 -0.1617 0.5646
vn 0.7853 -0.1451 0.6019
vn 0.7543 -0.1450 0.6403
vn 0.7205 -0.1451 0.6781
vn 0.6890 -0.1765 0.7030
vn 0.6889 -0.1443 0.7103
vn 0.6495 -0.1443 0.7465
vn 0.6480 -0.1481 0.7471
vn 0.6374 -0.1445 0.7568
vn 0.5984 -0.1444 0.7881
vn 0.5982 -0.1450 0.7881
vn 0.5563 -0.1452 0.8182
vn 0.5181 -0.1817 0.8358
vn 0.5174 -0.1450 0.8434
vn 0.4711 -0.1451 0.8701
vn 0.4355 -0.2288 0.8706
vn 0.4313 -0.1449 0.8905
vn 0.3823 -0.1449 0.9126
vn 0.3633 -0.2195 0.9055
vn 0.3478 -0.1450 0.9263
vn 0.2887 -0.1449 0.9464
vn 0.2912 -0.2359 0.9271
vn 0.2515 -0.1452 0.9569
vn 0.1986 -0.1451 0.9693
vn 0.1983 -0.1479 0.9689
vn 0.1536 -0.1452 0.9774
vn 0.1070 -0.1451 0.9836
vn 0.1071 -0.1444 0.9837
vn 0.0537 -0.1445 0.9880
vn 0.0442 -0.1631 0.9856
vn 0.0370 -0.1446 0.9888
vn -0.0208 -0.1444 0.9893
vn -0.0167 -0.1959 0.9805
vn -0.0654 -0.1453 0.9872
vn -0.1181 -0.1451 0.9823
vn -0.1181 -0.1452 0.9823
vn -0.1679 -0.1454 0.9750
vn -0.2167 -0.1553 0.9638
vn -0.2179 -0.1443 0.9652
vn -0.2706 -0.1445 0.9518
vn -0.2788 -0.1515 0.9483
vn -0.2822 -0.1445 0.9484
vn -0.3366 -0.1443 0.9305
vn -0.3306 -0.1878 0.9249
vn -0.3792 -0.1454 0.9138
vn -0.4278 -0.1452 0.8922
vn -0.4280 -0.1591 0.8897
vn -0.4742 -0.1454 0.8683
vn -0.5170 -0.1452 0.8436
vn -0.5170 -0.1442 0.8438
vn -0.5618 -0.1443 0.8146
vn -0.5679 -0.1499 0.8093
vn -0.5714 -0.1444 0.8078
vn -0.6141 -0.1443 0.7759
vn -0.6141 -0.1694 0.7709
vn -0.6523 -0.1453 0.7439
vn -0.6913 -0.1451 0.7078
vn -0.6911 -0.1536 0.7062
vn -0.7280 -0.1453 0.6700
vn -0.7605 -0.1452 0.6330
vn -0.7605 -0.1450 0.6330
vn -0.7936 -0.1451 0.5909
vn -0.8136 -0.1666 0.5571
vn -0.8187 -0.1450 0.5556
vn -0.8479 -0.1451 0.5098
vn -0.8557 -0.2089 0.4735
vn -0.8726 -0.1452 0.4663
vn -0.8968 -0.1453 0.4178
vn -0.8986 -0.2170 0.3814
vn -0.9178 -0.1446 0.3697
vn -0.9367 -0.1447 0.3190
vn -0.9367 -0.1506 0.3161
vn -0.9436 -0.1447 0.2980
vn -0.9578 -0.1445 0.2485
vn -0.9577 -0.1451 0.2484
vn -0.9693 -0.1453 0.1984
vn -0.9761 -0.1563 0.1513
vn -0.9781 -0.1452 0.1493
vn -0.9847 -0.1453 0.0957
vn -0.9834 -0.1742 0.0508
vn -0.9884 -0.1452 0.0448
vn -0.9893 -0.1453 -0.0092
vn -0.9813 -0.1853 -0.0511
vn -0.9875 -0.1452 -0.0606
vn -0.9828 -0.1452 -0.1143
vn -0.9704 -0.1899 -0.1494
vn -0.9760 -0.1452 -0.1621
vn -0.9658 -0.1452 -0.2150
vn -0.9489 -0.2022 -0.2422
vn -0.9542 -0.1452 -0.2615
vn -0.9386 -0.1451 -0.3131
vn -0.9200 -0.2082 -0.3320
vn -0.9225 -0.1445 -0.3579
vn -0.9051 -0.1446 -0.3999
vn -0.9051 -0.1445 -0.3999
vn -0.8926 -0.1446 -0.4271
vn -0.8687 -0.1850 -0.4596
vn -0.8707 -0.1450 -0.4700
vn -0.8439 -0.1451 -0.5165
vn -0.8177 -0.2048 -0.5380
vn -0.8186 -0.1451 -0.5557
vn -0.7872 -0.1451 -0.5994
vn -0.7626 -0.2160 -0.6097
vn -0.7591 -0.1444 -0.6348
vn -0.7324 -0.1444 -0.6653
vn -0.7324 -0.1445 -0.6654
vn -0.7113 -0.1445 -0.6879
vn -0.6775 -0.2159 -0.7032
vn -0.5343 -0.2309 -0.8131
vn -0.6770 -0.1451 -0.7215
vn -0.6369 -0.1451 -0.7572
vn -0.6058 -0.2321 -0.7610
vn -0.6011 -0.1451 -0.7859
vn -0.5574 -0.1451 -0.8175
vn -0.5204 -0.1445 -0.8416
vn -0.4873 -0.1445 -0.8612
vn -0.4873 -0.1446 -0.8612
vn -0.4544 -0.1447 -0.8790
vn -0.4162 -0.2487 -0.8746
vn -0.2465 -0.2561 -0.9347
vn -0.4114 -0.1451 -0.8998
vn -0.3619 -0.1452 -0.9208
vn -0.3306 -0.2642 -0.9060
vn -0.3188 -0.1451 -0.9367
vn -0.2672 -0.1451 -0.9527
vn -0.2236 -0.1441 -0.9640
vn -0.2008 -0.1441 -0.9690
vn -0.2007 -0.1443 -0.9690
vn -0.1626 -0.1443 -0.9761
vn -0.1405 -0.2831 -0.9488
vn -0.1148 -0.1452 -0.9827
vn -0.0610 -0.1452 -0.9875
vn -0.0482 -0.2564 -0.9654
vn -0.0132 -0.1453 -0.9893
vn 0.0471 -0.1452 -0.9883
vn 0.0401 -0.2286 -0.9727
vn 0.0895 -0.1444 -0.9855
vn 0.1068 -0.1443 -0.9837
vn 0.1069 -0.1444 -0.9837
vn 0.1537 -0.1444 -0.9775
vn 0.1617 -0.2574 -0.9527
vn 0.2018 -0.1453 -0.9686
vn 0.2621 -0.1452 -0.9541
vn 0.2487 -0.2473 -0.9365
vn 0.3026 -0.1455 -0.9420
vn 0.3602 -0.1453 -0.9215
vn 0.3465 -0.2384 -0.9073
vn 0.4029 -0.1444 -0.9038
vn 0.4202 -0.1444 -0.8958
vn 0.4203 -0.1444 -0.8958
vn 0.4733 -0.1443 -0.8690
vn 0.4474 -0.2790 -0.8497
vn 0.5041 -0.1453 -0.8513
vn 0.5591 -0.1452 -0.8163
vn 0.5369 -0.2548 -0.8042
vn 0.5921 -0.1454 -0.7927
vn 0.6391 -0.1452 -0.7553
vn 0.6278 -0.2001 -0.7522
vn 0.6713 -0.1444 -0.7270
vn 0.6859 -0.1443 -0.7133
vn 0.6859 -0.1444 -0.7132
vn 0.7290 -0.1443 -0.6691
vn 0.7029 -0.2522 -0.6651
vn 0.7517 -0.1453 -0.6433
vn 0.7931 -0.1451 -0.5915
vn 0.7719 -0.2335 -0.5913
vn 0.8160 -0.1453 -0.5595
vn 0.8491 -0.1452 -0.5079
vn 0.8382 -0.1926 -0.5103
vn 0.8696 -0.1453 -0.4718
vn 0.8963 -0.1451 -0.4191
vn 0.8889 -0.1789 -0.4217
vn 0.9150 -0.1453 -0.3764
vn 0.9340 -0.1452 -0.3263
vn 0.9332 -0.1549 -0.3242
vn 0.9952 -0.0352 -0.0908
vn 0.9844 -0.1441 -0.1009
vn 0.9791 -0.1441 -0.1435
vn 0.9787 -0.1461 -0.1441
vn 0.9738 -0.1450 -0.1755
vn 0.9631 -0.1448 -0.2268
vn 0.9631 -0.1452 -0.2267
vn 0.9495 -0.1453 -0.2782
vn 0.9013 -0.4246 0.0855
vn 0.8970 -0.4242 0.1240
vn 0.8978 -0.4227 0.1238
vn 0.8864 -0.4230 0.1880
vn 0.8863 -0.4231 0.1881
vn 0.8708 -0.4228 0.2508
vn 0.8706 -0.4233 0.2509
vn 0.8423 -0.4233 0.3336
vn 0.8069 -0.4233 0.4119
vn 0.8072 -0.4227 0.4119
vn 0.7775 -0.4230 0.4653
vn 0.7774 -0.4231 0.4653
vn 0.7433 -0.4228 0.5184
vn 0.7431 -0.4233 0.5183
vn 0.6907 -0.4233 0.5863
vn 0.6340 -0.4233 0.6472
vn 0.6343 -0.4226 0.6473
vn 0.5938 -0.4229 0.6845
vn 0.5937 -0.4231 0.6845
vn 0.5481 -0.4227 0.7218
vn 0.5478 -0.4233 0.7216
vn 0.4773 -0.4234 0.7700
vn 0.4773 -0.4233 0.7700
vn 0.4053 -0.4233 0.8103
vn 0.4053 -0.4232 0.8103
vn 0.3373 -0.4233 0.8409
vn 0.3373 -0.4234 0.8408
vn 0.2644 -0.4232 0.8666
vn 0.2644 -0.4234 0.8665
vn 0.1817 -0.4234 0.8875
vn 0.0979 -0.4234 0.9006
vn 0.0980 -0.4227 0.9010
vn 0.0406 -0.4230 0.9052
vn 0.0406 -0.4231 0.9052
vn -0.0190 -0.4227 0.9060
vn -0.0190 -0.4234 0.9057
vn -0.1081 -0.4234 0.8995
vn -0.1081 -0.4235 0.8994
vn -0.1989 -0.4235 0.8838
vn -0.1989 -0.4225 0.8843
vn -0.2556 -0.4230 0.8693
vn -0.2556 -0.4231 0.8693
vn -0.3082 -0.4226 0.8523
vn -0.3081 -0.4235 0.8519
vn -0.3927 -0.4234 0.8164
vn -0.4735 -0.4235 0.7723
vn -0.4736 -0.4225 0.7728
vn -0.5204 -0.4229 0.7418
vn -0.5204 -0.4230 0.7418
vn -0.5646 -0.4226 0.7090
vn -0.5644 -0.4234 0.7086
vn -0.6337 -0.4234 0.6475
vn -0.6963 -0.4235 0.5795
vn -0.6963 -0.4233 0.5796
vn -0.7475 -0.4234 0.5118
vn -0.7927 -0.4233 0.4387
vn -0.7926 -0.4235 0.4386
vn -0.8340 -0.4234 0.3538
vn -0.8342 -0.4227 0.3540
vn -0.8585 -0.4232 0.2897
vn -0.8585 -0.4231 0.2897
vn -0.8772 -0.4228 0.2277
vn -0.8769 -0.4234 0.2275
vn -0.8953 -0.4234 0.1388
vn -0.8952 -0.4234 0.1388
vn -0.9047 -0.4234 0.0467
vn -0.9047 -0.4234 -0.0471
vn -0.8954 -0.4234 -0.1379
vn -0.8954 -0.4233 -0.1379
vn -0.8778 -0.4233 -0.2241
vn -0.8778 -0.4234 -0.2241
vn -0.8521 -0.4233 -0.3077
vn -0.8524 -0.4227 -0.3077
vn -0.8288 -0.4231 -0.3661
vn -0.8288 -0.4231 -0.3662
vn -0.8011 -0.4228 -0.4237
vn -0.8008 -0.4233 -0.4236
vn -0.7569 -0.4234 -0.4979
vn -0.7569 -0.4233 -0.4979
vn -0.7075 -0.4233 -0.5659
vn -0.7078 -0.4226 -0.5660
vn -0.6708 -0.4230 -0.6092
vn -0.6707 -0.4231 -0.6092
vn -0.6289 -0.4227 -0.6526
vn -0.6286 -0.4233 -0.6524
vn -0.5643 -0.4234 -0.7088
vn -0.5643 -0.4233 -0.7088
vn -0.4975 -0.4233 -0.7572
vn -0.4977 -0.4228 -0.7574
vn -0.4462 -0.4231 -0.7886
vn -0.4462 -0.4232 -0.7886
vn -0.3895 -0.4228 -0.8182
vn -0.3893 -0.4234 -0.8180
vn -0.3105 -0.4234 -0.8511
vn -0.2309 -0.4234 -0.8760
vn -0.2311 -0.4224 -0.8764
vn -0.1840 -0.4228 -0.8874
vn -0.1839 -0.4229 -0.8873
vn -0.1328 -0.4225 -0.8966
vn -0.1327 -0.4234 -0.8962
vn -0.0452 -0.4234 -0.9048
vn -0.0452 -0.4235 -0.9048
vn 0.0433 -0.4235 -0.9049
vn 0.0432 -0.4225 -0.9053
vn 0.0978 -0.4229 -0.9009
vn 0.0978 -0.4230 -0.9008
vn 0.1516 -0.4226 -0.8935
vn 0.1516 -0.4235 -0.8931
vn 0.2400 -0.4234 -0.8736
vn 0.2399 -0.4236 -0.8735
vn 0.3300 -0.4235 -0.8437
vn 0.3301 -0.4225 -0.8441
vn 0.3848 -0.4230 -0.8203
vn 0.4334 -0.4226 -0.7960
vn 0.4332 -0.4235 -0.7956
vn 0.5119 -0.4234 -0.7474
vn 0.5119 -0.4234 -0.7475
vn 0.5854 -0.4235 -0.6914
vn 0.5856 -0.4225 -0.6918
vn 0.6281 -0.4230 -0.6532
vn 0.6281 -0.4230 -0.6531
vn 0.6675 -0.4226 -0.6130
vn 0.6673 -0.4234 -0.6127
vn 0.7262 -0.4234 -0.5416
vn 0.7774 -0.4235 -0.4650
vn 0.7775 -0.4234 -0.4650
vn 0.8206 -0.4234 -0.3838
vn 0.8558 -0.4235 -0.2973
vn 0.8558 -0.4234 -0.2973
vn 0.8818 -0.4234 -0.2075
vn 0.8820 -0.4231 -0.2076
vn 0.8964 -0.4234 -0.1314
vn 0.8959 -0.4245 -0.1311
vn 0.9018 -0.4245 -0.0807
vn 0.9387 -0.3195 -0.1293
vn 0.7321 -0.6785 0.0606
vn 0.7280 -0.6781 0.1011
vn 0.7321 -0.6738 0.1006
vn 0.7225 -0.6741 0.1533
vn 0.7225 -0.6742 0.1533
vn 0.7100 -0.6738 0.2046
vn 0.6870 -0.6738 0.2720
vn 0.6582 -0.6738 0.3358
vn 0.6581 -0.6738 0.3358
vn 0.6337 -0.6742 0.3793
vn 0.6060 -0.6738 0.4227
vn 0.5633 -0.6738 0.4782
vn 0.5633 -0.6739 0.4782
vn 0.5171 -0.6739 0.5277
vn 0.4839 -0.6742 0.5579
vn 0.4468 -0.6738 0.5885
vn 0.3893 -0.6739 0.6280
vn 0.3305 -0.6739 0.6608
vn 0.2751 -0.6740 0.6856
vn 0.2156 -0.6738 0.7067
vn 0.1482 -0.6738 0.7239
vn 0.1482 -0.6739 0.7239
vn 0.0799 -0.6738 0.7345
vn 0.0799 -0.6739 0.7345
vn 0.0331 -0.6742 0.7378
vn -0.0155 -0.6738 0.7387
vn -0.0882 -0.6738 0.7336
vn -0.1621 -0.6738 0.7209
vn -0.1622 -0.6737 0.7210
vn -0.2083 -0.6742 0.7085
vn -0.2513 -0.6738 0.6948
vn -0.2513 -0.6738 0.6949
vn -0.3203 -0.6738 0.6659
vn -0.3204 -0.6737 0.6659
vn -0.3861 -0.6738 0.6300
vn -0.4242 -0.6742 0.6046
vn -0.4603 -0.6738 0.5780
vn -0.4604 -0.6738 0.5780
vn -0.5168 -0.6738 0.5281
vn -0.5169 -0.6737 0.5281
vn -0.5679 -0.6738 0.4727
vn -0.6096 -0.6739 0.4174
vn -0.6465 -0.6738 0.3578
vn -0.6466 -0.6737 0.3578
vn -0.6803 -0.6737 0.2887
vn -0.6998 -0.6742 0.2361
vn -0.7152 -0.6738 0.1856
vn -0.7302 -0.6738 0.1132
vn -0.7379 -0.6738 0.0381
vn -0.7380 -0.6737 0.0381
vn -0.7379 -0.6738 -0.0384
vn -0.7380 -0.6737 -0.0384
vn -0.7303 -0.6738 -0.1125
vn -0.7160 -0.6738 -0.1828
vn -0.7159 -0.6738 -0.1828
vn -0.6950 -0.6738 -0.2509
vn -0.6950 -0.6739 -0.2509
vn -0.6756 -0.6742 -0.2985
vn -0.6756 -0.6741 -0.2985
vn -0.6532 -0.6738 -0.3455
vn -0.6531 -0.6738 -0.3455
vn -0.6173 -0.6738 -0.4061
vn -0.6172 -0.6739 -0.4061
vn -0.5770 -0.6739 -0.4614
vn -0.5467 -0.6742 -0.4966
vn -0.5127 -0.6738 -0.5321
vn -0.4602 -0.6738 -0.5781
vn -0.4602 -0.6739 -0.5781
vn -0.4057 -0.6739 -0.6175
vn -0.3637 -0.6742 -0.6428
vn -0.3175 -0.6738 -0.6672
vn -0.2533 -0.6739 -0.6941
vn -0.1884 -0.6739 -0.7144
vn -0.1499 -0.6742 -0.7231
vn -0.1082 -0.6738 -0.7309
vn -0.0368 -0.6738 -0.7380
vn 0.0352 -0.6738 -0.7381
vn 0.0797 -0.6742 -0.7342
vn 0.1237 -0.6738 -0.7285
vn 0.1957 -0.6738 -0.7125
vn 0.1957 -0.6738 -0.7126
vn 0.2691 -0.6737 -0.6882
vn 0.2691 -0.6737 -0.6883
vn 0.3137 -0.6742 -0.6686
vn 0.3136 -0.6742 -0.6686
vn 0.3534 -0.6738 -0.6489
vn 0.4175 -0.6738 -0.6097
vn 0.4176 -0.6737 -0.6097
vn 0.4774 -0.6738 -0.5640
vn 0.5119 -0.6742 -0.5323
vn 0.5443 -0.6738 -0.4997
vn 0.5924 -0.6738 -0.4418
vn 0.5924 -0.6737 -0.4418
vn 0.6341 -0.6738 -0.3793
vn 0.6694 -0.6738 -0.3130
vn 0.6694 -0.6737 -0.3130
vn 0.6980 -0.6738 -0.2425
vn 0.7193 -0.6737 -0.1693
vn 0.7307 -0.6741 -0.1080
vn 0.7272 -0.6782 -0.1059
vn 0.7322 -0.6782 -0.0624
vn 0.7863 -0.6100 -0.0977
vn 0.4774 -0.8777 0.0418
vn 0.4751 -0.8774 0.0664
vn 0.4785 -0.8756 0.0662
vn 0.4722 -0.8758 0.1002
vn 0.4725 -0.8756 0.1001
vn 0.4644 -0.8754 0.1338
vn 0.4624 -0.8765 0.1337
vn 0.4476 -0.8765 0.1772
vn 0.4478 -0.8764 0.1773
vn 0.4290 -0.8764 0.2189
vn 0.4306 -0.8755 0.2194
vn 0.4144 -0.8757 0.2480
vn 0.4145 -0.8756 0.2480
vn 0.3965 -0.8754 0.2765
vn 0.3946 -0.8765 0.2757
vn 0.3670 -0.8765 0.3115
vn 0.3672 -0.8764 0.3117
vn 0.3371 -0.8764 0.3440
vn 0.3387 -0.8753 0.3452
vn 0.3167 -0.8755 0.3651
vn 0.2925 -0.8753 0.3852
vn 0.2908 -0.8766 0.3835
vn 0.2536 -0.8766 0.4091
vn 0.2537 -0.8765 0.4092
vn 0.2154 -0.8765 0.4306
vn 0.2157 -0.8762 0.4311
vn 0.1794 -0.8762 0.4473
vn 0.1793 -0.8763 0.4471
vn 0.1406 -0.8762 0.4609
vn 0.1404 -0.8766 0.4603
vn 0.0965 -0.8766 0.4714
vn 0.0965 -0.8766 0.4715
vn 0.0521 -0.8766 0.4785
vn 0.0525 -0.8754 0.4805
vn 0.0216 -0.8756 0.4825
vn 0.0217 -0.8756 0.4825
vn -0.0102 -0.8754 0.4833
vn -0.0103 -0.8768 0.4808
vn -0.0574 -0.8768 0.4775
vn -0.0574 -0.8768 0.4773
vn -0.1055 -0.8768 0.4691
vn -0.1059 -0.8754 0.4717
vn -0.1362 -0.8757 0.4633
vn -0.1362 -0.8754 0.4639
vn -0.1646 -0.8752 0.4550
vn -0.1638 -0.8769 0.4520
vn -0.2084 -0.8768 0.4332
vn -0.2085 -0.8768 0.4334
vn -0.2513 -0.8768 0.4100
vn -0.2524 -0.8753 0.4125
vn -0.2775 -0.8755 0.3955
vn -0.2776 -0.8753 0.3960
vn -0.3015 -0.8751 0.3786
vn -0.2999 -0.8768 0.3758
vn -0.3363 -0.8768 0.3437
vn -0.3364 -0.8768 0.3437
vn -0.3696 -0.8768 0.3076
vn -0.3700 -0.8765 0.3081
vn -0.3971 -0.8765 0.2719
vn -0.4212 -0.8765 0.2331
vn -0.4208 -0.8767 0.2328
vn -0.4428 -0.8767 0.1879
vn -0.4444 -0.8757 0.1890
vn -0.4571 -0.8759 0.1542
vn -0.4575 -0.8756 0.1546
vn -0.4678 -0.8755 0.1214
vn -0.4658 -0.8766 0.1204
vn -0.4755 -0.8766 0.0737
vn -0.4754 -0.8767 0.0737
vn -0.4804 -0.8767 0.0248
vn -0.4803 -0.8767 -0.0250
vn -0.4805 -0.8766 -0.0250
vn -0.4755 -0.8767 -0.0732
vn -0.4757 -0.8765 -0.0732
vn -0.4664 -0.8765 -0.1191
vn -0.4665 -0.8764 -0.1191
vn -0.4529 -0.8764 -0.1635
vn -0.4546 -0.8755 -0.1637
vn -0.4417 -0.8757 -0.1951
vn -0.4418 -0.8756 -0.1951
vn -0.4272 -0.8754 -0.2260
vn -0.4253 -0.8765 -0.2254
vn -0.4022 -0.8765 -0.2646
vn -0.4024 -0.8764 -0.2647
vn -0.3762 -0.8764 -0.3008
vn -0.3778 -0.8753 -0.3017
vn -0.3576 -0.8755 -0.3249
vn -0.3577 -0.8755 -0.3249
vn -0.3355 -0.8753 -0.3482
vn -0.3337 -0.8766 -0.3468
vn -0.2998 -0.8766 -0.3766
vn -0.3000 -0.8764 -0.3768
vn -0.2645 -0.8764 -0.4025
vn -0.2655 -0.8755 -0.4037
vn -0.2378 -0.8757 -0.4203
vn -0.2377 -0.8758 -0.4202
vn -0.2076 -0.8756 -0.4362
vn -0.2066 -0.8766 -0.4346
vn -0.1649 -0.8766 -0.4521
vn -0.1651 -0.8765 -0.4523
vn -0.1228 -0.8765 -0.4655
vn -0.1237 -0.8750 -0.4680
vn -0.0982 -0.8753 -0.4736
vn -0.0983 -0.8751 -0.4738
vn -0.0709 -0.8749 -0.4791
vn -0.0702 -0.8767 -0.4758
vn -0.0240 -0.8767 -0.4804
vn 0.0229 -0.8767 -0.4805
vn 0.0229 -0.8753 -0.4831
vn 0.0522 -0.8755 -0.4804
vn 0.0521 -0.8753 -0.4807
vn 0.0810 -0.8751 -0.4771
vn 0.0807 -0.8768 -0.4740
vn 0.1274 -0.8768 -0.4636
vn 0.1273 -0.8769 -0.4634
vn 0.1750 -0.8769 -0.4476
vn 0.1758 -0.8754 -0.4503
vn 0.2051 -0.8757 -0.4372
vn 0.2051 -0.8753 -0.4380
vn 0.2315 -0.8751 -0.4251
vn 0.2302 -0.8769 -0.4220
vn 0.2717 -0.8768 -0.3967
vn 0.2717 -0.8767 -0.3968
vn 0.3107 -0.8768 -0.3670
vn 0.3121 -0.8753 -0.3693
vn 0.3349 -0.8756 -0.3482
vn 0.3350 -0.8753 -0.3487
vn 0.3565 -0.8751 -0.3273
vn 0.3545 -0.8768 -0.3249
vn 0.3855 -0.8768 -0.2875
vn 0.3855 -0.8767 -0.2875
vn 0.4127 -0.8768 -0.2469
vn 0.4127 -0.8767 -0.2469
vn 0.4357 -0.8767 -0.2037
vn 0.4357 -0.8768 -0.2037
vn 0.4543 -0.8768 -0.1578
vn 0.4544 -0.8767 -0.1579
vn 0.4682 -0.8767 -0.1102
vn 0.4694 -0.8760 -0.1108
vn 0.4767 -0.8762 -0.0710
vn 0.4751 -0.8771 -0.0702
vn 0.4788 -0.8771 -0.0375
vn 0.5818 -0.8093 -0.0812
vn 0.1647 -0.9862 0.0145
vn 0.1640 -0.9862 0.0227
vn 0.1641 -0.9862 0.0227
vn 0.1619 -0.9862 0.0345
vn 0.1622 -0.9862 0.0344
vn 0.1595 -0.9861 0.0456
vn 0.1573 -0.9865 0.0453
vn 0.1522 -0.9865 0.0603
vn 0.1524 -0.9865 0.0603
vn 0.1459 -0.9865 0.0748
vn 0.1477 -0.9861 0.0754
vn 0.1422 -0.9862 0.0851
vn 0.1423 -0.9862 0.0852
vn 0.1363 -0.9861 0.0947
vn 0.1342 -0.9865 0.0936
vn 0.1248 -0.9865 0.1060
vn 0.1250 -0.9865 0.1061
vn 0.1146 -0.9865 0.1174
vn 0.1164 -0.9861 0.1188
vn 0.1089 -0.9861 0.1255
vn 0.1008 -0.9861 0.1323
vn 0.0989 -0.9865 0.1303
vn 0.0862 -0.9865 0.1390
vn 0.0863 -0.9865 0.1392
vn 0.0732 -0.9865 0.1465
vn 0.0736 -0.9864 0.1471
vn 0.0612 -0.9864 0.1526
vn 0.0611 -0.9864 0.1524
vn 0.0480 -0.9864 0.1571
vn 0.0477 -0.9865 0.1563
vn 0.0328 -0.9865 0.1601
vn 0.0328 -0.9865 0.1603
vn 0.0175 -0.9865 0.1627
vn 0.0180 -0.9861 0.1650
vn 0.0074 -0.9862 0.1656
vn 0.0074 -0.9862 0.1657
vn -0.0033 -0.9861 0.1660
vn -0.0034 -0.9866 0.1630
vn -0.0195 -0.9866 0.1619
vn -0.0194 -0.9866 0.1618
vn -0.0360 -0.9866 0.1590
vn -0.0364 -0.9861 0.1619
vn -0.0469 -0.9862 0.1590
vn -0.0469 -0.9861 0.1596
vn -0.0564 -0.9860 0.1567
vn -0.0554 -0.9866 0.1532
vn -0.0706 -0.9866 0.1468
vn -0.0707 -0.9866 0.1470
vn -0.0855 -0.9866 0.1389
vn -0.0869 -0.9861 0.1418
vn -0.0956 -0.9861 0.1358
vn -0.0957 -0.9860 0.1364
vn -0.1036 -0.9860 0.1307
vn -0.1015 -0.9866 0.1275
vn -0.1140 -0.9866 0.1165
vn -0.1253 -0.9866 0.1042
vn -0.1258 -0.9865 0.1047
vn -0.1350 -0.9865 0.0925
vn -0.1432 -0.9865 0.0793
vn -0.1427 -0.9866 0.0790
vn -0.1503 -0.9866 0.0634
vn -0.1522 -0.9862 0.0646
vn -0.1565 -0.9863 0.0526
vn -0.1570 -0.9862 0.0530
vn -0.1604 -0.9861 0.0421
vn -0.1581 -0.9866 0.0410
vn -0.1614 -0.9866 0.0251
vn -0.1613 -0.9866 0.0250
vn -0.1630 -0.9866 0.0084
vn -0.1629 -0.9866 0.0084
vn -0.1629 -0.9866 -0.0085
vn -0.1631 -0.9866 -0.0085
vn -0.1614 -0.9866 -0.0249
vn -0.1617 -0.9865 -0.0249
vn -0.1586 -0.9865 -0.0405
vn -0.1587 -0.9865 -0.0405
vn -0.1540 -0.9865 -0.0559
vn -0.1559 -0.9862 -0.0563
vn -0.1515 -0.9862 -0.0670
vn -0.1517 -0.9862 -0.0670
vn -0.1469 -0.9861 -0.0773
vn -0.1447 -0.9865 -0.0765
vn -0.1367 -0.9865 -0.0900
vn -0.1370 -0.9865 -0.0901
vn -0.1279 -0.9865 -0.1027
vn -0.1298 -0.9861 -0.1038
vn -0.1229 -0.9861 -0.1116
vn -0.1229 -0.9861 -0.1117
vn -0.1156 -0.9861 -0.1195
vn -0.1135 -0.9865 -0.1178
vn -0.1019 -0.9865 -0.1280
vn -0.1021 -0.9865 -0.1283
vn -0.0899 -0.9865 -0.1371
vn -0.0910 -0.9862 -0.1385
vn -0.0816 -0.9862 -0.1441
vn -0.0815 -0.9862 -0.1440
vn -0.0713 -0.9862 -0.1495
vn -0.0703 -0.9865 -0.1476
vn -0.0560 -0.9865 -0.1536
vn -0.0561 -0.9865 -0.1539
vn -0.0415 -0.9865 -0.1584
vn -0.0425 -0.9860 -0.1613
vn -0.0337 -0.9860 -0.1632
vn -0.0339 -0.9860 -0.1634
vn -0.0247 -0.9859 -0.1652
vn -0.0239 -0.9866 -0.1614
vn -0.0081 -0.9866 -0.1630
vn -0.0081 -0.9866 -0.1631
vn 0.0080 -0.9866 -0.1631
vn 0.0079 -0.9861 -0.1661
vn 0.0181 -0.9861 -0.1651
vn 0.0180 -0.9860 -0.1655
vn 0.0276 -0.9860 -0.1643
vn 0.0273 -0.9866 -0.1607
vn 0.0432 -0.9866 -0.1572
vn 0.0431 -0.9867 -0.1569
vn 0.0595 -0.9867 -0.1515
vn 0.0604 -0.9861 -0.1546
vn 0.0707 -0.9862 -0.1499
vn 0.0707 -0.9860 -0.1508
vn 0.0794 -0.9860 -0.1466
vn 0.0779 -0.9866 -0.1431
vn 0.0921 -0.9866 -0.1344
vn 0.0922 -0.9866 -0.1346
vn 0.1056 -0.9866 -0.1243
vn 0.1074 -0.9861 -0.1268
vn 0.1152 -0.9861 -0.1195
vn 0.1154 -0.9860 -0.1200
vn 0.1225 -0.9860 -0.1130
vn 0.1201 -0.9866 -0.1103
vn 0.1307 -0.9866 -0.0975
vn 0.1399 -0.9866 -0.0837
vn 0.1400 -0.9866 -0.0838
vn 0.1478 -0.9866 -0.0691
vn 0.1477 -0.9866 -0.0691
vn 0.1540 -0.9866 -0.0535
vn 0.1542 -0.9866 -0.0536
vn 0.1590 -0.9866 -0.0372
vn 0.1603 -0.9863 -0.0377
vn 0.1629 -0.9864 -0.0235
vn 0.1644 -0.9861 -0.0242
vn 0.1659 -0.9861 -0.0110
vn 0.2494 -0.9677 -0.0364
vn -0.9484 0.1132 -0.2962
vn -0.9531 0.0897 -0.2890
vn -0.9553 0.1431 -0.2588
vn -0.9652 0.1431 -0.2188
vn -0.9356 0.1431 -0.3227
vn -0.9304 0.1431 -0.3376
vn -0.9178 0.1209 -0.3782
vn -0.9303 0.0449 -0.3641
vn -0.9055 0.1431 -0.3995
vn -0.8753 0.1430 -0.4619
vn -0.8895 0.0663 -0.4521
vn -0.8604 0.1431 -0.4891
vn -0.8422 0.1431 -0.5199
vn -0.8210 0.1431 -0.5527
vn -0.8097 0.0784 -0.5815
vn -0.7986 0.1238 -0.5890
vn -0.7788 0.1431 -0.6107
vn -0.7695 0.1431 -0.6224
vn -0.7568 0.1134 -0.6438
vn -0.7514 0.0735 -0.6558
vn -0.7297 0.1431 -0.6687
vn -0.6831 0.1430 -0.7162
vn -0.6978 0.0632 -0.7135
vn -0.6597 0.1431 -0.7378
vn -0.6397 0.1431 -0.7552
vn -0.6069 0.1431 -0.7818
vn -0.5957 0.0502 -0.8017
vn -0.5686 0.1431 -0.8101
vn -0.5488 0.1431 -0.8236
vn -0.5337 0.1306 -0.8355
vn -0.5174 0.0505 -0.8542
vn -0.5109 0.0823 -0.8557
vn -0.4843 0.1431 -0.8631
vn -0.4339 0.1430 -0.8895
vn -0.4373 0.1219 -0.8910
vn -0.3965 0.1431 -0.9068
vn -0.3595 0.1430 -0.9221
vn -0.3113 0.1431 -0.9395
vn -0.2824 0.0332 -0.9587
vn -0.0992 0.0126 -0.9950
vn -0.2661 0.1430 -0.9533
vn -0.2139 0.1431 -0.9663
vn -0.1913 0.0104 -0.9815
vn -0.1687 0.1431 -0.9752
vn -0.1152 0.1431 -0.9830
vn -0.0693 0.1431 -0.9873
vn -0.0365 0.1431 -0.9890
vn 0.0004 0.1431 -0.9897
vn 0.0281 -0.0111 -0.9995
vn 0.2268 -0.0150 -0.9738
vn 0.0489 0.1431 -0.9885
vn 0.1027 0.1431 -0.9844
vn 0.1264 -0.0145 -0.9919
vn 0.1517 0.1431 -0.9780
vn 0.2047 0.1431 -0.9683
vn 0.4391 0.0085 -0.8984
vn 0.2552 0.1431 -0.9562
vn 0.2859 0.1431 -0.9475
vn 0.3175 0.1431 -0.9374
vn 0.3457 0.0099 -0.9383
vn 0.3634 0.1431 -0.9206
vn 0.4130 0.1431 -0.8994
vn 0.5361 0.0916 -0.8392
vn 0.5278 0.0350 -0.8487
vn 0.5005 0.1431 -0.8538
vn 0.4594 0.1431 -0.8766
vn 0.7030 0.0475 -0.7096
vn 0.5550 0.1431 -0.8195
vn 0.5736 0.1431 -0.8065
vn 0.6012 0.1431 -0.7862
vn 0.6270 0.0475 -0.7776
vn 0.6395 0.1430 -0.7554
vn 0.6797 0.1431 -0.7194
vn 0.7166 0.1431 -0.6827
vn 0.7484 0.1431 -0.6476
vn 0.7709 0.0664 -0.6335
vn 0.7762 0.1086 -0.6210
vn 0.7886 0.1431 -0.5980
vn 0.8197 0.1430 -0.5546
vn 0.8193 0.1031 -0.5639
vn 0.8390 0.1431 -0.5249
vn 0.8682 0.1429 -0.4751
vn 0.8689 0.1195 -0.4804
vn 0.8896 0.1432 -0.4338
vn 0.9128 0.1429 -0.3825
vn 0.9141 0.1164 -0.3884
vn 0.9303 0.1431 -0.3377
vn 0.9386 0.1431 -0.3141
vn 0.9379 0.1247 -0.3238
vn 0.9419 0.1431 -0.3039
vn 0.9581 0.1430 -0.2481
vn 0.9617 0.0596 -0.2676
vn 0.9655 0.1431 -0.2178
vn 0.9781 0.1429 -0.1513
vn 0.9829 0.0793 -0.1661
vn 0.9830 0.1431 -0.1154
vn 0.9884 0.1429 -0.0509
vn 0.9937 0.0932 -0.0621
vn 0.9906 0.1353 -0.0190
vn 0.9897 0.1431 -0.0081
vn 0.9897 0.1431 0.0081
vn 0.9921 0.1177 0.0430
vn 0.9884 0.1430 0.0509
vn 0.9860 0.1431 0.0859
vn 0.9840 0.1424 0.1074
vn 0.9838 0.1431 0.1077
vn 0.9738 0.1429 0.1770
vn 0.9841 0.0710 0.1625
vn 0.9675 0.1431 0.2086
vn 0.9520 0.1430 0.2706
vn 0.9599 0.0982 0.2627
vn 0.9417 0.1416 0.3053
vn 0.9384 0.1431 0.3144
vn 0.9333 0.1431 0.3293
vn 0.9269 0.0963 0.3628
vn 0.9189 0.1331 0.3714
vn 0.9047 0.1431 0.4014
vn 0.8942 0.1431 0.4243
vn 0.8942 0.1430 0.4243
vn 0.8617 0.1429 0.4869
vn 0.8794 0.0399 0.4744
vn 0.8474 0.1431 0.5113
vn 0.8115 0.1430 0.5666
vn 0.8241 0.0785 0.5610
vn 0.7914 0.1431 0.5944
vn 0.7833 0.1431 0.6050
vn 0.7733 0.1389 0.6186
vn 0.7611 0.0819 0.6435
vn 0.7477 0.1339 0.6504
vn 0.7281 0.1431 0.6704
vn 0.7177 0.1431 0.6815
vn 0.6741 0.1430 0.7246
vn 0.6859 0.0776 0.7235
vn 0.6457 0.1431 0.7500
vn 0.6026 0.1430 0.7851
vn 0.6039 0.1362 0.7853
vn 0.5669 0.1431 0.8112
vn 0.5559 0.1431 0.8188
vn 0.5364 0.0836 0.8398
vn 0.5333 0.0602 0.8438
vn 0.5057 0.1431 0.8508
vn 0.4831 0.1431 0.8638
vn 0.4838 0.1419 0.8636
vn 0.4754 0.1431 0.8681
vn 0.4314 0.1430 0.8908
vn 0.4314 0.1429 0.8908
vn 0.3836 0.1431 0.9124
vn 0.3470 0.0971 0.9328
vn 0.3403 0.1430 0.9294
vn 0.2895 0.1431 0.9464
vn 0.2610 0.0438 0.9644
vn 0.2461 0.1430 0.9586
vn 0.1936 0.1431 0.9706
vn 0.1728 0.0154 0.9848
vn 0.1494 0.1431 0.9784
vn 0.0959 0.1430 0.9851
vn 0.0821 0.0231 0.9964
vn 0.0502 0.1431 0.9884
vn -0.0127 0.1430 0.9896
vn -0.0038 0.0279 0.9996
vn -0.0521 0.1431 0.9883
vn -0.1103 0.1429 0.9836
vn -0.1064 0.0834 0.9908
vn -0.1552 0.1431 0.9775
vn -0.1726 0.1431 0.9745
vn -0.2206 0.1430 0.9648
vn -0.2350 0.0324 0.9715
vn -0.2683 0.1431 0.9527
vn -0.3284 0.1429 0.9337
vn -0.3225 0.0331 0.9460
vn -0.3678 0.1431 0.9188
vn -0.4209 0.1429 0.8958
vn -0.4191 0.0979 0.9027
vn -0.5367 0.0785 0.8401
vn -0.5308 0.0363 0.8467
vn -0.5021 0.1431 0.8529
vn -0.4748 0.1431 0.8684
vn -0.4611 0.1431 0.8757
vn -0.5495 0.1194 0.8269
vn -0.5586 0.1431 0.8170
vn -0.6085 0.1429 0.7806
vn -0.6065 0.0723 0.7918
vn -0.6428 0.1431 0.7525
vn -0.6850 0.1429 0.7144
vn -0.6847 0.1178 0.7193
vn -0.7175 0.1431 0.6817
vn -0.7427 0.1430 0.6541
vn -0.7425 0.1378 0.6555
vn -0.7642 0.1431 0.6288
vn -0.7736 0.1431 0.6173
vn -0.7865 0.1151 0.6067
vn -0.8014 0.0750 0.5934
vn -0.8052 0.1430 0.5755
vn -0.8355 0.1431 0.5305
vn -0.8591 0.0688 0.5071
vn -0.8625 0.1430 0.4853
vn -0.8878 0.1431 0.4375
vn -0.9082 0.0722 0.4122
vn -0.9099 0.1430 0.3893
vn -0.9254 0.1431 0.3510
vn -0.9434 0.1061 0.3142
vn -0.9427 0.0419 0.3309
vn -0.9466 0.1431 0.2888
vn -0.9662 0.1429 0.2146
vn -0.9701 0.0173 0.2419
vn -0.9715 0.1431 0.1890
vn -0.9812 0.1430 0.1298
vn -0.9829 0.1244 0.1361
vn -0.9845 0.1431 0.1018
vn -0.9886 0.1429 0.0473
vn -0.9930 0.1039 0.0563
vn -0.9897 0.1431 0.0073
vn -0.9897 0.1431 -0.0089
vn -0.9920 0.1154 -0.0508
vn -0.9880 0.1430 -0.0579
vn -0.9785 0.1430 -0.1486
vn -0.9870 0.0843 -0.1368
vn -0.9724 0.1431 -0.1844
vn -0.8966 0.4214 -0.1361
vn -0.9057 0.4214 -0.0464
vn -0.9059 0.4214 0.0433
vn -0.8990 0.4216 0.1189
vn -0.8853 0.4213 0.1966
vn -0.8604 0.4213 0.2866
vn -0.8604 0.4214 0.2866
vn -0.8259 0.4213 0.3748
vn -0.8258 0.4213 0.3748
vn -0.7810 0.4213 0.4610
vn -0.7289 0.4213 0.5396
vn -0.7289 0.4214 0.5396
vn -0.6805 0.4216 0.5993
vn -0.6277 0.4213 0.6546
vn -0.6276 0.4214 0.6546
vn -0.5576 0.4213 0.7153
vn -0.4817 0.4213 0.7684
vn -0.4817 0.4214 0.7684
vn -0.4350 0.4218 0.7956
vn -0.4349 0.4218 0.7956
vn -0.3857 0.4214 0.8208
vn -0.3856 0.4214 0.8208
vn -0.3009 0.4213 0.8555
vn -0.2132 0.4214 0.8815
vn -0.1581 0.4218 0.8928
vn -0.1011 0.4213 0.9013
vn -0.1011 0.4214 0.9012
vn -0.0116 0.4214 0.9068
vn 0.0745 0.4214 0.9038
vn 0.1567 0.4214 0.8932
vn 0.2369 0.4215 0.8754
vn 0.2369 0.4214 0.8754
vn 0.3162 0.4214 0.8500
vn 0.3161 0.4214 0.8500
vn 0.3953 0.4214 0.8162
vn 0.4426 0.4218 0.7913
vn 0.4845 0.4215 0.7666
vn 0.4845 0.4214 0.7666
vn 0.5521 0.4214 0.7194
vn 0.6177 0.4214 0.6640
vn 0.6575 0.4218 0.6243
vn 0.6925 0.4215 0.5855
vn 0.6925 0.4214 0.5855
vn 0.7436 0.4214 0.5191
vn 0.7896 0.4214 0.4461
vn 0.7895 0.4214 0.4461
vn 0.8192 0.4217 0.3887
vn 0.8445 0.4214 0.3306
vn 0.8723 0.4214 0.2480
vn 0.8923 0.4214 0.1622
vn 0.9014 0.4217 0.0984
vn 0.9060 0.4215 0.0393
vn 0.9057 0.4214 -0.0467
vn 0.9057 0.4213 -0.0467
vn 0.8963 0.4213 -0.1386
vn 0.8962 0.4214 -0.1386
vn 0.8779 0.4214 -0.2274
vn 0.8598 0.4218 -0.2877
vn 0.8599 0.4217 -0.2877
vn 0.8365 0.4213 -0.3505
vn 0.7956 0.4213 -0.4354
vn 0.7955 0.4214 -0.4354
vn 0.7511 0.4215 -0.5082
vn 0.7511 0.4214 -0.5082
vn 0.7006 0.4214 -0.5758
vn 0.7007 0.4214 -0.5758
vn 0.6383 0.4213 -0.6443
vn 0.6383 0.4214 -0.6442
vn 0.5692 0.4214 -0.7060
vn 0.5693 0.4214 -0.7060
vn 0.5255 0.4217 -0.7389
vn 0.5255 0.4218 -0.7389
vn 0.4789 0.4213 -0.7701
vn 0.4789 0.4214 -0.7701
vn 0.3982 0.4213 -0.8148
vn 0.3136 0.4213 -0.8510
vn 0.3136 0.4214 -0.8509
vn 0.2619 0.4218 -0.8681
vn 0.2057 0.4213 -0.8833
vn 0.1147 0.4213 -0.8996
vn 0.1147 0.4214 -0.8996
vn 0.0254 0.4214 -0.9065
vn -0.0335 0.4218 -0.9061
vn -0.0335 0.4217 -0.9061
vn -0.0900 0.4214 -0.9024
vn -0.1735 0.4214 -0.8901
vn -0.2563 0.4214 -0.8699
vn -0.3294 0.4216 -0.8448
vn -0.3294 0.4215 -0.8449
vn -0.3976 0.4215 -0.8150
vn -0.3976 0.4214 -0.8151
vn -0.4699 0.4214 -0.7756
vn -0.4699 0.4214 -0.7757
vn -0.5409 0.4214 -0.7279
vn -0.5860 0.4218 -0.6919
vn -0.6259 0.4215 -0.6562
vn -0.6259 0.4214 -0.6562
vn -0.6833 0.4214 -0.5963
vn -0.7366 0.4214 -0.5290
vn -0.7716 0.4217 -0.4763
vn -0.8020 0.4214 -0.4232
vn -0.8020 0.4214 -0.4233
vn -0.8385 0.4214 -0.3455
vn -0.8679 0.4214 -0.2632
vn -0.8843 0.4217 -0.2005
vn -0.7305 0.6738 -0.1109
vn -0.7379 0.6738 -0.0378
vn -0.7380 0.6738 -0.0378
vn -0.7381 0.6738 0.0353
vn -0.7323 0.6740 0.0969
vn -0.7214 0.6738 0.1602
vn -0.7011 0.6738 0.2335
vn -0.7010 0.6738 0.2335
vn -0.6729 0.6737 0.3054
vn -0.6364 0.6737 0.3756
vn -0.5939 0.6738 0.4397
vn -0.5544 0.6740 0.4882
vn -0.5114 0.6738 0.5334
vn -0.5114 0.6738 0.5333
vn -0.4543 0.6737 0.5828
vn -0.4543 0.6738 0.5828
vn -0.3925 0.6738 0.6261
vn -0.3925 0.6738 0.6260
vn -0.3543 0.6742 0.6480
vn -0.3142 0.6738 0.6688
vn -0.2452 0.6738 0.6971
vn -0.1737 0.6738 0.7182
vn -0.1288 0.6742 0.7272
vn -0.0824 0.6738 0.7343
vn -0.0095 0.6738 0.7388
vn 0.0607 0.6739 0.7364
vn 0.1277 0.6739 0.7277
vn 0.1930 0.6739 0.7132
vn 0.2576 0.6739 0.6925
vn 0.2576 0.6738 0.6925
vn 0.3221 0.6738 0.6650
vn 0.3605 0.6742 0.6446
vn 0.3605 0.6742 0.6445
vn 0.3947 0.6739 0.6245
vn 0.3947 0.6739 0.6246
vn 0.4499 0.6739 0.5861
vn 0.4499 0.6738 0.5861
vn 0.5033 0.6738 0.5410
vn 0.5356 0.6742 0.5085
vn 0.5642 0.6739 0.4770
vn 0.6058 0.6739 0.4230
vn 0.6058 0.6738 0.4230
vn 0.6433 0.6738 0.3635
vn 0.6673 0.6742 0.3166
vn 0.6673 0.6741 0.3166
vn 0.6881 0.6738 0.2693
vn 0.6880 0.6738 0.2693
vn 0.7107 0.6739 0.2020
vn 0.7107 0.6738 0.2021
vn 0.7270 0.6738 0.1321
vn 0.7342 0.6742 0.0801
vn 0.7342 0.6741 0.0801
vn 0.7381 0.6739 0.0320
vn 0.7380 0.6738 -0.0380
vn 0.7302 0.6738 -0.1129
vn 0.7153 0.6738 -0.1853
vn 0.7153 0.6738 -0.1852
vn 0.7004 0.6741 -0.2344
vn 0.7004 0.6742 -0.2344
vn 0.6816 0.6737 -0.2856
vn 0.6816 0.6738 -0.2856
vn 0.6482 0.6738 -0.3547
vn 0.6119 0.6739 -0.4140
vn 0.5709 0.6738 -0.4691
vn 0.5201 0.6737 -0.5249
vn 0.5201 0.6738 -0.5249
vn 0.4638 0.6738 -0.5752
vn 0.4280 0.6742 -0.6018
vn 0.3902 0.6738 -0.6275
vn 0.3245 0.6737 -0.6639
vn 0.3245 0.6738 -0.6639
vn 0.2555 0.6738 -0.6933
vn 0.2133 0.6742 -0.7070
vn 0.2133 0.6742 -0.7071
vn 0.1676 0.6737 -0.7197
vn 0.1676 0.6738 -0.7197
vn 0.0934 0.6738 -0.7330
vn 0.0207 0.6738 -0.7386
vn -0.0273 0.6742 -0.7380
vn -0.0733 0.6739 -0.7352
vn -0.0733 0.6738 -0.7352
vn -0.1414 0.6739 -0.7252
vn -0.1414 0.6738 -0.7252
vn -0.2088 0.6738 -0.7088
vn -0.2684 0.6740 -0.6883
vn -0.3239 0.6739 -0.6640
vn -0.3828 0.6739 -0.6319
vn -0.3828 0.6738 -0.6320
vn -0.4407 0.6738 -0.5931
vn -0.4773 0.6742 -0.5636
vn -0.5099 0.6739 -0.5346
vn -0.5100 0.6739 -0.5347
vn -0.5567 0.6739 -0.4858
vn -0.5567 0.6738 -0.4858
vn -0.6002 0.6738 -0.4310
vn -0.6285 0.6742 -0.3880
vn -0.6535 0.6739 -0.3448
vn -0.6535 0.6738 -0.3448
vn -0.6832 0.6738 -0.2815
vn -0.7071 0.6738 -0.2144
vn -0.7203 0.6742 -0.1633
vn -0.4823 0.8730 -0.0732
vn -0.4871 0.8730 -0.0249
vn -0.4872 0.8730 0.0233
vn -0.4833 0.8731 0.0639
vn -0.4762 0.8729 0.1058
vn -0.4628 0.8730 0.1542
vn -0.4443 0.8729 0.2016
vn -0.4442 0.8729 0.2016
vn -0.4202 0.8729 0.2480
vn -0.4201 0.8729 0.2480
vn -0.3921 0.8729 0.2903
vn -0.3920 0.8730 0.2902
vn -0.3659 0.8731 0.3222
vn -0.3376 0.8730 0.3521
vn -0.3000 0.8729 0.3848
vn -0.2999 0.8729 0.3847
vn -0.2591 0.8730 0.4133
vn -0.2338 0.8732 0.4276
vn -0.2074 0.8730 0.4415
vn -0.1619 0.8729 0.4602
vn -0.1619 0.8730 0.4602
vn -0.1147 0.8730 0.4741
vn -0.0850 0.8732 0.4799
vn -0.0544 0.8730 0.4848
vn -0.0062 0.8730 0.4877
vn 0.0401 0.8730 0.4861
vn 0.0843 0.8730 0.4804
vn 0.1274 0.8730 0.4708
vn 0.1700 0.8730 0.4571
vn 0.2126 0.8730 0.4390
vn 0.2379 0.8732 0.4253
vn 0.2606 0.8730 0.4123
vn 0.2969 0.8730 0.3869
vn 0.2970 0.8730 0.3869
vn 0.3322 0.8730 0.3571
vn 0.3323 0.8730 0.3571
vn 0.3534 0.8732 0.3356
vn 0.3724 0.8730 0.3149
vn 0.3725 0.8730 0.3149
vn 0.3999 0.8730 0.2792
vn 0.4247 0.8730 0.2400
vn 0.4247 0.8730 0.2399
vn 0.4404 0.8732 0.2089
vn 0.4404 0.8732 0.2090
vn 0.4542 0.8730 0.1778
vn 0.4692 0.8730 0.1334
vn 0.4799 0.8730 0.0872
vn 0.4846 0.8732 0.0529
vn 0.4845 0.8732 0.0529
vn 0.4872 0.8730 0.0211
vn 0.4872 0.8729 -0.0251
vn 0.4821 0.8730 -0.0746
vn 0.4722 0.8730 -0.1223
vn 0.4622 0.8732 -0.1547
vn 0.4500 0.8729 -0.1885
vn 0.4279 0.8729 -0.2342
vn 0.4279 0.8730 -0.2342
vn 0.4039 0.8730 -0.2733
vn 0.3769 0.8730 -0.3097
vn 0.3434 0.8729 -0.3466
vn 0.3433 0.8729 -0.3465
vn 0.3062 0.8729 -0.3797
vn 0.3062 0.8730 -0.3797
vn 0.2825 0.8732 -0.3972
vn 0.2824 0.8732 -0.3972
vn 0.2576 0.8730 -0.4142
vn 0.2142 0.8729 -0.4383
vn 0.1687 0.8730 -0.4577
vn 0.1408 0.8732 -0.4666
vn 0.1107 0.8729 -0.4751
vn 0.0617 0.8730 -0.4839
vn 0.0137 0.8730 -0.4876
vn -0.0180 0.8732 -0.4870
vn -0.0484 0.8730 -0.4853
vn -0.0933 0.8730 -0.4787
vn -0.1378 0.8730 -0.4679
vn -0.1771 0.8731 -0.4543
vn -0.2138 0.8730 -0.4383
vn -0.2527 0.8730 -0.4171
vn -0.2527 0.8730 -0.4172
vn -0.2909 0.8730 -0.3915
vn -0.3150 0.8732 -0.3719
vn -0.3366 0.8730 -0.3529
vn -0.3675 0.8730 -0.3207
vn -0.3962 0.8730 -0.2845
vn -0.4147 0.8732 -0.2560
vn -0.4148 0.8732 -0.2560
vn -0.4314 0.8730 -0.2276
vn -0.4510 0.8730 -0.1858
vn -0.4668 0.8730 -0.1415
vn -0.4754 0.8732 -0.1078
vn -0.1709 0.9853 0.0083
vn -0.1695 0.9853 0.0224
vn -0.1671 0.9852 0.0371
vn -0.1624 0.9852 0.0541
vn -0.1559 0.9852 0.0707
vn -0.1474 0.9852 0.0870
vn -0.1376 0.9852 0.1018
vn -0.1375 0.9852 0.1018
vn -0.1283 0.9853 0.1130
vn -0.1184 0.9852 0.1235
vn -0.1184 0.9853 0.1235
vn -0.1052 0.9852 0.1350
vn -0.0909 0.9852 0.1450
vn -0.0909 0.9853 0.1450
vn -0.0820 0.9853 0.1500
vn -0.0728 0.9852 0.1549
vn -0.0728 0.9853 0.1549
vn -0.0568 0.9852 0.1615
vn -0.0568 0.9852 0.1614
vn -0.0402 0.9852 0.1663
vn -0.0298 0.9853 0.1683
vn -0.0191 0.9852 0.1701
vn -0.0022 0.9852 0.1711
vn 0.0141 0.9853 0.1705
vn 0.0296 0.9853 0.1685
vn 0.0447 0.9853 0.1651
vn 0.0447 0.9853 0.1652
vn 0.0596 0.9853 0.1604
vn 0.0597 0.9853 0.1604
vn 0.0746 0.9853 0.1540
vn 0.0746 0.9852 0.1540
vn 0.0834 0.9853 0.1492
vn 0.0914 0.9853 0.1446
vn 0.1042 0.9853 0.1357
vn 0.1166 0.9853 0.1253
vn 0.1240 0.9853 0.1177
vn 0.1307 0.9853 0.1105
vn 0.1403 0.9853 0.0979
vn 0.1403 0.9853 0.0980
vn 0.1490 0.9853 0.0842
vn 0.1545 0.9853 0.0733
vn 0.1593 0.9853 0.0624
vn 0.1646 0.9852 0.0468
vn 0.1646 0.9853 0.0468
vn 0.1684 0.9853 0.0306
vn 0.1699 0.9853 0.0185
vn 0.1709 0.9853 0.0074
vn 0.1709 0.9852 -0.0088
vn 0.1691 0.9852 -0.0262
vn 0.1657 0.9852 -0.0429
vn 0.1657 0.9853 -0.0429
vn 0.1621 0.9853 -0.0542
vn 0.1579 0.9852 -0.0661
vn 0.1501 0.9852 -0.0822
vn 0.1417 0.9853 -0.0959
vn 0.1322 0.9852 -0.1086
vn 0.1205 0.9852 -0.1216
vn 0.1074 0.9852 -0.1332
vn 0.1074 0.9853 -0.1332
vn 0.0991 0.9853 -0.1393
vn 0.0904 0.9852 -0.1453
vn 0.0904 0.9853 -0.1453
vn 0.0752 0.9852 -0.1538
vn 0.0592 0.9852 -0.1606
vn 0.0494 0.9853 -0.1636
vn 0.0388 0.9852 -0.1667
vn 0.0216 0.9852 -0.1698
vn 0.0048 0.9852 -0.1711
vn -0.0063 0.9853 -0.1708
vn -0.0170 0.9853 -0.1703
vn -0.0327 0.9853 -0.1679
vn -0.0483 0.9853 -0.1641
vn -0.0484 0.9853 -0.1641
vn -0.0621 0.9853 -0.1594
vn -0.0750 0.9853 -0.1538
vn -0.0886 0.9853 -0.1463
vn -0.0887 0.9853 -0.1463
vn -0.1021 0.9853 -0.1373
vn -0.1021 0.9852 -0.1374
vn -0.1105 0.9853 -0.1304
vn -0.1181 0.9853 -0.1238
vn -0.1289 0.9853 -0.1125
vn -0.1390 0.9853 -0.0998
vn -0.1390 0.9852 -0.0998
vn -0.1455 0.9853 -0.0898
vn -0.1513 0.9853 -0.0799
vn -0.1582 0.9853 -0.0652
vn -0.1638 0.9853 -0.0497
vn -0.1638 0.9852 -0.0497
vn -0.1667 0.9853 -0.0378
vn -0.1692 0.9852 -0.0257
vn -0.1709 0.9852 -0.0087
vn -0.1709 0.9853 -0.0001
vn -0.1703 0.9854 0.0081
vn 0.0009 0.9461 -0.3238
vn 0.0004 0.9752 -0.2212
vn 0.0000 0.9969 -0.0786
vn 0.0000 1.0000 -0.0028
vn 0.1248 0.8874 -0.4437
vn -0.0000 0.9458 -0.3246
vn 0.0000 0.9098 -0.4151
vn 0.0003 0.8535 -0.5210
vn 0.0002 0.6826 -0.7308
vn 0.0000 0.7343 -0.6788
vn -0.0000 0.7676 -0.6410
vn 0.0010 0.7911 -0.6117
vn 0.0008 0.8029 -0.5962
vn 0.0001 0.4516 -0.8922
vn -0.0000 0.5285 -0.8490
vn 0.0000 0.6743 -0.7385
vn 0.0009 0.5652 -0.8250
vn 0.0005 0.6128 -0.7903
vn 0.0000 0.1431 -0.9897
vn 0.0006 0.0562 -0.9984
vn 0.0001 0.1788 -0.9839
vn -0.0000 0.2647 -0.9643
vn 0.0008 0.3076 -0.9515
vn 0.0005 0.3645 -0.9312
vn 0.0000 0.0345 0.9994
vn 0.0001 0.1031 0.9947
vn 0.0002 0.4302 0.9027
vn 0.0000 0.3565 0.9343
vn 0.0000 0.3021 0.9533
vn 0.0008 0.2649 0.9643
vn 0.0004 0.1911 0.9816
vn 0.0002 0.6603 0.7510
vn 0.0000 0.5876 0.8092
vn 0.0009 0.5475 0.8368
vn 0.0006 0.5046 0.8633
vn 0.0004 0.8933 0.4495
vn 0.0000 0.8272 0.5619
vn 0.0000 0.7861 0.6180
vn 0.0007 0.7505 0.6609
vn 0.0004 0.7071 0.7071
vn 0.0008 0.9994 0.0343
vn 0.0003 0.9896 0.1439
vn 0.0000 0.9609 0.2768
vn 0.0000 0.9361 0.3518
vn 0.0009 0.9383 0.3459
vn 0.0008 0.9277 0.3734
vn 0.5877 0.8081 -0.0395
vn 0.9953 0.0568 -0.0782
vn 0.0335 0.9994 0.0021
vn 0.1345 0.9908 0.0128
vn 0.5342 0.8431 0.0614
vn 0.4336 0.9004 0.0360
vn 0.3611 0.9322 0.0270
vn 0.3346 0.9420 0.0244
vn 0.3253 0.9453 0.0237
vn 0.7339 0.6753 0.0730
vn 0.6923 0.7190 0.0619
vn 0.6483 0.7596 0.0523
vn 0.9221 0.3713 0.1089
vn 0.8929 0.4415 0.0883
vn 0.8548 0.5136 0.0747
vn 0.8277 0.5566 0.0714
vn 0.9952 0.0353 0.0908
vn 0.9590 0.2700 0.0863
vn 0.9763 0.1956 0.0925
vn 0.9478 0.3102 -0.0732
vn 0.9608 0.2672 -0.0744
vn 0.9794 0.1822 -0.0872
vn 0.7827 0.6195 -0.0596
vn 0.8194 0.5701 -0.0600
vn 0.8434 0.5336 -0.0627
vn 0.8843 0.4603 -0.0786
vn 0.9157 0.3832 -0.1209
vn 0.7167 0.6944 -0.0641
vn 0.6524 0.7566 -0.0429
vn 0.6325 0.7733 -0.0430
vn 0.6689 0.7417 -0.0494
vn 0.4052 0.9138 -0.0261
vn 0.4993 0.8650 -0.0495
vn 0.3168 0.9483 -0.0185
vn 0.0974 0.8902 -0.4451
vn -0.0483 0.9976 -0.0504
vn 0.0467 0.9984 -0.0329
vn 0.2105 0.9774 -0.0170
vn 0.9834 0.1440 -0.1100
vn 0.9808 0.1439 -0.1313
vn 0.9771 0.1646 -0.1352
vn 0.9731 0.1445 -0.1792
vn 0.9680 0.1444 -0.2054
vn 0.9679 0.1446 -0.2054
vn 0.9508 0.1445 -0.2741
vn 0.9350 0.2534 -0.2481
vn 0.9429 0.1451 -0.2999
vn 0.9199 0.1450 -0.3643
vn 0.9118 0.2213 -0.3459
vn 0.9073 0.1451 -0.3946
vn 0.8814 0.1450 -0.4496
vn 0.8789 0.1820 -0.4410
vn 0.8628 0.1445 -0.4845
vn 0.8490 0.1445 -0.5082
vn 0.8490 0.1446 -0.5082
vn 0.8237 0.1446 -0.5483
vn 0.8002 0.2193 -0.5582
vn 0.7962 0.1451 -0.5873
vn 0.7543 0.1450 -0.6403
vn 0.7499 0.2329 -0.6192
vn 0.7330 0.1451 -0.6646
vn 0.6926 0.1450 -0.7066
vn 0.6923 0.1721 -0.7008
vn 0.6633 0.1444 -0.7343
vn 0.6484 0.1443 -0.7475
vn 0.6483 0.1445 -0.7475
vn 0.5983 0.1444 -0.7882
vn 0.5947 0.2602 -0.7607
vn 0.5713 0.1452 -0.8078
vn 0.5213 0.1450 -0.8410
vn 0.5215 0.1943 -0.8308
vn 0.4872 0.1451 -0.8612
vn 0.4426 0.1450 -0.8849
vn 0.4427 0.1448 -0.8849
vn 0.3993 0.1449 -0.9053
vn 0.3666 0.1751 -0.9138
vn 0.3647 0.1449 -0.9198
vn 0.3142 0.1450 -0.9382
vn 0.2807 0.2735 -0.9200
vn 0.1049 0.2469 -0.9633
vn 0.2691 0.1452 -0.9521
vn 0.2168 0.1452 -0.9654
vn 0.1929 0.2732 -0.9424
vn 0.1715 0.1452 -0.9744
vn 0.1181 0.1451 -0.9823
vn 0.0720 0.1445 -0.9869
vn 0.0443 0.1444 -0.9885
vn 0.0443 0.1446 -0.9885
vn 0.0014 0.1445 -0.9895
vn -0.0201 0.2966 -0.9548
vn -0.2107 0.2787 -0.9370
vn -0.0470 0.1453 -0.9883
vn -0.1008 0.1452 -0.9842
vn -0.1143 0.2870 -0.9511
vn -0.1497 0.1454 -0.9780
vn -0.2026 0.1453 -0.9684
vn -0.2529 0.1444 -0.9566
vn -0.2791 0.1444 -0.9493
vn -0.2791 0.1445 -0.9493
vn -0.3160 0.1444 -0.9377
vn -0.3266 0.2789 -0.9031
vn -0.3621 0.1453 -0.9208
vn -0.4116 0.1453 -0.8997
vn -0.4169 0.2739 -0.8667
vn -0.4579 0.1454 -0.8770
vn -0.5169 0.1452 -0.8436
vn -0.4904 0.2761 -0.8266
vn -0.5466 0.1443 -0.8249
vn -0.5683 0.1443 -0.8100
vn -0.5684 0.1444 -0.8100
vn -0.5999 0.1444 -0.7869
vn -0.6040 0.2452 -0.7583
vn -0.6383 0.1453 -0.7560
vn -0.6784 0.1453 -0.7202
vn -0.6787 0.2415 -0.6935
vn -0.7154 0.1453 -0.6835
vn -0.7604 0.1452 -0.6330
vn -0.7371 0.2411 -0.6313
vn -0.7825 0.1451 -0.6055
vn -0.8141 0.1450 -0.5623
vn -0.8136 0.1661 -0.5571
vn -0.8384 0.1452 -0.5254
vn -0.8655 0.1450 -0.4795
vn -0.8654 0.1478 -0.4789
vn -0.8891 0.1454 -0.4341
vn -0.9108 0.1451 -0.3865
vn -0.9108 0.1445 -0.3866
vn -0.9306 0.1446 -0.3363
vn -0.9372 0.1468 -0.3163
vn -0.9379 0.1446 -0.3155
vn -0.9578 0.1445 -0.2484
vn -0.9382 0.2289 -0.2597
vn -0.9655 0.1452 -0.2163
vn -0.9777 0.1451 -0.1515
vn -0.9647 0.2081 -0.1616
vn -0.9828 0.1453 -0.1139
vn -0.9881 0.1451 -0.0510
vn -0.9793 0.1936 -0.0597
vn -0.9893 0.1454 -0.0092
vn -0.9881 0.1452 0.0515
vn -0.9825 0.1806 0.0446
vn -0.9847 0.1453 0.0961
vn -0.9780 0.1451 0.1498
vn -0.9773 0.1493 0.1505
vn -0.9696 0.1452 0.1971
vn -0.9587 0.1451 0.2447
vn -0.9587 0.1450 0.2447
vn -0.9442 0.1451 0.2956
vn -0.9269 0.1700 0.3345
vn -0.9289 0.1444 0.3409
vn -0.9051 0.1445 0.3999
vn -0.9054 0.1697 0.3892
vn -0.9003 0.1446 0.4105
vn -0.8764 0.1445 0.4593
vn -0.8717 0.1656 0.4612
vn -0.8533 0.1452 0.5007
vn -0.8266 0.1450 0.5438
vn -0.8266 0.1449 0.5438
vn -0.7982 0.1451 0.5846
vn -0.7701 0.1668 0.6157
vn -0.7705 0.1443 0.6209
vn -0.7324 0.1444 0.6654
vn -0.7343 0.1577 0.6603
vn -0.7240 0.1445 0.6745
vn -0.6866 0.1444 0.7126
vn -0.6865 0.1450 0.7126
vn -0.6509 0.1452 0.7452
vn -0.6153 0.1548 0.7729
vn -0.6153 0.1450 0.7749
vn -0.5726 0.1451 0.8069
vn -0.5374 0.2060 0.8178
vn -0.5356 0.1445 0.8320
vn -0.4873 0.1445 0.8612
vn -0.4888 0.1570 0.8582
vn -0.4707 0.1447 0.8704
vn -0.4252 0.1445 0.8935
vn -0.4252 0.1450 0.8934
vn -0.3790 0.1452 0.9139
vn -0.3372 0.1804 0.9240
vn -0.3358 0.1450 0.9307
vn -0.2850 0.1452 0.9475
vn -0.2476 0.2397 0.9388
vn -0.2412 0.1441 0.9597
vn -0.2008 0.1442 0.9690
vn -0.2007 0.1443 0.9690
vn -0.1808 0.1443 0.9729
vn -0.1415 0.2579 0.9557
vn -0.1329 0.1452 0.9804
vn -0.0793 0.1453 0.9862
vn -0.0478 0.2848 0.9574
vn -0.0315 0.1453 0.9889
vn 0.0224 0.1453 0.9891
vn 0.0455 0.2990 0.9532
vn 0.0712 0.1443 0.9870
vn 0.1068 0.1443 0.9837
vn 0.1069 0.1444 0.9837
vn 0.1357 0.1444 0.9802
vn 0.1604 0.2851 0.9450
vn 0.3473 0.3012 0.8881
vn 0.1837 0.1453 0.9722
vn 0.2364 0.1453 0.9607
vn 0.2531 0.2948 0.9214
vn 0.2849 0.1454 0.9475
vn 0.3361 0.1454 0.9305
vn 0.3859 0.1444 0.9112
vn 0.4202 0.1444 0.8958
vn 0.4450 0.1444 0.8838
vn 0.4626 0.2534 0.8496
vn 0.4880 0.1453 0.8607
vn 0.5343 0.1453 0.8327
vn 0.5451 0.2634 0.7959
vn 0.5771 0.1453 0.8037
vn 0.6201 0.1453 0.7709
vn 0.6266 0.2436 0.7403
vn 0.6575 0.1443 0.7395
vn 0.6859 0.1444 0.7132
vn 0.7062 0.1444 0.6931
vn 0.7182 0.2227 0.6593
vn 0.7395 0.1452 0.6573
vn 0.7744 0.1453 0.6159
vn 0.7798 0.2316 0.5816
vn 0.8054 0.1453 0.5747
vn 0.8356 0.1453 0.5298
vn 0.8373 0.2195 0.5008
vn 0.8607 0.1453 0.4880
vn 0.8963 0.1451 0.4191
vn 0.8584 0.2847 0.4267
vn 0.9078 0.1453 0.3934
vn 0.9346 0.1452 0.3247
vn 0.9070 0.2545 0.3356
vn 0.9441 0.1453 0.2959
vn 0.9631 0.1452 0.2268
vn 0.9402 0.2426 0.2393
vn 0.9704 0.1449 0.1934
vn 0.9789 0.1448 0.1439
vn 0.9790 0.1442 0.1440
vn 0.9844 0.1443 0.1009
vn 0.9877 0.1073 0.1133
vn 0.9000 0.4274 -0.0858
vn 0.8958 0.4269 -0.1238
vn 0.8979 0.4226 -0.1232
vn 0.8864 0.4230 -0.1880
vn 0.8863 0.4231 -0.1881
vn 0.8708 0.4228 -0.2508
vn 0.8706 0.4233 -0.2509
vn 0.8423 0.4233 -0.3336
vn 0.8069 0.4233 -0.4119
vn 0.8072 0.4227 -0.4119
vn 0.7775 0.4230 -0.4653
vn 0.7774 0.4231 -0.4653
vn 0.7433 0.4228 -0.5184
vn 0.7431 0.4233 -0.5183
vn 0.6907 0.4233 -0.5863
vn 0.6340 0.4233 -0.6472
vn 0.6343 0.4226 -0.6473
vn 0.5938 0.4229 -0.6845
vn 0.5937 0.4231 -0.6845
vn 0.5481 0.4227 -0.7218
vn 0.5478 0.4233 -0.7216
vn 0.4773 0.4234 -0.7700
vn 0.4773 0.4233 -0.7700
vn 0.4053 0.4233 -0.8103
vn 0.4053 0.4232 -0.8103
vn 0.3374 0.4233 -0.8409
vn 0.3373 0.4234 -0.8408
vn 0.2644 0.4232 -0.8666
vn 0.2644 0.4234 -0.8665
vn 0.1817 0.4234 -0.8875
vn 0.0979 0.4234 -0.9006
vn 0.0980 0.4227 -0.9010
vn 0.0406 0.4230 -0.9052
vn 0.0406 0.4231 -0.9052
vn -0.0190 0.4227 -0.9061
vn -0.0190 0.4235 -0.9057
vn -0.1081 0.4234 -0.8994
vn -0.1081 0.4235 -0.8994
vn -0.1989 0.4235 -0.8838
vn -0.1989 0.4225 -0.8843
vn -0.2556 0.4230 -0.8693
vn -0.3082 0.4226 -0.8523
vn -0.3081 0.4235 -0.8519
vn -0.3927 0.4234 -0.8164
vn -0.4735 0.4235 -0.7723
vn -0.4736 0.4225 -0.7728
vn -0.5204 0.4229 -0.7418
vn -0.5204 0.4230 -0.7418
vn -0.5646 0.4226 -0.7090
vn -0.5644 0.4234 -0.7086
vn -0.6336 0.4234 -0.6475
vn -0.6337 0.4234 -0.6475
vn -0.6963 0.4235 -0.5795
vn -0.6963 0.4233 -0.5796
vn -0.7475 0.4234 -0.5118
vn -0.7927 0.4233 -0.4387
vn -0.7926 0.4235 -0.4386
vn -0.8340 0.4235 -0.3538
vn -0.8343 0.4227 -0.3540
vn -0.8585 0.4232 -0.2897
vn -0.8585 0.4231 -0.2897
vn -0.8772 0.4228 -0.2277
vn -0.8769 0.4234 -0.2275
vn -0.8953 0.4234 -0.1388
vn -0.9048 0.4233 -0.0467
vn -0.9047 0.4234 -0.0467
vn -0.9047 0.4234 0.0471
vn -0.8954 0.4234 0.1379
vn -0.8954 0.4233 0.1379
vn -0.8778 0.4234 0.2241
vn -0.8521 0.4234 0.3077
vn -0.8524 0.4227 0.3077
vn -0.8288 0.4231 0.3661
vn -0.8288 0.4231 0.3662
vn -0.8011 0.4228 0.4237
vn -0.8008 0.4233 0.4236
vn -0.7569 0.4234 0.4979
vn -0.7569 0.4233 0.4979
vn -0.7075 0.4233 0.5659
vn -0.7078 0.4226 0.5660
vn -0.6708 0.4230 0.6092
vn -0.6707 0.4231 0.6092
vn -0.6289 0.4227 0.6526
vn -0.6286 0.4234 0.6524
vn -0.5643 0.4234 0.7088
vn -0.5643 0.4233 0.7088
vn -0.4975 0.4233 0.7572
vn -0.4976 0.4228 0.7573
vn -0.4462 0.4231 0.7886
vn -0.4462 0.4232 0.7886
vn -0.3895 0.4228 0.8182
vn -0.3893 0.4234 0.8180
vn -0.3105 0.4234 0.8511
vn -0.2309 0.4234 0.8760
vn -0.2311 0.4224 0.8764
vn -0.1840 0.4228 0.8874
vn -0.1839 0.4230 0.8873
vn -0.1328 0.4225 0.8966
vn -0.1327 0.4234 0.8962
vn -0.0452 0.4234 0.9048
vn -0.0452 0.4235 0.9048
vn 0.0433 0.4234 0.9049
vn 0.0432 0.4225 0.9053
vn 0.0978 0.4229 0.9009
vn 0.0978 0.4230 0.9008
vn 0.1516 0.4226 0.8935
vn 0.1516 0.4234 0.8931
vn 0.2400 0.4234 0.8736
vn 0.2399 0.4236 0.8735
vn 0.3300 0.4235 0.8437
vn 0.3301 0.4225 0.8441
vn 0.3848 0.4230 0.8203
vn 0.4334 0.4226 0.7960
vn 0.4332 0.4235 0.7956
vn 0.5119 0.4234 0.7474
vn 0.5119 0.4234 0.7475
vn 0.5854 0.4235 0.6914
vn 0.5856 0.4225 0.6918
vn 0.6281 0.4230 0.6532
vn 0.6281 0.4230 0.6531
vn 0.6675 0.4226 0.6130
vn 0.6673 0.4234 0.6127
vn 0.7262 0.4234 0.5416
vn 0.7774 0.4235 0.4650
vn 0.7775 0.4234 0.4650
vn 0.8206 0.4234 0.3838
vn 0.8558 0.4235 0.2973
vn 0.8558 0.4234 0.2973
vn 0.8818 0.4234 0.2075
vn 0.8820 0.4230 0.2076
vn 0.8964 0.4233 0.1315
vn 0.8958 0.4246 0.1310
vn 0.9017 0.4247 0.0806
vn 0.9387 0.3195 0.1293
vn 0.7289 0.6809 -0.0714
vn 0.7257 0.6805 -0.1014
vn 0.7321 0.6738 -0.1006
vn 0.7225 0.6742 -0.1533
vn 0.7100 0.6738 -0.2046
vn 0.6870 0.6738 -0.2720
vn 0.6582 0.6738 -0.3358
vn 0.6581 0.6738 -0.3358
vn 0.6337 0.6742 -0.3793
vn 0.6060 0.6738 -0.4227
vn 0.5633 0.6738 -0.4782
vn 0.5633 0.6739 -0.4782
vn 0.5171 0.6739 -0.5277
vn 0.4839 0.6742 -0.5579
vn 0.4468 0.6738 -0.5885
vn 0.3893 0.6739 -0.6280
vn 0.3305 0.6739 -0.6608
vn 0.2751 0.6740 -0.6856
vn 0.2156 0.6738 -0.7067
vn 0.1482 0.6738 -0.7239
vn 0.0799 0.6738 -0.7345
vn 0.0331 0.6742 -0.7378
vn -0.0155 0.6738 -0.7387
vn -0.0882 0.6738 -0.7336
vn -0.1622 0.6738 -0.7209
vn -0.1622 0.6737 -0.7210
vn -0.2083 0.6742 -0.7085
vn -0.2513 0.6738 -0.6948
vn -0.2513 0.6738 -0.6949
vn -0.3204 0.6738 -0.6659
vn -0.3204 0.6737 -0.6659
vn -0.3861 0.6738 -0.6300
vn -0.4242 0.6742 -0.6046
vn -0.4603 0.6738 -0.5780
vn -0.4604 0.6738 -0.5780
vn -0.5169 0.6738 -0.5281
vn -0.5169 0.6737 -0.5281
vn -0.5679 0.6738 -0.4727
vn -0.6096 0.6739 -0.4174
vn -0.6466 0.6738 -0.3578
vn -0.6465 0.6738 -0.3578
vn -0.6803 0.6737 -0.2887
vn -0.6998 0.6741 -0.2361
vn -0.6998 0.6742 -0.2361
vn -0.7152 0.6738 -0.1856
vn -0.7302 0.6738 -0.1132
vn -0.7379 0.6738 -0.0381
vn -0.7380 0.6738 -0.0381
vn -0.7379 0.6738 0.0384
vn -0.7303 0.6738 0.1125
vn -0.7160 0.6738 0.1828
vn -0.7159 0.6738 0.1828
vn -0.6950 0.6738 0.2509
vn -0.6950 0.6739 0.2509
vn -0.6756 0.6742 0.2985
vn -0.6756 0.6741 0.2985
vn -0.6532 0.6738 0.3455
vn -0.6531 0.6738 0.3455
vn -0.6173 0.6738 0.4061
vn -0.6172 0.6739 0.4061
vn -0.5770 0.6739 0.4614
vn -0.5467 0.6742 0.4966
vn -0.5127 0.6738 0.5321
vn -0.4602 0.6738 0.5781
vn -0.4602 0.6739 0.5781
vn -0.4057 0.6739 0.6175
vn -0.3637 0.6742 0.6428
vn -0.3175 0.6738 0.6672
vn -0.2533 0.6738 0.6941
vn -0.2533 0.6739 0.6941
vn -0.1884 0.6739 0.7144
vn -0.1499 0.6742 0.7231
vn -0.1082 0.6738 0.7309
vn -0.0368 0.6738 0.7380
vn 0.0352 0.6738 0.7381
vn 0.0797 0.6742 0.7342
vn 0.1237 0.6738 0.7285
vn 0.1957 0.6738 0.7125
vn 0.1957 0.6738 0.7126
vn 0.2691 0.6737 0.6882
vn 0.2691 0.6737 0.6883
vn 0.3137 0.6742 0.6686
vn 0.3136 0.6742 0.6686
vn 0.3534 0.6738 0.6489
vn 0.3534 0.6738 0.6490
vn 0.4175 0.6738 0.6097
vn 0.4176 0.6737 0.6097
vn 0.4774 0.6738 0.5640
vn 0.5119 0.6742 0.5323
vn 0.5443 0.6738 0.4997
vn 0.5924 0.6738 0.4418
vn 0.5924 0.6737 0.4418
vn 0.6341 0.6738 0.3793
vn 0.6694 0.6738 0.3130
vn 0.6694 0.6737 0.3130
vn 0.6980 0.6738 0.2425
vn 0.7193 0.6737 0.1693
vn 0.7307 0.6741 0.1080
vn 0.7272 0.6782 0.1059
vn 0.7322 0.6782 0.0624
vn 0.7863 0.6100 0.0977
vn 0.4822 0.8750 -0.0417
vn 0.4799 0.8748 -0.0671
vn 0.4784 0.8756 -0.0672
vn 0.4722 0.8758 -0.1002
vn 0.4725 0.8756 -0.1001
vn 0.4644 0.8754 -0.1338
vn 0.4624 0.8765 -0.1337
vn 0.4476 0.8765 -0.1772
vn 0.4478 0.8764 -0.1773
vn 0.4290 0.8764 -0.2189
vn 0.4306 0.8755 -0.2194
vn 0.4144 0.8757 -0.2480
vn 0.4145 0.8756 -0.2480
vn 0.3965 0.8754 -0.2765
vn 0.3946 0.8765 -0.2757
vn 0.3670 0.8765 -0.3115
vn 0.3672 0.8764 -0.3117
vn 0.3371 0.8764 -0.3440
vn 0.3387 0.8753 -0.3452
vn 0.3167 0.8755 -0.3651
vn 0.2925 0.8753 -0.3852
vn 0.2908 0.8766 -0.3835
vn 0.2536 0.8766 -0.4091
vn 0.2537 0.8765 -0.4092
vn 0.2154 0.8765 -0.4306
vn 0.2157 0.8762 -0.4311
vn 0.1794 0.8762 -0.4473
vn 0.1793 0.8763 -0.4471
vn 0.1406 0.8762 -0.4609
vn 0.1404 0.8766 -0.4603
vn 0.0965 0.8766 -0.4714
vn 0.0965 0.8766 -0.4715
vn 0.0521 0.8766 -0.4785
vn 0.0525 0.8754 -0.4805
vn 0.0216 0.8756 -0.4825
vn 0.0217 0.8756 -0.4825
vn -0.0102 0.8754 -0.4833
vn -0.0103 0.8768 -0.4808
vn -0.0574 0.8768 -0.4774
vn -0.0574 0.8768 -0.4773
vn -0.1055 0.8768 -0.4691
vn -0.1059 0.8754 -0.4717
vn -0.1362 0.8757 -0.4633
vn -0.1362 0.8754 -0.4639
vn -0.1646 0.8752 -0.4550
vn -0.1638 0.8769 -0.4520
vn -0.2084 0.8768 -0.4332
vn -0.2085 0.8768 -0.4334
vn -0.2513 0.8768 -0.4100
vn -0.2524 0.8753 -0.4125
vn -0.2775 0.8755 -0.3955
vn -0.2776 0.8753 -0.3960
vn -0.3015 0.8751 -0.3786
vn -0.2999 0.8768 -0.3758
vn -0.3363 0.8768 -0.3436
vn -0.3364 0.8768 -0.3437
vn -0.3696 0.8768 -0.3076
vn -0.3700 0.8765 -0.3081
vn -0.3972 0.8765 -0.2720
vn -0.3971 0.8765 -0.2719
vn -0.4212 0.8765 -0.2331
vn -0.4208 0.8767 -0.2328
vn -0.4428 0.8767 -0.1879
vn -0.4444 0.8757 -0.1889
vn -0.4571 0.8759 -0.1542
vn -0.4575 0.8756 -0.1546
vn -0.4678 0.8755 -0.1214
vn -0.4658 0.8766 -0.1204
vn -0.4755 0.8766 -0.0737
vn -0.4754 0.8767 -0.0737
vn -0.4804 0.8767 -0.0248
vn -0.4803 0.8767 -0.0248
vn -0.4803 0.8767 0.0250
vn -0.4805 0.8766 0.0250
vn -0.4755 0.8767 0.0732
vn -0.4758 0.8765 0.0732
vn -0.4664 0.8765 0.1191
vn -0.4665 0.8765 0.1191
vn -0.4529 0.8764 0.1635
vn -0.4546 0.8755 0.1637
vn -0.4416 0.8757 0.1951
vn -0.4418 0.8756 0.1951
vn -0.4272 0.8754 0.2260
vn -0.4254 0.8765 0.2254
vn -0.4022 0.8765 0.2646
vn -0.4024 0.8764 0.2647
vn -0.3762 0.8764 0.3008
vn -0.3778 0.8753 0.3017
vn -0.3576 0.8755 0.3249
vn -0.3577 0.8755 0.3249
vn -0.3355 0.8753 0.3482
vn -0.3337 0.8765 0.3468
vn -0.2998 0.8765 0.3766
vn -0.3000 0.8764 0.3768
vn -0.2645 0.8764 0.4025
vn -0.2655 0.8755 0.4037
vn -0.2378 0.8757 0.4203
vn -0.2377 0.8758 0.4202
vn -0.2076 0.8756 0.4362
vn -0.2066 0.8766 0.4346
vn -0.1649 0.8766 0.4521
vn -0.1651 0.8765 0.4523
vn -0.1228 0.8765 0.4655
vn -0.1237 0.8750 0.4680
vn -0.0982 0.8752 0.4736
vn -0.0983 0.8751 0.4738
vn -0.0709 0.8749 0.4791
vn -0.0702 0.8767 0.4758
vn -0.0240 0.8767 0.4804
vn 0.0229 0.8767 0.4805
vn 0.0229 0.8753 0.4831
vn 0.0522 0.8755 0.4804
vn 0.0521 0.8753 0.4807
vn 0.0810 0.8751 0.4771
vn 0.0807 0.8768 0.4740
vn 0.1274 0.8768 0.4636
vn 0.1273 0.8769 0.4635
vn 0.1750 0.8769 0.4477
vn 0.1758 0.8754 0.4503
vn 0.2051 0.8757 0.4372
vn 0.2051 0.8753 0.4380
vn 0.2315 0.8751 0.4251
vn 0.2302 0.8769 0.4220
vn 0.2717 0.8768 0.3967
vn 0.2717 0.8767 0.3968
vn 0.3107 0.8768 0.3670
vn 0.3121 0.8753 0.3693
vn 0.3349 0.8756 0.3482
vn 0.3350 0.8753 0.3487
vn 0.3565 0.8751 0.3273
vn 0.3545 0.8768 0.3249
vn 0.3855 0.8768 0.2875
vn 0.3855 0.8767 0.2875
vn 0.4127 0.8768 0.2469
vn 0.4127 0.8767 0.2469
vn 0.4357 0.8767 0.2037
vn 0.4357 0.8768 0.2037
vn 0.4543 0.8768 0.1578
vn 0.4544 0.8767 0.1579
vn 0.4682 0.8767 0.1102
vn 0.4695 0.8760 0.1108
vn 0.4767 0.8762 0.0710
vn 0.4751 0.8771 0.0702
vn 0.4788 0.8771 0.0375
vn 0.5818 0.8093 0.0812
vn 0.1708 0.9853 -0.0088
vn 0.1696 0.9853 -0.0225
vn 0.1641 0.9862 -0.0227
vn 0.1619 0.9862 -0.0345
vn 0.1622 0.9862 -0.0344
vn 0.1595 0.9861 -0.0456
vn 0.1573 0.9865 -0.0453
vn 0.1522 0.9865 -0.0603
vn 0.1524 0.9865 -0.0603
vn 0.1459 0.9865 -0.0748
vn 0.1477 0.9861 -0.0754
vn 0.1422 0.9862 -0.0851
vn 0.1423 0.9862 -0.0852
vn 0.1363 0.9861 -0.0947
vn 0.1342 0.9865 -0.0936
vn 0.1248 0.9865 -0.1060
vn 0.1250 0.9865 -0.1061
vn 0.1146 0.9865 -0.1174
vn 0.1164 0.9861 -0.1188
vn 0.1089 0.9861 -0.1255
vn 0.1008 0.9861 -0.1323
vn 0.0989 0.9865 -0.1303
vn 0.0862 0.9865 -0.1390
vn 0.0863 0.9865 -0.1392
vn 0.0732 0.9865 -0.1465
vn 0.0736 0.9864 -0.1471
vn 0.0612 0.9864 -0.1526
vn 0.0611 0.9864 -0.1524
vn 0.0480 0.9864 -0.1571
vn 0.0477 0.9865 -0.1564
vn 0.0328 0.9865 -0.1601
vn 0.0328 0.9865 -0.1603
vn 0.0175 0.9865 -0.1627
vn 0.0180 0.9861 -0.1650
vn 0.0074 0.9862 -0.1656
vn 0.0074 0.9862 -0.1657
vn -0.0033 0.9861 -0.1660
vn -0.0034 0.9866 -0.1630
vn -0.0195 0.9866 -0.1619
vn -0.0194 0.9866 -0.1618
vn -0.0360 0.9866 -0.1590
vn -0.0364 0.9861 -0.1619
vn -0.0469 0.9862 -0.1590
vn -0.0469 0.9861 -0.1596
vn -0.0564 0.9860 -0.1567
vn -0.0554 0.9866 -0.1532
vn -0.0706 0.9866 -0.1468
vn -0.0707 0.9866 -0.1470
vn -0.0855 0.9866 -0.1389
vn -0.0869 0.9861 -0.1418
vn -0.0956 0.9861 -0.1358
vn -0.0957 0.9860 -0.1364
vn -0.1036 0.9860 -0.1307
vn -0.1015 0.9866 -0.1275
vn -0.1140 0.9866 -0.1165
vn -0.1254 0.9866 -0.1042
vn -0.1258 0.9865 -0.1047
vn -0.1350 0.9865 -0.0925
vn -0.1432 0.9865 -0.0793
vn -0.1427 0.9866 -0.0790
vn -0.1503 0.9866 -0.0634
vn -0.1522 0.9862 -0.0646
vn -0.1565 0.9863 -0.0526
vn -0.1570 0.9862 -0.0530
vn -0.1604 0.9861 -0.0421
vn -0.1581 0.9866 -0.0410
vn -0.1614 0.9866 -0.0251
vn -0.1613 0.9866 -0.0250
vn -0.1630 0.9866 -0.0084
vn -0.1629 0.9866 -0.0084
vn -0.1629 0.9866 0.0085
vn -0.1631 0.9866 0.0085
vn -0.1614 0.9866 0.0249
vn -0.1617 0.9865 0.0249
vn -0.1585 0.9865 0.0405
vn -0.1587 0.9865 0.0405
vn -0.1540 0.9865 0.0559
vn -0.1559 0.9862 0.0563
vn -0.1515 0.9862 0.0670
vn -0.1517 0.9862 0.0670
vn -0.1468 0.9861 0.0773
vn -0.1447 0.9865 0.0765
vn -0.1367 0.9865 0.0900
vn -0.1370 0.9865 0.0901
vn -0.1279 0.9865 0.1027
vn -0.1298 0.9861 0.1038
vn -0.1229 0.9861 0.1116
vn -0.1229 0.9861 0.1117
vn -0.1156 0.9861 0.1195
vn -0.1135 0.9865 0.1178
vn -0.1019 0.9865 0.1280
vn -0.1021 0.9865 0.1283
vn -0.0899 0.9865 0.1371
vn -0.0910 0.9862 0.1385
vn -0.0816 0.9862 0.1441
vn -0.0815 0.9862 0.1440
vn -0.0713 0.9862 0.1495
vn -0.0703 0.9865 0.1476
vn -0.0560 0.9865 0.1536
vn -0.0561 0.9865 0.1539
vn -0.0415 0.9865 0.1584
vn -0.0425 0.9860 0.1613
vn -0.0337 0.9860 0.1632
vn -0.0339 0.9860 0.1634
vn -0.0247 0.9859 0.1652
vn -0.0239 0.9866 0.1614
vn -0.0081 0.9866 0.1630
vn -0.0081 0.9866 0.1631
vn 0.0080 0.9866 0.1631
vn 0.0079 0.9861 0.1661
vn 0.0181 0.9861 0.1651
vn 0.0180 0.9860 0.1655
vn 0.0276 0.9860 0.1643
vn 0.0273 0.9866 0.1607
vn 0.0432 0.9866 0.1572
vn 0.0431 0.9867 0.1569
vn 0.0595 0.9867 0.1515
vn 0.0604 0.9861 0.1546
vn 0.0707 0.9862 0.1499
vn 0.0707 0.9860 0.1508
vn 0.0794 0.9860 0.1466
vn 0.0779 0.9866 0.1431
vn 0.0921 0.9866 0.1344
vn 0.0922 0.9866 0.1346
vn 0.1056 0.9866 0.1243
vn 0.1074 0.9861 0.1269
vn 0.1152 0.9861 0.1195
vn 0.1154 0.9860 0.1200
vn 0.1225 0.9860 0.1130
vn 0.1201 0.9866 0.1103
vn 0.1307 0.9866 0.0975
vn 0.1399 0.9866 0.0837
vn 0.1400 0.9866 0.0838
vn 0.1478 0.9866 0.0691
vn 0.1477 0.9866 0.0691
vn 0.1540 0.9866 0.0535
vn 0.1542 0.9866 0.0536
vn 0.1590 0.9866 0.0372
vn 0.1603 0.9863 0.0377
vn 0.1629 0.9864 0.0235
vn 0.1644 0.9861 0.0242
vn 0.1659 0.9861 0.0110
vn 0.2494 0.9677 0.0364
vn -0.1564 0.0000 -0.9877
vn -0.0523 0.0000 -0.9986
vn -0.3584 0.0000 -0.9336
vn -0.2588 0.0000 -0.9659
vn -0.4540 0.0000 -0.8910
vn -0.5447 0.0000 -0.8387
vn -0.6293 0.0000 -0.7771
vn -0.7071 0.0000 -0.7071
vn -0.7771 0.0000 -0.6293
vn -0.8387 0.0000 -0.5447
vn -0.8910 0.0000 -0.4540
vn -0.9336 0.0000 -0.3583
vn -0.9659 0.0000 -0.2588
vn -0.9877 0.0000 -0.1564
vn -0.9986 0.0000 -0.0524
vn 0.0000 -0.0345 -0.9994
vn 0.0001 -0.1031 -0.9947
vn 0.0002 -0.4302 -0.9027
vn 0.0000 -0.3565 -0.9343
vn 0.0000 -0.3021 -0.9533
vn 0.0008 -0.2649 -0.9643
vn 0.0004 -0.1911 -0.9816
vn 0.0002 -0.6603 -0.7510
vn 0.0000 -0.5876 -0.8092
vn 0.0009 -0.5475 -0.8368
vn 0.0006 -0.5046 -0.8633
vn 0.0004 -0.8933 -0.4495
vn 0.0000 -0.8272 -0.5619
vn 0.0000 -0.7861 -0.6181
vn -0.0000 -0.6743 -0.7385
vn 0.0007 -0.7505 -0.6609
vn 0.0004 -0.7071 -0.7071
vn 0.0008 -0.9994 -0.0343
vn 0.0003 -0.9896 -0.1439
vn 0.0000 -0.9609 -0.2768
vn -0.0000 -0.9410 -0.3384
vn 0.0009 -0.9383 -0.3459
vn 0.0008 -0.9277 -0.3734
usemtl None
s off
f 1//1 2//1 3//1
f 2//1 4//1 3//1
f 5//2 6//2 7//2
f 8//3 9//3 10//3
f 9//3 11//3 10//3
f 10//4 11//4 12//4
f 11//4 13//4 12//4
f 12//5 13//5 14//5
f 13//5 15//5 14//5
f 14//6 15//6 16//6
f 15//6 17//6 16//6
f 16//7 17//7 18//7
f 17//7 19//7 18//7
f 18//8 19//8 20//8
f 19//8 21//8 20//8
f 20//9 21//9 22//9
f 21//9 23//9 22//9
f 22//10 23//10 24//10
f 23//10 25//10 24//10
f 24//11 25//11 26//11
f 25//11 27//11 26//11
f 26//12 27//12 28//12
f 27//12 29//12 28//12
f 28//13 29//13 30//13
f 29//13 31//13 30//13
f 30//14 31//14 32//14
f 31//14 33//14 32//14
f 32//15 33//15 34//15
f 33//15 35//15 34//15
f 34//16 35//16 7//16
f 35//16 36//16 7//16
f 7//2 36//2 5//2
f 37//17 38//17 39//17
f 38//17 40//17 39//17
f 41//18 42//18 43//18
f 42//18 44//18 43//18
f 45//1 46//1 47//1
f 46//1 48//1 47//1
f 49//19 50//19 46//19
f 50//19 48//19 46//19
f 51//1 52//1 53//1
f 52//1 54//1 53//1
f 53//1 54//1 55//1
f 56//18 57//18 58//18
f 57//18 59//18 58//18
f 58//18 59//18 60//18
f 61//20 62//20 63//20
f 62//20 64//20 63//20
f 64//21 62//21 65//21
f 62//22 66//22 65//22
f 65//23 66//23 67//23
f 66//24 68//24 67//24
f 67//25 68//25 69//25
f 68//26 70//26 69//26
f 69//27 70//27 71//27
f 70//28 72//28 71//28
f 71//29 72//29 73//29
f 72//30 74//30 73//30
f 73//31 74//31 75//31
f 74//32 76//32 75//32
f 75//33 76//33 77//33
f 76//34 78//34 77//34
f 77//35 78//35 79//35
f 78//36 80//36 79//36
f 79//37 80//37 81//37
f 80//38 82//38 81//38
f 81//39 82//39 83//39
f 82//40 84//40 83//40
f 83//41 84//41 85//41
f 84//42 86//42 85//42
f 85//43 86//43 87//43
f 86//44 88//44 87//44
f 87//45 88//45 89//45
f 88//46 90//46 89//46
f 89//47 90//47 91//47
f 60//17 59//17 51//17
f 59//17 52//17 51//17
f 92//1 93//1 94//1
f 93//1 95//1 94//1
f 96//1 97//1 98//1
f 97//1 99//1 98//1
f 98//1 99//1 100//1
f 101//48 102//48 103//48
f 104//49 105//49 106//49
f 107//50 108//50 109//50
f 110//51 111//51 112//51
f 113//52 114//52 115//52
f 116//53 117//53 118//53
f 9//54 119//54 11//54
f 11//55 119//55 13//55
f 119//56 120//56 13//56
f 13//57 120//57 15//57
f 15//58 120//58 17//58
f 120//59 121//59 17//59
f 17//60 121//60 19//60
f 19//61 121//61 21//61
f 121//62 122//62 21//62
f 21//63 122//63 23//63
f 23//64 122//64 25//64
f 122//65 123//65 25//65
f 25//66 123//66 27//66
f 27//67 123//67 29//67
f 123//68 124//68 29//68
f 29//69 124//69 31//69
f 31//70 124//70 33//70
f 124//71 118//71 33//71
f 33//72 118//72 35//72
f 125//73 5//73 36//73
f 35//74 118//74 36//74
f 118//75 117//75 36//75
f 36//76 117//76 125//76
f 114//77 116//77 115//77
f 116//78 118//78 115//78
f 115//79 118//79 126//79
f 118//79 124//79 126//79
f 126//80 124//80 127//80
f 124//81 123//81 127//81
f 127//82 123//82 128//82
f 123//82 122//82 128//82
f 128//83 122//83 129//83
f 122//84 121//84 129//84
f 129//85 121//85 130//85
f 121//86 120//86 130//86
f 130//87 120//87 131//87
f 120//87 119//87 131//87
f 131//88 119//88 9//88
f 111//89 113//89 112//89
f 113//90 115//90 112//90
f 112//91 115//91 132//91
f 115//91 126//91 132//91
f 132//92 126//92 133//92
f 126//93 127//93 133//93
f 133//94 127//94 134//94
f 127//95 128//95 134//95
f 134//96 128//96 135//96
f 128//97 129//97 135//97
f 135//98 129//98 136//98
f 129//99 130//99 136//99
f 136//100 130//100 137//100
f 130//101 131//101 137//101
f 137//102 131//102 9//102
f 108//103 110//103 109//103
f 110//104 112//104 109//104
f 109//105 112//105 138//105
f 112//105 132//105 138//105
f 138//106 132//106 139//106
f 132//106 133//106 139//106
f 139//107 133//107 140//107
f 133//108 134//108 140//108
f 140//109 134//109 141//109
f 134//110 135//110 141//110
f 141//111 135//111 142//111
f 135//112 136//112 142//112
f 142//113 136//113 143//113
f 136//114 137//114 143//114
f 143//115 137//115 9//115
f 105//116 107//116 106//116
f 107//117 109//117 106//117
f 106//118 109//118 144//118
f 109//118 138//118 144//118
f 144//119 138//119 145//119
f 138//119 139//119 145//119
f 145//120 139//120 146//120
f 139//121 140//121 146//121
f 146//122 140//122 147//122
f 140//123 141//123 147//123
f 147//124 141//124 148//124
f 141//124 142//124 148//124
f 148//125 142//125 149//125
f 142//125 143//125 149//125
f 149//126 143//126 9//126
f 102//127 104//127 103//127
f 104//128 106//128 103//128
f 103//129 106//129 150//129
f 106//129 144//129 150//129
f 150//130 144//130 151//130
f 144//131 145//131 151//131
f 151//132 145//132 152//132
f 145//132 146//132 152//132
f 152//133 146//133 153//133
f 146//134 147//134 153//134
f 153//135 147//135 154//135
f 147//135 148//135 154//135
f 154//136 148//136 155//136
f 148//136 149//136 155//136
f 155//137 149//137 9//137
f 156//138 101//138 157//138
f 101//139 103//139 157//139
f 157//140 103//140 158//140
f 103//140 150//140 158//140
f 158//141 150//141 159//141
f 150//141 151//141 159//141
f 159//142 151//142 160//142
f 151//142 152//142 160//142
f 160//143 152//143 161//143
f 152//143 153//143 161//143
f 161//144 153//144 162//144
f 153//144 154//144 162//144
f 162//145 154//145 163//145
f 154//146 155//146 163//146
f 163//147 155//147 9//147
f 164//18 165//18 166//18
f 165//18 167//18 166//18
f 168//1 169//1 170//1
f 171//1 172//1 173//1
f 170//1 171//1 168//1
f 171//1 173//1 168//1
f 168//1 173//1 174//1
f 173//1 175//1 174//1
f 176//1 177//1 178//1
f 177//1 179//1 178//1
f 178//1 179//1 180//1
f 179//1 181//1 180//1
f 180//1 181//1 182//1
f 181//1 183//1 182//1
f 182//1 183//1 184//1
f 183//1 185//1 184//1
f 184//1 185//1 186//1
f 187//1 188//1 189//1
f 188//1 190//1 189//1
f 189//1 190//1 191//1
f 190//1 192//1 191//1
f 191//1 192//1 193//1
f 192//1 194//1 193//1
f 193//1 194//1 195//1
f 194//1 196//1 195//1
f 195//1 196//1 197//1
f 185//1 198//1 186//1
f 198//1 199//1 186//1
f 186//1 199//1 200//1
f 199//1 201//1 200//1
f 200//1 201//1 202//1
f 201//1 203//1 202//1
f 202//1 203//1 204//1
f 203//1 205//1 204//1
f 206//1 207//1 208//1
f 189//1 209//1 187//1
f 209//1 210//1 187//1
f 187//1 210//1 211//1
f 210//1 212//1 211//1
f 211//1 212//1 213//1
f 212//1 214//1 213//1
f 213//1 214//1 215//1
f 214//1 216//1 215//1
f 208//1 207//1 217//1
f 207//1 218//1 217//1
f 217//1 218//1 219//1
f 218//1 220//1 219//1
f 219//1 220//1 221//1
f 220//1 222//1 221//1
f 221//1 222//1 223//1
f 222//1 174//1 223//1
f 223//1 174//1 224//1
f 174//1 175//1 224//1
f 224//1 175//1 225//1
f 175//1 226//1 225//1
f 225//1 226//1 227//1
f 226//1 228//1 227//1
f 227//1 228//1 229//1
f 228//1 230//1 229//1
f 229//1 230//1 176//1
f 230//1 231//1 176//1
f 176//1 231//1 177//1
f 197//1 196//1 232//1
f 196//1 233//1 232//1
f 232//1 233//1 234//1
f 233//1 235//1 234//1
f 234//1 235//1 236//1
f 235//1 237//1 236//1
f 236//1 237//1 238//1
f 237//1 239//1 238//1
f 238//1 239//1 240//1
f 239//1 241//1 240//1
f 240//1 241//1 242//1
f 241//1 243//1 242//1
f 242//1 243//1 244//1
f 243//1 245//1 244//1
f 244//1 245//1 246//1
f 203//1 247//1 205//1
f 247//1 248//1 205//1
f 205//1 248//1 249//1
f 248//1 250//1 249//1
f 249//1 250//1 251//1
f 250//1 252//1 251//1
f 251//1 252//1 253//1
f 252//1 254//1 253//1
f 245//1 255//1 246//1
f 255//1 256//1 246//1
f 246//1 256//1 257//1
f 256//1 258//1 257//1
f 257//1 258//1 259//1
f 258//1 260//1 259//1
f 259//1 260//1 261//1
f 260//1 262//1 261//1
f 208//1 263//1 206//1
f 263//1 264//1 206//1
f 206//1 264//1 265//1
f 264//1 266//1 265//1
f 265//1 266//1 267//1
f 266//1 268//1 267//1
f 267//1 268//1 269//1
f 268//1 270//1 269//1
f 269//1 270//1 271//1
f 270//1 272//1 271//1
f 271//1 272//1 273//1
f 272//1 274//1 273//1
f 273//1 274//1 275//1
f 214//1 276//1 216//1
f 276//1 277//1 216//1
f 216//1 277//1 278//1
f 277//1 279//1 278//1
f 278//1 279//1 280//1
f 279//1 281//1 280//1
f 280//1 281//1 282//1
f 281//1 283//1 282//1
f 282//1 283//1 284//1
f 283//1 285//1 284//1
f 284//1 285//1 286//1
f 285//1 287//1 286//1
f 286//1 287//1 288//1
f 287//1 289//1 288//1
f 288//1 289//1 290//1
f 274//1 291//1 275//1
f 291//1 292//1 275//1
f 275//1 292//1 293//1
f 292//1 290//1 293//1
f 293//1 290//1 294//1
f 290//1 289//1 294//1
f 295//1 296//1 297//1
f 296//1 298//1 297//1
f 297//1 298//1 299//1
f 298//1 300//1 299//1
f 299//1 300//1 301//1
f 300//1 302//1 301//1
f 260//1 303//1 262//1
f 303//1 304//1 262//1
f 262//1 304//1 305//1
f 304//1 306//1 305//1
f 305//1 306//1 307//1
f 306//1 308//1 307//1
f 307//1 308//1 295//1
f 308//1 309//1 295//1
f 295//1 309//1 296//1
f 252//1 310//1 254//1
f 310//1 311//1 254//1
f 254//1 311//1 312//1
f 311//1 313//1 312//1
f 312//1 313//1 314//1
f 313//1 315//1 314//1
f 314//1 315//1 316//1
f 315//1 317//1 316//1
f 316//1 317//1 318//1
f 317//1 319//1 318//1
f 318//1 319//1 320//1
f 319//1 321//1 320//1
f 320//1 321//1 322//1
f 321//1 302//1 322//1
f 322//1 302//1 323//1
f 302//1 300//1 323//1
f 324//1 325//1 326//1
f 325//1 327//1 326//1
f 328//18 329//18 49//18
f 329//18 50//18 49//18
f 330//1 331//1 332//1
f 331//1 333//1 332//1
f 166//148 94//148 334//148
f 335//149 336//149 337//149
f 338//150 339//150 340//150
f 97//151 341//151 342//151
f 343//152 344//152 345//152
f 346//153 347//153 348//153
f 349//154 350//154 351//154
f 350//155 352//155 351//155
f 352//156 353//156 351//156
f 351//157 353//157 354//157
f 351//158 355//158 349//158
f 355//159 356//159 349//159
f 349//160 356//160 357//160
f 356//161 358//161 357//161
f 359//162 360//162 361//162
f 360//163 362//163 361//163
f 361//164 362//164 363//164
f 364//165 365//165 366//165
f 367//166 340//166 368//166
f 340//166 339//166 368//166
f 368//167 339//167 365//167
f 339//168 369//168 365//168
f 365//169 369//169 366//169
f 370//170 371//170 372//170
f 371//171 373//171 372//171
f 374//172 375//172 376//172
f 375//173 372//173 376//173
f 376//174 372//174 377//174
f 372//175 373//175 377//175
f 378//176 379//176 380//176
f 378//177 380//177 381//177
f 41//178 43//178 382//178
f 383//179 384//179 385//179
f 41//180 386//180 1//180
f 386//181 387//181 1//181
f 1//182 387//182 2//182
f 382//183 388//183 41//183
f 388//184 383//184 41//184
f 41//185 383//185 386//185
f 383//186 385//186 386//186
f 386//187 385//187 389//187
f 385//188 390//188 389//188
f 389//189 390//189 380//189
f 390//190 391//190 380//190
f 380//191 391//191 381//191
f 392//192 393//192 394//192
f 395//193 396//193 397//193
f 396//194 392//194 397//194
f 397//195 392//195 398//195
f 392//196 394//196 398//196
f 399//197 400//197 401//197
f 402//198 403//198 404//198
f 403//199 399//199 404//199
f 404//200 399//200 405//200
f 399//201 401//201 405//201
f 406//202 407//202 325//202
f 324//203 408//203 409//203
f 410//204 411//204 412//204
f 413//205 414//205 415//205
f 415//206 410//206 413//206
f 410//207 412//207 413//207
f 413//208 412//208 416//208
f 412//209 417//209 416//209
f 416//210 417//210 418//210
f 417//211 419//211 418//211
f 420//212 421//212 422//212
f 423//213 424//213 425//213
f 327//214 426//214 326//214
f 426//215 427//215 326//215
f 326//216 427//216 428//216
f 429//217 430//217 96//217
f 431//218 432//218 100//218
f 432//219 433//219 100//219
f 100//220 433//220 98//220
f 433//221 434//221 98//221
f 98//222 434//222 96//222
f 434//223 435//223 96//223
f 96//224 435//224 429//224
f 435//225 436//225 429//225
f 60//226 437//226 438//226
f 439//227 51//227 440//227
f 51//228 53//228 440//228
f 440//229 53//229 441//229
f 53//230 55//230 441//230
f 441//231 55//231 442//231
f 55//232 56//232 442//232
f 361//233 346//233 359//233
f 346//153 348//153 359//153
f 359//234 348//234 443//234
f 348//235 444//235 443//235
f 444//236 445//236 443//236
f 443//237 445//237 446//237
f 445//238 447//238 446//238
f 446//239 447//239 448//239
f 447//240 449//240 448//240
f 448//241 449//241 358//241
f 449//242 450//242 358//242
f 358//243 450//243 357//243
f 340//244 451//244 338//244
f 451//245 452//245 338//245
f 338//246 452//246 453//246
f 452//247 454//247 453//247
f 453//248 454//248 455//248
f 454//249 456//249 455//249
f 455//250 456//250 362//250
f 456//251 457//251 362//251
f 362//164 457//164 363//164
f 92//252 167//252 458//252
f 167//253 459//253 458//253
f 458//254 459//254 460//254
f 459//255 461//255 460//255
f 460//256 461//256 462//256
f 461//257 463//257 462//257
f 462//258 463//258 366//258
f 463//259 464//259 366//259
f 366//165 464//165 364//165
f 92//260 458//260 93//260
f 458//261 375//261 93//261
f 93//262 375//262 165//262
f 375//262 374//262 165//262
f 165//263 374//263 167//263
f 374//264 465//264 167//264
f 167//265 465//265 459//265
f 466//266 467//266 370//266
f 467//267 468//267 370//267
f 370//267 468//267 371//267
f 469//268 470//268 471//268
f 470//269 466//269 471//269
f 471//270 466//270 472//270
f 466//271 370//271 472//271
f 473//272 474//272 475//272
f 473//273 475//273 469//273
f 475//274 40//274 469//274
f 469//275 40//275 470//275
f 40//275 38//275 470//275
f 470//276 38//276 476//276
f 38//277 477//277 476//277
f 476//278 477//278 478//278
f 477//279 475//279 478//279
f 475//280 474//280 478//280
f 478//281 474//281 479//281
f 474//282 480//282 479//282
f 479//283 480//283 481//283
f 480//284 482//284 481//284
f 481//285 482//285 483//285
f 484//286 331//286 485//286
f 331//287 330//287 485//287
f 486//288 487//288 488//288
f 487//289 483//289 488//289
f 488//290 483//290 330//290
f 483//290 482//290 330//290
f 330//291 482//291 485//291
f 486//292 331//292 487//292
f 331//293 484//293 487//293
f 487//294 484//294 489//294
f 484//295 490//295 489//295
f 489//296 490//296 491//296
f 492//297 493//297 494//297
f 493//298 495//298 494//298
f 494//299 495//299 496//299
f 495//300 497//300 496//300
f 490//301 496//301 491//301
f 496//302 497//302 491//302
f 491//303 497//303 498//303
f 497//304 499//304 498//304
f 497//305 492//305 499//305
f 492//297 494//297 499//297
f 499//306 494//306 500//306
f 494//307 501//307 500//307
f 500//308 501//308 502//308
f 501//309 503//309 502//309
f 502//310 503//310 504//310
f 505//311 506//311 507//311
f 54//312 508//312 57//312
f 508//313 509//313 57//313
f 57//314 509//314 59//314
f 509//315 502//315 59//315
f 59//316 502//316 52//316
f 502//316 504//316 52//316
f 52//317 504//317 54//317
f 504//318 510//318 54//318
f 54//319 510//319 508//319
f 510//320 511//320 508//320
f 508//321 511//321 512//321
f 511//322 505//322 512//322
f 512//323 505//323 513//323
f 505//324 507//324 513//324
f 379//325 378//325 514//325
f 378//326 515//326 514//326
f 514//327 515//327 516//327
f 515//327 517//327 516//327
f 517//328 46//328 516//328
f 516//329 46//329 506//329
f 46//330 45//330 506//330
f 506//331 45//331 507//331
f 45//331 328//331 507//331
f 507//332 328//332 517//332
f 328//333 49//333 517//333
f 517//328 49//328 46//328
f 393//334 518//334 394//334
f 518//335 519//335 394//335
f 394//336 519//336 520//336
f 519//337 521//337 520//337
f 520//338 521//338 522//338
f 521//339 523//339 522//339
f 521//340 524//340 523//340
f 524//341 382//341 523//341
f 523//342 382//342 387//342
f 382//343 43//343 387//343
f 387//343 43//343 2//343
f 525//344 396//344 526//344
f 396//345 395//345 526//345
f 526//346 395//346 527//346
f 395//347 528//347 527//347
f 527//348 528//348 529//348
f 528//349 530//349 529//349
f 529//350 530//350 531//350
f 530//351 532//351 531//351
f 531//352 532//352 533//352
f 532//353 401//353 533//353
f 533//354 401//354 534//354
f 401//355 400//355 534//355
f 535//356 403//356 536//356
f 403//357 402//357 536//357
f 536//358 402//358 537//358
f 402//359 538//359 537//359
f 537//360 538//360 539//360
f 538//361 540//361 539//361
f 541//362 542//362 543//362
f 542//363 343//363 543//363
f 543//364 343//364 544//364
f 343//152 345//152 544//152
f 544//365 345//365 545//365
f 345//366 546//366 545//366
f 545//367 546//367 540//367
f 546//368 547//368 540//368
f 540//369 547//369 539//369
f 548//370 542//370 549//370
f 542//371 541//371 549//371
f 549//372 541//372 550//372
f 541//373 551//373 550//373
f 550//374 551//374 552//374
f 551//375 553//375 552//375
f 552//376 553//376 554//376
f 553//377 555//377 554//377
f 554//378 555//378 556//378
f 555//379 557//379 556//379
f 556//380 557//380 342//380
f 557//381 558//381 342//381
f 342//151 558//151 97//151
f 558//382 559//382 97//382
f 97//383 559//383 99//383
f 559//384 560//384 99//384
f 99//385 560//385 561//385
f 562//386 563//386 560//386
f 563//387 564//387 560//387
f 560//385 564//385 561//385
f 565//388 566//388 567//388
f 566//389 568//389 567//389
f 567//390 568//390 569//390
f 568//391 570//391 569//391
f 569//392 570//392 562//392
f 570//393 571//393 562//393
f 562//394 571//394 563//394
f 572//395 573//395 574//395
f 573//396 575//396 574//396
f 575//397 406//397 574//397
f 574//398 406//398 576//398
f 406//399 325//399 576//399
f 576//400 325//400 577//400
f 325//401 324//401 577//401
f 577//402 324//402 565//402
f 324//403 409//403 565//403
f 565//404 409//404 566//404
f 419//405 578//405 418//405
f 578//406 579//406 418//406
f 418//407 579//407 580//407
f 580//408 4//408 581//408
f 4//409 44//409 581//409
f 574//410 582//410 572//410
f 582//411 581//411 572//411
f 572//412 581//412 583//412
f 581//413 44//413 583//413
f 583//414 44//414 579//414
f 44//415 42//415 579//415
f 579//416 42//416 580//416
f 42//417 3//417 580//417
f 580//418 3//418 4//418
f 584//419 585//419 586//419
f 585//420 587//420 586//420
f 586//421 587//421 414//421
f 587//422 588//422 414//422
f 414//423 588//423 415//423
f 589//424 590//424 591//424
f 590//425 442//425 591//425
f 591//426 442//426 592//426
f 442//427 56//427 592//427
f 592//428 56//428 438//428
f 56//429 58//429 438//429
f 438//228 58//228 60//228
f 585//430 329//430 593//430
f 329//431 47//431 593//431
f 591//432 593//432 589//432
f 593//433 47//433 589//433
f 589//434 47//434 584//434
f 47//435 48//435 584//435
f 584//436 48//436 585//436
f 48//436 50//436 585//436
f 585//437 50//437 329//437
f 594//438 595//438 596//438
f 595//439 597//439 596//439
f 596//440 597//440 598//440
f 597//441 599//441 598//441
f 594//442 600//442 599//442
f 600//443 601//443 599//443
f 599//444 601//444 598//444
f 601//445 602//445 598//445
f 598//446 602//446 439//446
f 602//447 437//447 439//447
f 439//448 437//448 51//448
f 437//449 60//449 51//449
f 594//450 596//450 600//450
f 596//451 603//451 600//451
f 600//452 603//452 604//452
f 603//453 605//453 604//453
f 605//454 606//454 604//454
f 604//455 606//455 607//455
f 606//456 608//456 607//456
f 607//457 608//457 609//457
f 608//458 610//458 609//458
f 609//459 610//459 611//459
f 610//460 612//460 611//460
f 611//461 612//461 613//461
f 612//462 332//462 613//462
f 335//463 337//463 614//463
f 337//464 615//464 614//464
f 615//465 613//465 614//465
f 614//466 613//466 616//466
f 613//467 332//467 616//467
f 616//468 332//468 608//468
f 332//469 333//469 608//469
f 608//470 333//470 610//470
f 425//471 617//471 423//471
f 617//472 618//472 423//472
f 423//473 618//473 619//473
f 618//474 620//474 619//474
f 619//475 620//475 621//475
f 620//476 39//476 621//476
f 621//477 39//477 336//477
f 39//478 622//478 336//478
f 336//479 622//479 337//479
f 622//479 623//479 337//479
f 337//480 623//480 624//480
f 623//481 37//481 624//481
f 624//482 37//482 620//482
f 37//483 39//483 620//483
f 334//484 94//484 625//484
f 94//485 95//485 625//485
f 625//486 95//486 626//486
f 424//487 423//487 422//487
f 423//488 627//488 422//488
f 422//212 627//212 420//212
f 627//489 626//489 420//489
f 420//490 626//490 628//490
f 626//491 95//491 628//491
f 95//492 164//492 628//492
f 628//493 164//493 629//493
f 327//494 630//494 426//494
f 630//495 631//495 426//495
f 426//496 631//496 632//496
f 631//497 633//497 632//497
f 632//498 633//498 634//498
f 633//499 635//499 634//499
f 634//500 635//500 334//500
f 635//501 629//501 334//501
f 334//502 629//502 166//502
f 629//503 164//503 166//503
f 636//504 326//504 637//504
f 326//504 428//504 637//504
f 637//505 428//505 638//505
f 428//506 639//506 638//506
f 638//507 639//507 640//507
f 639//508 641//508 640//508
f 641//509 642//509 640//509
f 640//510 642//510 643//510
f 642//511 644//511 643//511
f 643//512 644//512 645//512
f 644//513 432//513 645//513
f 645//514 432//514 646//514
f 432//515 431//515 646//515
f 435//516 647//516 436//516
f 647//517 648//517 436//517
f 436//518 648//518 649//518
f 648//519 354//519 649//519
f 649//520 354//520 650//520
f 354//521 353//521 650//521
f 651//17 652//17 5//17
f 652//17 6//17 5//17
f 486//19 610//19 331//19
f 610//19 333//19 331//19
f 495//1 493//1 595//1
f 493//1 597//1 595//1
f 497//18 594//18 492//18
f 594//18 599//18 492//18
f 653//522 654//522 655//522
f 654//522 656//522 655//522
f 488//18 612//18 486//18
f 612//18 610//18 486//18
f 657//523 658//523 659//523
f 660//524 661//524 662//524
f 662//525 661//525 663//525
f 664//526 665//526 666//526
f 667//527 668//527 669//527
f 668//528 670//528 669//528
f 669//529 670//529 671//529
f 670//530 672//530 671//530
f 671//531 672//531 673//531
f 664//532 666//532 674//532
f 666//533 675//533 674//533
f 675//534 676//534 674//534
f 674//535 676//535 677//535
f 676//536 678//536 677//536
f 677//537 678//537 673//537
f 678//538 679//538 673//538
f 673//539 679//539 671//539
f 663//540 661//540 665//540
f 661//541 680//541 665//541
f 665//542 680//542 666//542
f 660//543 662//543 681//543
f 662//544 682//544 681//544
f 681//545 682//545 683//545
f 682//546 684//546 683//546
f 683//547 684//547 685//547
f 684//548 686//548 685//548
f 685//549 686//549 687//549
f 686//550 688//550 687//550
f 687//551 688//551 689//551
f 688//552 690//552 689//552
f 689//553 690//553 691//553
f 692//554 693//554 694//554
f 690//555 695//555 691//555
f 695//556 694//556 691//556
f 691//557 694//557 696//557
f 694//558 693//558 696//558
f 694//559 697//559 692//559
f 697//560 698//560 692//560
f 692//561 698//561 699//561
f 698//562 700//562 699//562
f 698//563 701//563 700//563
f 701//564 702//564 700//564
f 700//565 702//565 703//565
f 702//566 704//566 703//566
f 702//567 705//567 704//567
f 705//568 706//568 704//568
f 704//569 706//569 707//569
f 706//570 708//570 707//570
f 707//571 708//571 709//571
f 708//572 710//572 709//572
f 709//573 710//573 711//573
f 710//574 712//574 711//574
f 711//575 712//575 713//575
f 712//576 714//576 713//576
f 713//577 714//577 715//577
f 714//578 716//578 715//578
f 715//579 716//579 717//579
f 716//580 718//580 717//580
f 717//581 718//581 658//581
f 718//582 719//582 658//582
f 658//583 719//583 659//583
f 657//584 659//584 720//584
f 659//585 721//585 720//585
f 720//586 721//586 722//586
f 721//587 723//587 722//587
f 722//588 723//588 724//588
f 723//589 725//589 724//589
f 724//590 725//590 726//590
f 725//591 727//591 726//591
f 726//592 727//592 728//592
f 727//593 729//593 728//593
f 728//594 729//594 730//594
f 729//595 731//595 730//595
f 731//596 732//596 730//596
f 730//597 732//597 733//597
f 732//598 734//598 733//598
f 733//599 734//599 735//599
f 735//600 734//600 736//600
f 734//601 737//601 736//601
f 736//602 737//602 738//602
f 737//603 739//603 738//603
f 738//604 739//604 740//604
f 739//605 741//605 740//605
f 740//606 741//606 742//606
f 741//607 743//607 742//607
f 742//608 743//608 744//608
f 743//609 745//609 744//609
f 745//610 746//610 744//610
f 744//611 746//611 747//611
f 746//612 748//612 747//612
f 747//613 748//613 749//613
f 749//614 748//614 750//614
f 748//615 751//615 750//615
f 750//616 751//616 752//616
f 751//617 753//617 752//617
f 752//618 753//618 754//618
f 753//619 755//619 754//619
f 754//620 755//620 756//620
f 755//621 757//621 756//621
f 757//622 758//622 756//622
f 756//623 758//623 759//623
f 758//624 760//624 759//624
f 759//625 760//625 761//625
f 760//626 762//626 761//626
f 761//627 762//627 763//627
f 762//628 764//628 763//628
f 763//629 764//629 765//629
f 764//630 766//630 765//630
f 765//631 766//631 767//631
f 766//632 768//632 767//632
f 767//633 768//633 769//633
f 768//634 770//634 769//634
f 769//635 770//635 771//635
f 770//636 772//636 771//636
f 771//637 772//637 773//637
f 772//638 774//638 773//638
f 773//639 774//639 775//639
f 774//640 776//640 775//640
f 775//641 776//641 777//641
f 776//642 778//642 777//642
f 777//643 778//643 779//643
f 778//644 780//644 779//644
f 779//645 780//645 781//645
f 780//646 782//646 781//646
f 781//647 782//647 783//647
f 782//648 784//648 783//648
f 783//649 784//649 785//649
f 784//650 786//650 785//650
f 785//651 786//651 787//651
f 786//651 788//651 787//651
f 787//652 788//652 789//652
f 788//652 790//652 789//652
f 789//653 790//653 791//653
f 790//654 792//654 791//654
f 791//655 792//655 793//655
f 792//656 794//656 793//656
f 793//657 794//657 795//657
f 794//658 796//658 795//658
f 795//659 796//659 797//659
f 796//660 798//660 797//660
f 797//661 798//661 799//661
f 798//662 800//662 799//662
f 800//663 801//663 799//663
f 799//664 801//664 802//664
f 801//665 803//665 802//665
f 802//666 803//666 804//666
f 804//667 803//667 805//667
f 803//668 806//668 805//668
f 805//669 806//669 807//669
f 806//670 808//670 807//670
f 807//671 808//671 809//671
f 808//672 810//672 809//672
f 809//673 810//673 811//673
f 810//674 812//674 811//674
f 811//675 812//675 813//675
f 812//676 814//676 813//676
f 813//677 814//677 815//677
f 814//678 816//678 815//678
f 815//679 816//679 817//679
f 816//680 818//680 817//680
f 817//681 818//681 819//681
f 818//682 820//682 819//682
f 819//683 820//683 821//683
f 821//684 820//684 822//684
f 820//685 823//685 822//685
f 822//686 823//686 824//686
f 823//687 825//687 824//687
f 824//688 825//688 826//688
f 825//689 827//689 826//689
f 827//690 828//690 826//690
f 826//691 828//691 829//691
f 828//692 830//692 829//692
f 829//693 830//693 831//693
f 830//694 832//694 831//694
f 831//695 832//695 833//695
f 832//696 834//696 833//696
f 833//697 834//697 835//697
f 835//698 834//698 836//698
f 834//699 837//699 836//699
f 836//700 837//700 838//700
f 837//701 839//701 838//701
f 838//702 839//702 840//702
f 839//703 841//703 840//703
f 841//704 842//704 840//704
f 840//705 842//705 843//705
f 842//706 844//706 843//706
f 843//707 844//707 845//707
f 845//708 844//708 846//708
f 844//709 847//709 846//709
f 846//710 847//710 848//710
f 847//711 849//711 848//711
f 848//712 849//712 850//712
f 849//713 851//713 850//713
f 850//714 851//714 852//714
f 851//715 853//715 852//715
f 852//716 853//716 854//716
f 853//717 855//717 854//717
f 854//718 855//718 856//718
f 855//719 857//719 856//719
f 856//720 857//720 858//720
f 857//721 859//721 858//721
f 858//722 859//722 860//722
f 859//723 861//723 860//723
f 860//724 861//724 862//724
f 861//725 863//725 862//725
f 862//726 863//726 864//726
f 863//727 865//727 864//727
f 864//728 865//728 866//728
f 865//729 867//729 866//729
f 866//730 867//730 868//730
f 867//731 869//731 868//731
f 868//732 869//732 870//732
f 869//733 871//733 870//733
f 870//734 871//734 872//734
f 872//735 871//735 873//735
f 871//736 874//736 873//736
f 873//737 874//737 875//737
f 874//738 876//738 875//738
f 875//739 876//739 877//739
f 876//740 878//740 877//740
f 878//741 879//741 877//741
f 877//742 879//742 880//742
f 879//743 881//743 880//743
f 880//744 881//744 882//744
f 881//745 883//745 882//745
f 882//746 883//746 884//746
f 883//747 885//747 884//747
f 884//748 885//748 886//748
f 885//749 887//749 886//749
f 886//750 887//750 888//750
f 887//751 889//751 888//751
f 888//752 889//752 890//752
f 889//753 891//753 890//753
f 890//754 891//754 892//754
f 891//755 893//755 892//755
f 892//756 893//756 894//756
f 893//757 895//757 894//757
f 894//758 895//758 896//758
f 895//759 897//759 896//759
f 897//760 898//760 896//760
f 896//761 898//761 899//761
f 898//762 900//762 899//762
f 898//763 901//763 900//763
f 901//764 902//764 900//764
f 900//765 902//765 903//765
f 902//766 904//766 903//766
f 902//767 905//767 904//767
f 905//768 906//768 904//768
f 904//769 906//769 907//769
f 906//770 908//770 907//770
f 906//771 909//771 908//771
f 909//772 910//772 908//772
f 908//773 910//773 911//773
f 910//774 912//774 911//774
f 911//775 912//775 913//775
f 654//776 653//776 914//776
f 653//777 913//777 914//777
f 914//778 913//778 915//778
f 913//779 912//779 915//779
f 417//1 412//1 422//1
f 412//1 424//1 422//1
f 43//19 44//19 2//19
f 44//19 4//19 2//19
f 40//1 475//1 39//1
f 475//1 622//1 39//1
f 916//780 917//780 667//780
f 917//780 668//780 667//780
f 492//19 599//19 493//19
f 599//19 597//19 493//19
f 57//19 56//19 54//19
f 56//19 55//19 54//19
f 357//1 343//1 349//1
f 343//1 542//1 349//1
f 349//1 542//1 350//1
f 403//1 346//1 399//1
f 346//1 361//1 399//1
f 399//1 361//1 400//1
f 365//1 393//1 368//1
f 393//1 392//1 368//1
f 368//1 392//1 396//1
f 371//1 391//1 373//1
f 391//1 390//1 373//1
f 373//1 390//1 385//1
f 918//781 919//781 920//781
f 921//782 922//782 923//782
f 924//783 925//783 926//783
f 927//784 928//784 929//784
f 930//785 931//785 932//785
f 933//786 934//786 935//786
f 936//787 171//787 937//787
f 934//788 936//788 935//788
f 936//789 937//789 935//789
f 935//790 937//790 938//790
f 937//790 939//790 938//790
f 938//791 939//791 940//791
f 939//791 941//791 940//791
f 940//792 941//792 942//792
f 941//792 943//792 942//792
f 942//793 943//793 944//793
f 943//793 945//793 944//793
f 944//794 945//794 946//794
f 945//794 947//794 946//794
f 946//795 947//795 948//795
f 947//796 949//796 948//796
f 948//797 949//797 652//797
f 931//798 933//798 932//798
f 933//799 935//799 932//799
f 932//800 935//800 950//800
f 935//800 938//800 950//800
f 950//801 938//801 951//801
f 938//802 940//802 951//802
f 951//803 940//803 952//803
f 940//803 942//803 952//803
f 952//804 942//804 953//804
f 942//804 944//804 953//804
f 953//805 944//805 954//805
f 944//806 946//806 954//806
f 954//807 946//807 955//807
f 946//808 948//808 955//808
f 955//809 948//809 652//809
f 928//810 930//810 929//810
f 930//811 932//811 929//811
f 929//812 932//812 956//812
f 932//813 950//813 956//813
f 956//814 950//814 957//814
f 950//814 951//814 957//814
f 957//815 951//815 958//815
f 951//815 952//815 958//815
f 958//816 952//816 959//816
f 952//817 953//817 959//817
f 959//818 953//818 960//818
f 953//819 954//819 960//819
f 960//820 954//820 961//820
f 954//821 955//821 961//821
f 961//822 955//822 652//822
f 925//823 927//823 926//823
f 927//824 929//824 926//824
f 926//825 929//825 962//825
f 929//825 956//825 962//825
f 962//826 956//826 963//826
f 956//826 957//826 963//826
f 963//827 957//827 964//827
f 957//827 958//827 964//827
f 964//828 958//828 965//828
f 958//828 959//828 965//828
f 965//829 959//829 966//829
f 959//829 960//829 966//829
f 966//830 960//830 967//830
f 960//831 961//831 967//831
f 967//832 961//832 652//832
f 922//833 924//833 923//833
f 924//834 926//834 923//834
f 923//835 926//835 968//835
f 926//836 962//836 968//836
f 968//837 962//837 969//837
f 962//837 963//837 969//837
f 969//838 963//838 970//838
f 963//838 964//838 970//838
f 970//839 964//839 971//839
f 964//839 965//839 971//839
f 971//840 965//840 972//840
f 965//841 966//841 972//841
f 972//842 966//842 973//842
f 966//843 967//843 973//843
f 973//844 967//844 652//844
f 919//845 921//845 920//845
f 921//846 923//846 920//846
f 920//847 923//847 974//847
f 923//847 968//847 974//847
f 974//848 968//848 975//848
f 968//849 969//849 975//849
f 975//850 969//850 976//850
f 969//851 970//851 976//851
f 976//852 970//852 977//852
f 970//852 971//852 977//852
f 977//853 971//853 978//853
f 971//853 972//853 978//853
f 978//854 972//854 979//854
f 972//855 973//855 979//855
f 979//856 973//856 652//856
f 980//857 918//857 981//857
f 918//858 920//858 981//858
f 981//859 920//859 982//859
f 920//859 974//859 982//859
f 982//860 974//860 983//860
f 974//860 975//860 983//860
f 983//861 975//861 984//861
f 975//861 976//861 984//861
f 984//862 976//862 985//862
f 976//862 977//862 985//862
f 985//863 977//863 986//863
f 977//863 978//863 986//863
f 986//864 978//864 987//864
f 978//865 979//865 987//865
f 987//866 979//866 652//866
f 561//780 431//780 99//780
f 431//780 100//780 99//780
f 430//522 341//522 96//522
f 341//522 97//522 96//522
f 172//867 171//867 988//867
f 171//868 936//868 988//868
f 989//869 990//869 930//869
f 990//870 991//870 930//870
f 930//871 991//871 931//871
f 991//872 992//872 931//872
f 931//873 992//873 933//873
f 992//874 993//874 933//874
f 933//875 993//875 934//875
f 993//876 994//876 934//876
f 934//877 994//877 936//877
f 994//878 995//878 936//878
f 936//879 995//879 988//879
f 930//880 928//880 989//880
f 928//881 927//881 989//881
f 989//882 927//882 996//882
f 927//883 925//883 996//883
f 996//884 925//884 997//884
f 925//885 924//885 997//885
f 997//886 924//886 998//886
f 924//887 922//887 998//887
f 998//888 922//888 999//888
f 922//889 921//889 999//889
f 999//890 921//890 1000//890
f 921//891 919//891 1000//891
f 1000//892 919//892 1001//892
f 919//893 918//893 1001//893
f 918//894 980//894 1001//894
f 1001//894 980//894 1002//894
f 165//19 164//19 93//19
f 164//19 95//19 93//19
f 341//18 430//18 1003//18
f 430//18 431//18 1003//18
f 1003//18 431//18 561//18
f 652//895 949//895 6//895
f 949//895 1004//895 6//895
f 1004//896 949//896 1005//896
f 949//897 947//897 1005//897
f 1005//898 947//898 1006//898
f 1006//899 947//899 1007//899
f 947//900 945//900 1007//900
f 1007//901 945//901 1008//901
f 1008//902 945//902 1009//902
f 945//903 943//903 1009//903
f 1009//904 943//904 1010//904
f 1010//905 943//905 1011//905
f 943//906 941//906 1011//906
f 1011//907 941//907 1012//907
f 1012//908 941//908 1013//908
f 941//909 939//909 1013//909
f 1013//910 939//910 1014//910
f 1014//911 939//911 1015//911
f 939//912 937//912 1015//912
f 1015//913 937//913 1016//913
f 937//914 171//914 1016//914
f 1016//914 171//914 170//914
f 407//780 630//780 325//780
f 630//780 327//780 325//780
f 636//522 408//522 326//522
f 408//522 324//522 326//522
f 88//915 86//915 1017//915
f 84//916 82//916 1018//916
f 80//917 78//917 1019//917
f 76//918 74//918 1020//918
f 72//919 70//919 1021//919
f 68//920 66//920 1022//920
f 62//921 61//921 1023//921
f 66//922 62//922 1022//922
f 62//923 1023//923 1022//923
f 1022//924 1023//924 1024//924
f 1023//924 1025//924 1024//924
f 1024//925 1025//925 1026//925
f 1025//925 1027//925 1026//925
f 1026//926 1027//926 1028//926
f 1027//926 1029//926 1028//926
f 1028//927 1029//927 1030//927
f 1029//927 1031//927 1030//927
f 1030//928 1031//928 1032//928
f 1031//929 1033//929 1032//929
f 1032//930 1033//930 1034//930
f 1033//931 1035//931 1034//931
f 1034//932 1035//932 651//932
f 70//933 68//933 1021//933
f 68//934 1022//934 1021//934
f 1021//935 1022//935 1036//935
f 1022//936 1024//936 1036//936
f 1036//937 1024//937 1037//937
f 1024//937 1026//937 1037//937
f 1037//938 1026//938 1038//938
f 1026//939 1028//939 1038//939
f 1038//940 1028//940 1039//940
f 1028//940 1030//940 1039//940
f 1039//941 1030//941 1040//941
f 1030//941 1032//941 1040//941
f 1040//942 1032//942 1041//942
f 1032//943 1034//943 1041//943
f 1041//944 1034//944 651//944
f 74//945 72//945 1020//945
f 72//946 1021//946 1020//946
f 1020//947 1021//947 1042//947
f 1021//947 1036//947 1042//947
f 1042//948 1036//948 1043//948
f 1036//948 1037//948 1043//948
f 1043//949 1037//949 1044//949
f 1037//949 1038//949 1044//949
f 1044//950 1038//950 1045//950
f 1038//950 1039//950 1045//950
f 1045//951 1039//951 1046//951
f 1039//952 1040//952 1046//952
f 1046//953 1040//953 1047//953
f 1040//954 1041//954 1047//954
f 1047//955 1041//955 651//955
f 78//956 76//956 1019//956
f 76//957 1020//957 1019//957
f 1019//958 1020//958 1048//958
f 1020//958 1042//958 1048//958
f 1048//959 1042//959 1049//959
f 1042//960 1043//960 1049//960
f 1049//961 1043//961 1050//961
f 1043//961 1044//961 1050//961
f 1050//962 1044//962 1051//962
f 1044//962 1045//962 1051//962
f 1051//963 1045//963 1052//963
f 1045//964 1046//964 1052//964
f 1052//965 1046//965 1053//965
f 1046//966 1047//966 1053//966
f 1053//967 1047//967 651//967
f 82//968 80//968 1018//968
f 80//969 1019//969 1018//969
f 1018//970 1019//970 1054//970
f 1019//971 1048//971 1054//971
f 1054//972 1048//972 1055//972
f 1048//972 1049//972 1055//972
f 1055//973 1049//973 1056//973
f 1049//973 1050//973 1056//973
f 1056//974 1050//974 1057//974
f 1050//974 1051//974 1057//974
f 1057//975 1051//975 1058//975
f 1051//975 1052//975 1058//975
f 1058//976 1052//976 1059//976
f 1052//976 1053//976 1059//976
f 1059//977 1053//977 651//977
f 86//978 84//978 1017//978
f 84//979 1018//979 1017//979
f 1017//980 1018//980 1060//980
f 1018//980 1054//980 1060//980
f 1060//981 1054//981 1061//981
f 1054//982 1055//982 1061//982
f 1061//983 1055//983 1062//983
f 1055//983 1056//983 1062//983
f 1062//984 1056//984 1063//984
f 1056//985 1057//985 1063//985
f 1063//986 1057//986 1064//986
f 1057//987 1058//987 1064//987
f 1064//988 1058//988 1065//988
f 1058//989 1059//989 1065//989
f 1065//990 1059//990 651//990
f 90//991 88//991 1066//991
f 88//992 1017//992 1066//992
f 1066//993 1017//993 1067//993
f 1017//993 1060//993 1067//993
f 1067//994 1060//994 1068//994
f 1060//994 1061//994 1068//994
f 1068//995 1061//995 1069//995
f 1061//995 1062//995 1069//995
f 1069//996 1062//996 1070//996
f 1062//996 1063//996 1070//996
f 1070//997 1063//997 1071//997
f 1063//997 1064//997 1071//997
f 1071//998 1064//998 1072//998
f 1064//998 1065//998 1072//998
f 1072//999 1065//999 651//999
f 42//17 41//17 3//17
f 41//17 1//17 3//17
f 630//18 407//18 1073//18
f 407//18 408//18 1073//18
f 1073//18 408//18 636//18
f 421//522 419//522 422//522
f 419//522 417//522 422//522
f 38//18 37//18 477//18
f 37//18 623//18 477//18
f 8//1000 1074//1000 1075//1000
f 1074//1000 1076//1000 1075//1000
f 1076//1001 1074//1001 1077//1001
f 1074//1002 1078//1002 1077//1002
f 1077//1003 1078//1003 1079//1003
f 1079//1004 1078//1004 1080//1004
f 1078//1005 1081//1005 1080//1005
f 1080//1006 1081//1006 1082//1006
f 1082//1007 1081//1007 1083//1007
f 1081//1008 1084//1008 1083//1008
f 1083//1009 1084//1009 1085//1009
f 1085//1010 1084//1010 1086//1010
f 1084//1011 1087//1011 1086//1011
f 1086//1012 1087//1012 1088//1012
f 1088//1013 1087//1013 1089//1013
f 1087//1014 1090//1014 1089//1014
f 1089//1015 1090//1015 1091//1015
f 1091//1016 1090//1016 1092//1016
f 1090//1017 1093//1017 1092//1017
f 1092//1018 1093//1018 1094//1018
f 1094//1019 1093//1019 1095//1019
f 1093//1020 170//1020 1095//1020
f 1095//1021 170//1021 169//1021
f 1096//1022 156//1022 1097//1022
f 156//1023 157//1023 1097//1023
f 1097//1024 157//1024 1098//1024
f 1098//1025 157//1025 1099//1025
f 157//1026 158//1026 1099//1026
f 1099//1027 158//1027 1100//1027
f 1100//1028 158//1028 1101//1028
f 158//1029 159//1029 1101//1029
f 1101//1030 159//1030 1102//1030
f 160//1031 161//1031 1103//1031
f 1103//1032 1104//1032 160//1032
f 1104//1033 1105//1033 160//1033
f 160//1034 1105//1034 159//1034
f 1105//1035 1106//1035 159//1035
f 159//1036 1106//1036 1102//1036
f 1107//1037 1108//1037 162//1037
f 1108//1038 1109//1038 162//1038
f 162//1039 1109//1039 161//1039
f 1109//1040 1110//1040 161//1040
f 161//1041 1110//1041 1103//1041
f 162//1042 163//1042 1107//1042
f 163//1043 9//1043 1107//1043
f 1107//1043 9//1043 1111//1043
f 329//17 328//17 47//17
f 328//17 45//17 47//17
f 411//780 425//780 412//780
f 425//780 424//780 412//780
f 651//1044 5//1044 125//1044
f 651//1044 125//1044 1072//1044
f 125//1045 117//1045 1072//1045
f 1072//1046 117//1046 1071//1046
f 117//1047 116//1047 1071//1047
f 116//1048 114//1048 1071//1048
f 1071//1049 114//1049 1070//1049
f 114//1050 113//1050 1070//1050
f 113//1051 111//1051 1070//1051
f 1070//1052 111//1052 1069//1052
f 111//1053 110//1053 1069//1053
f 110//1054 108//1054 1069//1054
f 1069//1055 108//1055 1068//1055
f 108//1056 107//1056 1068//1056
f 107//1057 105//1057 1068//1057
f 1068//1058 105//1058 1067//1058
f 105//1059 104//1059 1067//1059
f 104//1060 102//1060 1067//1060
f 1067//1061 102//1061 1066//1061
f 102//1062 101//1062 1066//1062
f 101//1063 156//1063 1066//1063
f 1066//1063 156//1063 90//1063
f 594//17 497//17 595//17
f 497//17 495//17 595//17
f 421//18 425//18 419//18
f 425//18 411//18 419//18
f 535//780 347//780 403//780
f 347//780 346//780 403//780
f 71//1064 73//1064 997//1064
f 75//1065 77//1065 989//1065
f 91//1066 172//1066 988//1066
f 91//1066 988//1066 89//1066
f 988//1067 995//1067 89//1067
f 89//1067 995//1067 87//1067
f 995//1068 994//1068 87//1068
f 87//1068 994//1068 85//1068
f 85//1069 994//1069 83//1069
f 994//1069 993//1069 83//1069
f 83//1070 993//1070 81//1070
f 993//1070 992//1070 81//1070
f 81//1071 992//1071 79//1071
f 992//1071 991//1071 79//1071
f 79//1072 991//1072 77//1072
f 991//1072 990//1072 77//1072
f 77//1065 990//1065 989//1065
f 75//1073 989//1073 73//1073
f 989//1073 996//1073 73//1073
f 73//1064 996//1064 997//1064
f 71//1074 997//1074 69//1074
f 997//1074 998//1074 69//1074
f 69//1075 998//1075 999//1075
f 1002//1076 63//1076 1001//1076
f 63//1076 64//1076 1001//1076
f 1001//1077 64//1077 1000//1077
f 64//1077 65//1077 1000//1077
f 1000//1078 65//1078 999//1078
f 65//1078 67//1078 999//1078
f 999//1075 67//1075 69//1075
f 166//17 167//17 94//17
f 167//17 92//17 94//17
f 347//18 535//18 1112//18
f 347//18 1112//18 1113//18
f 1112//18 534//18 1113//18
f 1113//18 534//18 363//18
f 525//780 367//780 396//780
f 367//780 368//780 396//780
f 477//19 623//19 475//19
f 623//19 622//19 475//19
f 1006//1079 1007//1079 1114//1079
f 1008//1080 1009//1080 1115//1080
f 1010//1081 1011//1081 1116//1081
f 1012//1082 1013//1082 1117//1082
f 1014//1083 1015//1083 1118//1083
f 1016//1084 170//1084 1093//1084
f 8//1085 10//1085 1119//1085
f 1119//1086 10//1086 1120//1086
f 10//1087 12//1087 1120//1087
f 12//1088 14//1088 1120//1088
f 1120//1089 14//1089 1121//1089
f 14//1090 16//1090 1121//1090
f 16//1091 18//1091 1121//1091
f 1121//1092 18//1092 1122//1092
f 18//1093 20//1093 1122//1093
f 20//1094 22//1094 1122//1094
f 22//1095 24//1095 1122//1095
f 1122//1096 24//1096 1123//1096
f 24//1097 26//1097 1123//1097
f 26//1098 28//1098 1123//1098
f 1123//1099 28//1099 1124//1099
f 1015//1100 1016//1100 1118//1100
f 1016//1101 1093//1101 1118//1101
f 1118//1102 1093//1102 1125//1102
f 1093//1103 1090//1103 1125//1103
f 1125//1104 1090//1104 1126//1104
f 1090//1104 1087//1104 1126//1104
f 1126//1105 1087//1105 1127//1105
f 1087//1106 1084//1106 1127//1106
f 1127//1107 1084//1107 1128//1107
f 1084//1107 1081//1107 1128//1107
f 1128//1108 1081//1108 1129//1108
f 1081//1108 1078//1108 1129//1108
f 1129//1109 1078//1109 1130//1109
f 1078//1110 1074//1110 1130//1110
f 1130//1111 1074//1111 8//1111
f 1013//1112 1014//1112 1117//1112
f 1014//1113 1118//1113 1117//1113
f 1117//1114 1118//1114 1131//1114
f 1118//1114 1125//1114 1131//1114
f 1131//1115 1125//1115 1132//1115
f 1125//1116 1126//1116 1132//1116
f 1132//1117 1126//1117 1133//1117
f 1126//1117 1127//1117 1133//1117
f 1133//1118 1127//1118 1134//1118
f 1127//1118 1128//1118 1134//1118
f 1134//1119 1128//1119 1135//1119
f 1128//1119 1129//1119 1135//1119
f 1135//1120 1129//1120 1136//1120
f 1129//1120 1130//1120 1136//1120
f 1136//1121 1130//1121 8//1121
f 1011//1122 1012//1122 1116//1122
f 1012//1123 1117//1123 1116//1123
f 1116//1124 1117//1124 1137//1124
f 1117//1124 1131//1124 1137//1124
f 1137//1125 1131//1125 1138//1125
f 1131//1125 1132//1125 1138//1125
f 1138//1126 1132//1126 1139//1126
f 1132//1127 1133//1127 1139//1127
f 1139//1128 1133//1128 1140//1128
f 1133//1129 1134//1129 1140//1129
f 1140//1130 1134//1130 1141//1130
f 1134//1130 1135//1130 1141//1130
f 1141//1131 1135//1131 1142//1131
f 1135//1131 1136//1131 1142//1131
f 1142//1132 1136//1132 8//1132
f 1009//1133 1010//1133 1115//1133
f 1010//1134 1116//1134 1115//1134
f 1115//1135 1116//1135 1143//1135
f 1116//1135 1137//1135 1143//1135
f 1143//1136 1137//1136 1144//1136
f 1137//1136 1138//1136 1144//1136
f 1144//1137 1138//1137 1145//1137
f 1138//1138 1139//1138 1145//1138
f 1145//1139 1139//1139 1146//1139
f 1139//1140 1140//1140 1146//1140
f 1146//1141 1140//1141 1147//1141
f 1140//1142 1141//1142 1147//1142
f 1147//1143 1141//1143 1148//1143
f 1141//1144 1142//1144 1148//1144
f 1148//1145 1142//1145 8//1145
f 1007//1146 1008//1146 1114//1146
f 1008//1147 1115//1147 1114//1147
f 1114//1148 1115//1148 1149//1148
f 1115//1148 1143//1148 1149//1148
f 1149//1149 1143//1149 1150//1149
f 1143//1149 1144//1149 1150//1149
f 1150//1150 1144//1150 1151//1150
f 1144//1151 1145//1151 1151//1151
f 1151//1152 1145//1152 1152//1152
f 1145//1152 1146//1152 1152//1152
f 1152//1153 1146//1153 1153//1153
f 1146//1153 1147//1153 1153//1153
f 1153//1154 1147//1154 1154//1154
f 1147//1154 1148//1154 1154//1154
f 1154//1155 1148//1155 8//1155
f 1005//1156 1006//1156 1155//1156
f 1006//1157 1114//1157 1155//1157
f 1155//1158 1114//1158 1124//1158
f 1114//1158 1149//1158 1124//1158
f 1124//1159 1149//1159 1123//1159
f 1149//1160 1150//1160 1123//1160
f 1123//1161 1150//1161 1122//1161
f 1150//1162 1151//1162 1122//1162
f 1122//1163 1151//1163 1121//1163
f 1151//1163 1152//1163 1121//1163
f 1121//1164 1152//1164 1120//1164
f 1152//1165 1153//1165 1120//1165
f 1120//1166 1153//1166 1119//1166
f 1153//1166 1154//1166 1119//1166
f 1119//1167 1154//1167 8//1167
f 28//1168 30//1168 1124//1168
f 30//1169 32//1169 1124//1169
f 1124//1170 32//1170 1155//1170
f 32//1171 34//1171 1155//1171
f 1155//1172 34//1172 1005//1172
f 34//1173 7//1173 1005//1173
f 1005//1174 7//1174 1004//1174
f 7//1175 6//1175 1004//1175
f 652//1176 651//1176 1035//1176
f 652//1176 1035//1176 987//1176
f 1035//1177 1033//1177 987//1177
f 987//1177 1033//1177 986//1177
f 1033//1178 1031//1178 986//1178
f 986//1178 1031//1178 985//1178
f 1031//1179 1029//1179 985//1179
f 985//1179 1029//1179 984//1179
f 1029//1180 1027//1180 984//1180
f 984//1180 1027//1180 983//1180
f 1027//1181 1025//1181 983//1181
f 983//1181 1025//1181 982//1181
f 1025//1182 1023//1182 982//1182
f 982//1182 1023//1182 981//1182
f 1023//1183 61//1183 981//1183
f 981//1183 61//1183 980//1183
f 364//522 518//522 365//522
f 518//522 393//522 365//522
f 1156//19 1157//19 91//19
f 1156//19 91//19 1158//19
f 169//19 168//19 1159//19
f 1160//19 1161//19 1096//19
f 1162//19 1163//19 172//19
f 1163//19 1164//19 172//19
f 1164//19 1165//19 172//19
f 172//19 1165//19 173//19
f 1159//19 1166//19 169//19
f 1166//19 1167//19 169//19
f 169//19 1167//19 1168//19
f 1157//19 1169//19 91//19
f 1169//19 655//19 91//19
f 91//19 655//19 172//19
f 655//19 656//19 172//19
f 172//19 656//19 1162//19
f 1161//19 1170//19 1096//19
f 1170//19 1171//19 1096//19
f 1096//19 1171//19 91//19
f 1171//19 1172//19 91//19
f 91//19 1172//19 1158//19
f 1168//19 917//19 169//19
f 917//19 916//19 169//19
f 169//19 916//19 1096//19
f 916//19 1173//19 1096//19
f 1096//19 1173//19 1160//19
f 63//522 1002//522 61//522
f 1002//522 980//522 61//522
f 384//780 377//780 385//780
f 377//780 373//780 385//780
f 468//522 381//522 371//522
f 381//522 391//522 371//522
f 9//780 8//780 1111//780
f 8//780 1075//780 1111//780
f 381//18 468//18 384//18
f 468//18 377//18 384//18
f 450//522 344//522 357//522
f 344//522 343//522 357//522
f 1174//1184 1175//1184 173//1184
f 1175//1185 1176//1185 173//1185
f 173//1186 1176//1186 175//1186
f 1177//1187 1178//1187 1165//1187
f 1178//1188 1179//1188 1165//1188
f 1179//1189 1180//1189 1165//1189
f 1165//879 1180//879 173//879
f 1180//1190 1181//1190 173//1190
f 173//1191 1181//1191 1174//1191
f 1164//1192 1182//1192 1183//1192
f 1183//1193 1184//1193 1164//1193
f 1184//1194 1185//1194 1164//1194
f 1164//874 1185//874 1165//874
f 1185//1195 1186//1195 1165//1195
f 1165//1196 1186//1196 1177//1196
f 1187//1197 1188//1197 1163//1197
f 1188//885 1189//885 1163//885
f 1163//1198 1189//1198 1164//1198
f 1189//1199 1190//1199 1164//1199
f 1164//1200 1190//1200 1182//1200
f 656//892 654//892 1162//892
f 654//1201 1191//1201 1162//1201
f 1191//1202 1192//1202 1162//1202
f 1192//1203 1193//1203 1162//1203
f 1162//886 1193//886 1163//886
f 1193//1204 1194//1204 1163//1204
f 1163//1205 1194//1205 1187//1205
f 548//780 352//780 542//780
f 352//780 350//780 542//780
f 1195//1206 647//1206 1196//1206
f 647//1207 435//1207 1196//1207
f 1196//1208 435//1208 1197//1208
f 435//1209 434//1209 1197//1209
f 434//1210 433//1210 1197//1210
f 1197//1211 433//1211 1198//1211
f 433//1212 432//1212 1198//1212
f 432//1213 644//1213 1198//1213
f 644//1214 642//1214 1198//1214
f 1198//1214 642//1214 1199//1214
f 642//1215 641//1215 1199//1215
f 1199//1216 641//1216 1200//1216
f 641//1217 639//1217 1200//1217
f 1200//1218 639//1218 1201//1218
f 639//1219 428//1219 1201//1219
f 428//1220 427//1220 1201//1220
f 427//1221 426//1221 1201//1221
f 1201//1221 426//1221 1202//1221
f 426//1222 632//1222 1202//1222
f 1202//1223 632//1223 1203//1223
f 632//1224 634//1224 1203//1224
f 1203//1225 634//1225 1204//1225
f 634//1226 334//1226 1204//1226
f 334//1227 625//1227 1204//1227
f 625//1228 626//1228 1204//1228
f 1204//1229 626//1229 1205//1229
f 626//1230 627//1230 1205//1230
f 1205//1231 627//1231 1206//1231
f 627//1232 423//1232 1206//1232
f 423//1233 619//1233 1206//1233
f 1206//1234 619//1234 1207//1234
f 619//1235 621//1235 1207//1235
f 621//1236 336//1236 1207//1236
f 1207//1237 336//1237 1208//1237
f 336//1238 335//1238 1208//1238
f 1208//1239 335//1239 1209//1239
f 335//1240 614//1240 1209//1240
f 614//1241 616//1241 1209//1241
f 1209//1242 616//1242 1210//1242
f 616//1243 608//1243 1210//1243
f 608//1244 606//1244 1210//1244
f 606//1245 605//1245 1210//1245
f 1210//1245 605//1245 1211//1245
f 605//1246 603//1246 1211//1246
f 1211//1247 603//1247 1212//1247
f 603//1248 596//1248 1212//1248
f 1212//1249 596//1249 1213//1249
f 596//1250 598//1250 1213//1250
f 598//1251 439//1251 1213//1251
f 1213//1252 439//1252 1214//1252
f 439//1253 440//1253 1214//1253
f 440//1254 441//1254 1214//1254
f 441//1255 442//1255 1214//1255
f 1214//1255 442//1255 1215//1255
f 442//1256 590//1256 1215//1256
f 1215//1257 590//1257 1216//1257
f 590//1258 589//1258 1216//1258
f 1216//1259 589//1259 1217//1259
f 589//1260 584//1260 1217//1260
f 584//1261 586//1261 1217//1261
f 1217//1262 586//1262 1218//1262
f 586//1263 414//1263 1218//1263
f 414//1264 413//1264 1218//1264
f 413//1265 416//1265 1218//1265
f 1218//1265 416//1265 1219//1265
f 416//1266 418//1266 1219//1266
f 1219//1267 418//1267 1220//1267
f 418//1268 580//1268 1220//1268
f 1220//1269 580//1269 1221//1269
f 580//1270 581//1270 1221//1270
f 581//1271 582//1271 1221//1271
f 1221//1272 582//1272 1222//1272
f 582//1273 574//1273 1222//1273
f 574//1274 576//1274 1222//1274
f 576//1275 577//1275 1222//1275
f 1222//1276 577//1276 1223//1276
f 577//1277 565//1277 1223//1277
f 1223//1278 565//1278 1224//1278
f 565//1279 567//1279 1224//1279
f 567//1280 569//1280 1224//1280
f 1224//1281 569//1281 1225//1281
f 569//1282 562//1282 1225//1282
f 562//1283 560//1283 1225//1283
f 1225//1284 560//1284 1226//1284
f 560//1285 559//1285 1226//1285
f 1226//1286 559//1286 1227//1286
f 559//1287 558//1287 1227//1287
f 558//1288 557//1288 1227//1288
f 557//1289 555//1289 1227//1289
f 1227//1289 555//1289 1228//1289
f 555//1290 553//1290 1228//1290
f 1228//1291 553//1291 1229//1291
f 553//1292 551//1292 1229//1292
f 551//1293 541//1293 1229//1293
f 1229//1294 541//1294 1230//1294
f 541//1295 543//1295 1230//1295
f 543//1296 544//1296 1230//1296
f 1230//1297 544//1297 1231//1297
f 544//1298 545//1298 1231//1298
f 545//1299 540//1299 1231//1299
f 1231//1300 540//1300 1232//1300
f 540//1301 538//1301 1232//1301
f 1232//1302 538//1302 1233//1302
f 538//1303 402//1303 1233//1303
f 1233//1304 402//1304 1234//1304
f 402//1305 404//1305 1234//1305
f 404//1306 405//1306 1234//1306
f 1234//1307 405//1307 1235//1307
f 405//1308 401//1308 1235//1308
f 1235//1309 401//1309 1236//1309
f 401//1310 532//1310 1236//1310
f 532//1311 530//1311 1236//1311
f 530//1312 528//1312 1236//1312
f 1236//1313 528//1313 1237//1313
f 528//1314 395//1314 1237//1314
f 1237//1315 395//1315 1238//1315
f 395//1316 397//1316 1238//1316
f 397//1317 398//1317 1238//1317
f 1238//1318 398//1318 1239//1318
f 398//1319 394//1319 1239//1319
f 394//1320 520//1320 1239//1320
f 1239//1320 520//1320 1240//1320
f 520//1321 522//1321 1240//1321
f 1240//1322 522//1322 1241//1322
f 522//1323 523//1323 1241//1323
f 523//1324 387//1324 1241//1324
f 1241//1325 387//1325 1242//1325
f 387//1326 386//1326 1242//1326
f 386//1327 389//1327 1242//1327
f 1242//1328 389//1328 1243//1328
f 389//1329 380//1329 1243//1329
f 380//1330 379//1330 1243//1330
f 1243//1330 379//1330 1244//1330
f 379//1331 514//1331 1244//1331
f 1244//1332 514//1332 1245//1332
f 514//1333 516//1333 1245//1333
f 516//1334 506//1334 1245//1334
f 1245//1335 506//1335 1246//1335
f 506//1336 505//1336 1246//1336
f 1246//1337 505//1337 1247//1337
f 505//1338 511//1338 1247//1338
f 511//1339 510//1339 1247//1339
f 1247//1340 510//1340 1248//1340
f 510//1341 504//1341 1248//1341
f 504//1342 503//1342 1248//1342
f 503//1343 501//1343 1248//1343
f 1248//1343 501//1343 1249//1343
f 501//1344 494//1344 1249//1344
f 1249//1345 494//1345 1250//1345
f 494//1346 496//1346 1250//1346
f 496//1347 490//1347 1250//1347
f 1250//1348 490//1348 1251//1348
f 490//1349 484//1349 1251//1349
f 484//1350 485//1350 1251//1350
f 1251//1350 485//1350 1252//1350
f 485//1351 482//1351 1252//1351
f 1252//1352 482//1352 1253//1352
f 482//1353 480//1353 1253//1353
f 480//1354 474//1354 1253//1354
f 1253//1355 474//1355 1254//1355
f 474//1356 473//1356 1254//1356
f 473//1357 469//1357 1254//1357
f 1254//1358 469//1358 1255//1358
f 469//1359 471//1359 1255//1359
f 471//1360 472//1360 1255//1360
f 1255//1360 472//1360 1256//1360
f 472//1361 370//1361 1256//1361
f 1256//1362 370//1362 1257//1362
f 370//1363 372//1363 1257//1363
f 372//1364 375//1364 1257//1364
f 1257//1365 375//1365 1258//1365
f 375//1366 458//1366 1258//1366
f 458//1367 460//1367 1258//1367
f 1258//1368 460//1368 1259//1368
f 460//1369 462//1369 1259//1369
f 1259//1370 462//1370 1260//1370
f 462//1371 366//1371 1260//1371
f 366//1372 369//1372 1260//1372
f 1260//1373 369//1373 1261//1373
f 369//1374 339//1374 1261//1374
f 339//1375 338//1375 1261//1375
f 1261//1376 338//1376 1262//1376
f 338//1377 453//1377 1262//1377
f 453//1378 455//1378 1262//1378
f 1262//1379 455//1379 1263//1379
f 455//1380 362//1380 1263//1380
f 362//1381 360//1381 1263//1381
f 1263//1382 360//1382 1264//1382
f 360//1383 359//1383 1264//1383
f 359//1384 443//1384 1264//1384
f 1264//1385 443//1385 1265//1385
f 443//1386 446//1386 1265//1386
f 446//1387 448//1387 1265//1387
f 1265//1388 448//1388 358//1388
f 356//1389 1266//1389 358//1389
f 1266//1390 1267//1390 358//1390
f 358//1391 1267//1391 1265//1391
f 356//1392 355//1392 1266//1392
f 355//1393 351//1393 1266//1393
f 1266//1394 351//1394 1268//1394
f 351//1395 354//1395 1268//1395
f 1268//1396 354//1396 1195//1396
f 354//1397 648//1397 1195//1397
f 1195//1398 648//1398 647//1398
f 1195//1399 1269//1399 1268//1399
f 1269//1400 1270//1400 1268//1400
f 1268//1400 1270//1400 1266//1400
f 1270//1401 1271//1401 1266//1401
f 1266//1401 1271//1401 1267//1401
f 1271//1402 1272//1402 1267//1402
f 1267//1402 1272//1402 1265//1402
f 1272//1403 1273//1403 1265//1403
f 1265//1403 1273//1403 1264//1403
f 1273//1404 1274//1404 1264//1404
f 1264//1405 1274//1405 1263//1405
f 1274//1406 1275//1406 1263//1406
f 1263//1407 1275//1407 1262//1407
f 1275//1408 1276//1408 1262//1408
f 1262//1408 1276//1408 1261//1408
f 1276//1409 1277//1409 1261//1409
f 1261//1410 1277//1410 1260//1410
f 1277//1411 1278//1411 1260//1411
f 1260//1411 1278//1411 1259//1411
f 1278//1412 1279//1412 1259//1412
f 1259//1413 1279//1413 1258//1413
f 1279//1414 1280//1414 1258//1414
f 1258//1414 1280//1414 1257//1414
f 1280//1415 1281//1415 1257//1415
f 1257//1416 1281//1416 1256//1416
f 1281//1417 1282//1417 1256//1417
f 1256//1418 1282//1418 1255//1418
f 1282//1419 1283//1419 1255//1419
f 1255//1420 1283//1420 1254//1420
f 1283//1421 1284//1421 1254//1421
f 1254//1422 1284//1422 1253//1422
f 1284//1423 1285//1423 1253//1423
f 1253//1423 1285//1423 1252//1423
f 1285//1424 1286//1424 1252//1424
f 1252//1424 1286//1424 1251//1424
f 1286//1425 1287//1425 1251//1425
f 1251//1426 1287//1426 1250//1426
f 1287//1427 1288//1427 1250//1427
f 1250//1427 1288//1427 1249//1427
f 1288//1428 1289//1428 1249//1428
f 1249//1428 1289//1428 1248//1428
f 1289//1429 1290//1429 1248//1429
f 1248//1429 1290//1429 1247//1429
f 1290//1430 1291//1430 1247//1430
f 1247//1430 1291//1430 1246//1430
f 1291//1431 1292//1431 1246//1431
f 1246//1432 1292//1432 1245//1432
f 1292//1433 1293//1433 1245//1433
f 1245//1433 1293//1433 1244//1433
f 1293//1434 1294//1434 1244//1434
f 1244//1434 1294//1434 1243//1434
f 1294//1435 1295//1435 1243//1435
f 1243//1436 1295//1436 1242//1436
f 1295//1437 1296//1437 1242//1437
f 1242//1437 1296//1437 1241//1437
f 1296//1438 1297//1438 1241//1438
f 1241//1438 1297//1438 1240//1438
f 1297//1439 1298//1439 1240//1439
f 1240//1439 1298//1439 1239//1439
f 1298//1440 1299//1440 1239//1440
f 1239//1441 1299//1441 1238//1441
f 1299//1442 1300//1442 1238//1442
f 1238//1442 1300//1442 1237//1442
f 1300//1443 1301//1443 1237//1443
f 1237//1444 1301//1444 1236//1444
f 1301//1445 1302//1445 1236//1445
f 1236//1445 1302//1445 1235//1445
f 1302//1446 1303//1446 1235//1446
f 1235//1446 1303//1446 1234//1446
f 1303//1447 1304//1447 1234//1447
f 1234//1447 1304//1447 1233//1447
f 1304//1448 1305//1448 1233//1448
f 1233//1448 1305//1448 1232//1448
f 1305//1449 1306//1449 1232//1449
f 1232//1449 1306//1449 1231//1449
f 1306//1450 1307//1450 1231//1450
f 1231//1450 1307//1450 1230//1450
f 1307//1451 1308//1451 1230//1451
f 1230//1452 1308//1452 1229//1452
f 1308//1453 1309//1453 1229//1453
f 1229//1454 1309//1454 1228//1454
f 1309//1455 1310//1455 1228//1455
f 1228//1456 1310//1456 1227//1456
f 1310//1457 1311//1457 1227//1457
f 1227//1457 1311//1457 1226//1457
f 1311//1458 1312//1458 1226//1458
f 1226//1458 1312//1458 1225//1458
f 1312//1459 1313//1459 1225//1459
f 1225//1460 1313//1460 1224//1460
f 1313//1461 1314//1461 1224//1461
f 1224//1462 1314//1462 1223//1462
f 1314//1463 1315//1463 1223//1463
f 1223//1463 1315//1463 1222//1463
f 1315//1464 1316//1464 1222//1464
f 1222//1465 1316//1465 1221//1465
f 1316//1466 1317//1466 1221//1466
f 1221//1466 1317//1466 1220//1466
f 1317//1467 1318//1467 1220//1467
f 1220//1467 1318//1467 1219//1467
f 1318//1468 1319//1468 1219//1468
f 1219//1469 1319//1469 1218//1469
f 1319//1470 1320//1470 1218//1470
f 1218//1470 1320//1470 1217//1470
f 1320//1471 1321//1471 1217//1471
f 1217//1472 1321//1472 1216//1472
f 1321//1473 1322//1473 1216//1473
f 1216//1473 1322//1473 1215//1473
f 1322//1474 1323//1474 1215//1474
f 1215//1474 1323//1474 1214//1474
f 1323//1475 1324//1475 1214//1475
f 1214//1476 1324//1476 1213//1476
f 1324//1477 1325//1477 1213//1477
f 1213//1477 1325//1477 1212//1477
f 1325//1478 1326//1478 1212//1478
f 1212//1478 1326//1478 1211//1478
f 1326//1479 1327//1479 1211//1479
f 1211//1479 1327//1479 1210//1479
f 1327//1480 1328//1480 1210//1480
f 1210//1480 1328//1480 1209//1480
f 1328//1481 1329//1481 1209//1481
f 1209//1482 1329//1482 1208//1482
f 1329//1483 1330//1483 1208//1483
f 1208//1484 1330//1484 1207//1484
f 1330//1485 1331//1485 1207//1485
f 1207//1486 1331//1486 1206//1486
f 1331//1487 1332//1487 1206//1487
f 1206//1488 1332//1488 1205//1488
f 1332//1489 1333//1489 1205//1489
f 1205//1489 1333//1489 1204//1489
f 1333//1490 1334//1490 1204//1490
f 1204//1490 1334//1490 1203//1490
f 1334//1491 1335//1491 1203//1491
f 1203//1492 1335//1492 1202//1492
f 1335//1493 1336//1493 1202//1493
f 1202//1493 1336//1493 1201//1493
f 1336//1494 1337//1494 1201//1494
f 1201//1494 1337//1494 1200//1494
f 1337//1495 1338//1495 1200//1495
f 1200//1495 1338//1495 1199//1495
f 1338//1496 1339//1496 1199//1496
f 1199//1497 1339//1497 1198//1497
f 1339//1498 1340//1498 1198//1498
f 1198//1498 1340//1498 1197//1498
f 1340//1499 1341//1499 1197//1499
f 1197//1499 1341//1499 1196//1499
f 1341//1500 1342//1500 1196//1500
f 1196//1500 1342//1500 1195//1500
f 1342//1399 1269//1399 1195//1399
f 1342//1501 1343//1501 1269//1501
f 1343//1502 1344//1502 1269//1502
f 1269//1502 1344//1502 1270//1502
f 1344//1503 1345//1503 1270//1503
f 1270//1503 1345//1503 1271//1503
f 1345//1504 1346//1504 1271//1504
f 1271//1504 1346//1504 1272//1504
f 1346//1505 1347//1505 1272//1505
f 1272//1505 1347//1505 1273//1505
f 1347//1506 1348//1506 1273//1506
f 1273//1506 1348//1506 1274//1506
f 1348//1507 1349//1507 1274//1507
f 1274//1507 1349//1507 1275//1507
f 1349//1508 1350//1508 1275//1508
f 1275//1508 1350//1508 1276//1508
f 1350//1509 1351//1509 1276//1509
f 1276//1509 1351//1509 1277//1509
f 1351//1510 1352//1510 1277//1510
f 1277//1510 1352//1510 1278//1510
f 1352//1511 1353//1511 1278//1511
f 1278//1512 1353//1512 1279//1512
f 1353//1513 1354//1513 1279//1513
f 1279//1514 1354//1514 1280//1514
f 1354//1515 1355//1515 1280//1515
f 1280//1516 1355//1516 1281//1516
f 1355//1517 1356//1517 1281//1517
f 1281//1517 1356//1517 1282//1517
f 1356//1518 1357//1518 1282//1518
f 1282//1518 1357//1518 1283//1518
f 1357//1519 1358//1519 1283//1519
f 1283//1520 1358//1520 1284//1520
f 1358//1521 1359//1521 1284//1521
f 1284//1521 1359//1521 1285//1521
f 1359//1522 1360//1522 1285//1522
f 1285//1522 1360//1522 1286//1522
f 1360//1523 1361//1523 1286//1523
f 1286//1523 1361//1523 1287//1523
f 1361//1524 1362//1524 1287//1524
f 1287//1524 1362//1524 1288//1524
f 1362//1525 1363//1525 1288//1525
f 1288//1526 1363//1526 1289//1526
f 1363//1527 1364//1527 1289//1527
f 1289//1527 1364//1527 1290//1527
f 1364//1528 1365//1528 1290//1528
f 1290//1528 1365//1528 1291//1528
f 1365//1529 1366//1529 1291//1529
f 1291//1530 1366//1530 1292//1530
f 1366//1531 1367//1531 1292//1531
f 1292//1531 1367//1531 1293//1531
f 1367//1532 1368//1532 1293//1532
f 1293//1532 1368//1532 1294//1532
f 1368//1533 1369//1533 1294//1533
f 1294//1534 1369//1534 1295//1534
f 1369//1535 1370//1535 1295//1535
f 1295//1536 1370//1536 1296//1536
f 1370//1537 1371//1537 1296//1537
f 1296//1537 1371//1537 1297//1537
f 1371//1538 1372//1538 1297//1538
f 1297//1538 1372//1538 1298//1538
f 1372//1539 1373//1539 1298//1539
f 1298//1539 1373//1539 1299//1539
f 1373//1540 1374//1540 1299//1540
f 1299//1540 1374//1540 1300//1540
f 1374//1541 1375//1541 1300//1541
f 1300//1541 1375//1541 1301//1541
f 1375//1542 1376//1542 1301//1542
f 1301//1543 1376//1543 1302//1543
f 1376//1544 1377//1544 1302//1544
f 1302//1545 1377//1545 1303//1545
f 1377//1546 1378//1546 1303//1546
f 1303//1547 1378//1547 1304//1547
f 1378//1548 1379//1548 1304//1548
f 1304//1548 1379//1548 1305//1548
f 1379//1549 1380//1549 1305//1549
f 1305//1550 1380//1550 1306//1550
f 1380//1551 1381//1551 1306//1551
f 1306//1551 1381//1551 1307//1551
f 1381//1552 1382//1552 1307//1552
f 1307//1552 1382//1552 1308//1552
f 1382//1553 1383//1553 1308//1553
f 1308//1554 1383//1554 1309//1554
f 1383//1555 1384//1555 1309//1555
f 1309//1556 1384//1556 1310//1556
f 1384//1557 1385//1557 1310//1557
f 1310//1558 1385//1558 1311//1558
f 1385//1559 1386//1559 1311//1559
f 1311//1559 1386//1559 1312//1559
f 1386//1560 1387//1560 1312//1560
f 1312//1560 1387//1560 1313//1560
f 1387//1561 1388//1561 1313//1561
f 1313//1561 1388//1561 1314//1561
f 1388//1562 1389//1562 1314//1562
f 1314//1562 1389//1562 1315//1562
f 1389//1563 1390//1563 1315//1563
f 1315//1564 1390//1564 1316//1564
f 1390//1565 1391//1565 1316//1565
f 1316//1565 1391//1565 1317//1565
f 1391//1566 1392//1566 1317//1566
f 1317//1567 1392//1567 1318//1567
f 1392//1568 1393//1568 1318//1568
f 1318//1568 1393//1568 1319//1568
f 1393//1569 1394//1569 1319//1569
f 1319//1570 1394//1570 1320//1570
f 1394//1571 1395//1571 1320//1571
f 1320//1571 1395//1571 1321//1571
f 1395//1572 1396//1572 1321//1572
f 1321//1572 1396//1572 1322//1572
f 1396//1573 1397//1573 1322//1573
f 1322//1574 1397//1574 1323//1574
f 1397//1575 1398//1575 1323//1575
f 1323//1575 1398//1575 1324//1575
f 1398//1576 1399//1576 1324//1576
f 1324//1576 1399//1576 1325//1576
f 1399//1577 1400//1577 1325//1577
f 1325//1577 1400//1577 1326//1577
f 1400//1578 1401//1578 1326//1578
f 1326//1579 1401//1579 1327//1579
f 1401//1580 1402//1580 1327//1580
f 1327//1581 1402//1581 1328//1581
f 1402//1582 1403//1582 1328//1582
f 1328//1582 1403//1582 1329//1582
f 1403//1583 1404//1583 1329//1583
f 1329//1583 1404//1583 1330//1583
f 1404//1584 1405//1584 1330//1584
f 1330//1585 1405//1585 1331//1585
f 1405//1586 1406//1586 1331//1586
f 1331//1587 1406//1587 1332//1587
f 1406//1588 1407//1588 1332//1588
f 1332//1588 1407//1588 1333//1588
f 1407//1589 1408//1589 1333//1589
f 1333//1589 1408//1589 1334//1589
f 1408//1590 1409//1590 1334//1590
f 1334//1591 1409//1591 1335//1591
f 1409//1592 1410//1592 1335//1592
f 1335//1593 1410//1593 1336//1593
f 1410//1594 1411//1594 1336//1594
f 1336//1594 1411//1594 1337//1594
f 1411//1595 1412//1595 1337//1595
f 1337//1595 1412//1595 1338//1595
f 1412//1596 1413//1596 1338//1596
f 1338//1597 1413//1597 1339//1597
f 1413//1598 1414//1598 1339//1598
f 1339//1598 1414//1598 1340//1598
f 1414//1599 1415//1599 1340//1599
f 1340//1599 1415//1599 1341//1599
f 1415//1600 1416//1600 1341//1600
f 1341//1600 1416//1600 1342//1600
f 1416//1501 1343//1501 1342//1501
f 1416//1601 1417//1601 1343//1601
f 1417//1602 1418//1602 1343//1602
f 1343//1602 1418//1602 1344//1602
f 1418//1603 1419//1603 1344//1603
f 1344//1603 1419//1603 1345//1603
f 1419//1604 1420//1604 1345//1604
f 1345//1604 1420//1604 1346//1604
f 1420//1605 1421//1605 1346//1605
f 1346//1605 1421//1605 1347//1605
f 1421//1606 1422//1606 1347//1606
f 1347//1606 1422//1606 1348//1606
f 1422//1607 1423//1607 1348//1607
f 1348//1608 1423//1608 1349//1608
f 1423//1609 1424//1609 1349//1609
f 1349//1610 1424//1610 1350//1610
f 1424//1611 1425//1611 1350//1611
f 1350//1612 1425//1612 1351//1612
f 1425//1613 1426//1613 1351//1613
f 1351//1613 1426//1613 1352//1613
f 1426//1614 1427//1614 1352//1614
f 1352//1614 1427//1614 1353//1614
f 1427//1615 1428//1615 1353//1615
f 1353//1616 1428//1616 1354//1616
f 1428//1617 1429//1617 1354//1617
f 1354//1617 1429//1617 1355//1617
f 1429//1618 1430//1618 1355//1618
f 1355//1618 1430//1618 1356//1618
f 1430//1619 1431//1619 1356//1619
f 1356//1619 1431//1619 1357//1619
f 1431//1620 1432//1620 1357//1620
f 1357//1621 1432//1621 1358//1621
f 1432//1622 1433//1622 1358//1622
f 1358//1622 1433//1622 1359//1622
f 1433//1623 1434//1623 1359//1623
f 1359//1623 1434//1623 1360//1623
f 1434//1624 1435//1624 1360//1624
f 1360//1625 1435//1625 1361//1625
f 1435//1626 1436//1626 1361//1626
f 1361//1626 1436//1626 1362//1626
f 1436//1627 1437//1627 1362//1627
f 1362//1627 1437//1627 1363//1627
f 1437//1628 1438//1628 1363//1628
f 1363//1628 1438//1628 1364//1628
f 1438//1629 1439//1629 1364//1629
f 1364//1629 1439//1629 1365//1629
f 1439//1630 1440//1630 1365//1630
f 1365//1630 1440//1630 1366//1630
f 1440//1631 1441//1631 1366//1631
f 1366//1631 1441//1631 1367//1631
f 1441//1632 1442//1632 1367//1632
f 1367//1632 1442//1632 1368//1632
f 1442//1633 1443//1633 1368//1633
f 1368//1634 1443//1634 1369//1634
f 1443//1635 1444//1635 1369//1635
f 1369//1636 1444//1636 1370//1636
f 1444//1637 1445//1637 1370//1637
f 1370//1637 1445//1637 1371//1637
f 1445//1638 1446//1638 1371//1638
f 1371//1638 1446//1638 1372//1638
f 1446//1639 1447//1639 1372//1639
f 1372//1640 1447//1640 1373//1640
f 1447//1641 1448//1641 1373//1641
f 1373//1641 1448//1641 1374//1641
f 1448//1642 1449//1642 1374//1642
f 1374//1642 1449//1642 1375//1642
f 1449//1643 1450//1643 1375//1643
f 1375//1644 1450//1644 1376//1644
f 1450//1645 1451//1645 1376//1645
f 1376//1645 1451//1645 1377//1645
f 1451//1646 1452//1646 1377//1646
f 1377//1647 1452//1647 1378//1647
f 1452//1648 1453//1648 1378//1648
f 1378//1648 1453//1648 1379//1648
f 1453//1649 1454//1649 1379//1649
f 1379//1650 1454//1650 1380//1650
f 1454//1651 1455//1651 1380//1651
f 1380//1651 1455//1651 1381//1651
f 1455//1652 1456//1652 1381//1652
f 1381//1653 1456//1653 1382//1653
f 1456//1654 1457//1654 1382//1654
f 1382//1655 1457//1655 1383//1655
f 1457//1656 1458//1656 1383//1656
f 1383//1656 1458//1656 1384//1656
f 1458//1657 1459//1657 1384//1657
f 1384//1657 1459//1657 1385//1657
f 1459//1658 1460//1658 1385//1658
f 1385//1658 1460//1658 1386//1658
f 1460//1659 1461//1659 1386//1659
f 1386//1660 1461//1660 1387//1660
f 1461//1661 1462//1661 1387//1661
f 1387//1661 1462//1661 1388//1661
f 1462//1662 1463//1662 1388//1662
f 1388//1663 1463//1663 1389//1663
f 1463//1664 1464//1664 1389//1664
f 1389//1665 1464//1665 1390//1665
f 1464//1666 1465//1666 1390//1666
f 1390//1666 1465//1666 1391//1666
f 1465//1667 1466//1667 1391//1667
f 1391//1668 1466//1668 1392//1668
f 1466//1669 1467//1669 1392//1669
f 1392//1669 1467//1669 1393//1669
f 1467//1670 1468//1670 1393//1670
f 1393//1670 1468//1670 1394//1670
f 1468//1671 1469//1671 1394//1671
f 1394//1671 1469//1671 1395//1671
f 1469//1672 1470//1672 1395//1672
f 1395//1672 1470//1672 1396//1672
f 1470//1673 1471//1673 1396//1673
f 1396//1673 1471//1673 1397//1673
f 1471//1674 1472//1674 1397//1674
f 1397//1674 1472//1674 1398//1674
f 1472//1675 1473//1675 1398//1675
f 1398//1675 1473//1675 1399//1675
f 1473//1676 1474//1676 1399//1676
f 1399//1676 1474//1676 1400//1676
f 1474//1677 1475//1677 1400//1677
f 1400//1677 1475//1677 1401//1677
f 1475//1678 1476//1678 1401//1678
f 1401//1678 1476//1678 1402//1678
f 1476//1679 1477//1679 1402//1679
f 1402//1679 1477//1679 1403//1679
f 1477//1680 1478//1680 1403//1680
f 1403//1680 1478//1680 1404//1680
f 1478//1681 1479//1681 1404//1681
f 1404//1681 1479//1681 1405//1681
f 1479//1682 1480//1682 1405//1682
f 1405//1683 1480//1683 1406//1683
f 1480//1684 1481//1684 1406//1684
f 1406//1684 1481//1684 1407//1684
f 1481//1685 1482//1685 1407//1685
f 1407//1685 1482//1685 1408//1685
f 1482//1686 1483//1686 1408//1686
f 1408//1686 1483//1686 1409//1686
f 1483//1687 1484//1687 1409//1687
f 1409//1687 1484//1687 1410//1687
f 1484//1688 1485//1688 1410//1688
f 1410//1688 1485//1688 1411//1688
f 1485//1689 1486//1689 1411//1689
f 1411//1689 1486//1689 1412//1689
f 1486//1690 1487//1690 1412//1690
f 1412//1690 1487//1690 1413//1690
f 1487//1691 1488//1691 1413//1691
f 1413//1691 1488//1691 1414//1691
f 1488//1692 1489//1692 1414//1692
f 1414//1692 1489//1692 1415//1692
f 1489//1693 1490//1693 1415//1693
f 1415//1693 1490//1693 1416//1693
f 1490//1601 1417//1601 1416//1601
f 224//1694 225//1694 1419//1694
f 225//1695 227//1695 1419//1695
f 1419//1695 227//1695 1420//1695
f 227//1696 229//1696 1420//1696
f 1420//1696 229//1696 1421//1696
f 229//1697 176//1697 1421//1697
f 1421//1697 176//1697 1422//1697
f 176//1698 178//1698 1422//1698
f 1422//1698 178//1698 1423//1698
f 178//1699 180//1699 1423//1699
f 1423//1699 180//1699 1424//1699
f 180//1700 182//1700 1424//1700
f 1424//1701 182//1701 1425//1701
f 182//1702 184//1702 1425//1702
f 1425//1702 184//1702 1426//1702
f 184//1703 186//1703 1426//1703
f 1426//1704 186//1704 1427//1704
f 186//1705 200//1705 1427//1705
f 1427//1705 200//1705 1428//1705
f 200//1706 202//1706 1428//1706
f 1428//1707 202//1707 1429//1707
f 202//1708 204//1708 1429//1708
f 1429//1708 204//1708 1430//1708
f 204//1709 205//1709 1430//1709
f 1430//1710 205//1710 1431//1710
f 205//1711 249//1711 1431//1711
f 1431//1712 249//1712 1432//1712
f 249//1713 251//1713 1432//1713
f 1432//1713 251//1713 1433//1713
f 251//1714 253//1714 1433//1714
f 1433//1714 253//1714 1434//1714
f 253//1715 254//1715 1434//1715
f 1434//1715 254//1715 1435//1715
f 254//1716 312//1716 1435//1716
f 1435//1716 312//1716 1436//1716
f 312//1717 314//1717 1436//1717
f 1436//1717 314//1717 1437//1717
f 314//1718 316//1718 1437//1718
f 1437//1718 316//1718 1438//1718
f 316//1719 318//1719 1438//1719
f 1438//1719 318//1719 1439//1719
f 318//1720 320//1720 1439//1720
f 1439//1721 320//1721 1440//1721
f 320//1722 322//1722 1440//1722
f 1440//1723 322//1723 1441//1723
f 322//1724 323//1724 1441//1724
f 1441//1724 323//1724 1442//1724
f 323//1725 300//1725 1442//1725
f 1442//1725 300//1725 1443//1725
f 300//1726 298//1726 1443//1726
f 1443//1726 298//1726 1444//1726
f 298//1727 296//1727 1444//1727
f 1444//1728 296//1728 1445//1728
f 296//1729 309//1729 1445//1729
f 1445//1729 309//1729 1446//1729
f 309//1730 308//1730 1446//1730
f 1446//1730 308//1730 1447//1730
f 308//1731 306//1731 1447//1731
f 1447//1732 306//1732 1448//1732
f 306//1733 304//1733 1448//1733
f 1448//1734 304//1734 1449//1734
f 304//1735 303//1735 1449//1735
f 1449//1735 303//1735 1450//1735
f 303//1736 260//1736 1450//1736
f 1450//1736 260//1736 1451//1736
f 260//1737 258//1737 1451//1737
f 1451//1737 258//1737 1452//1737
f 258//1738 256//1738 1452//1738
f 1452//1738 256//1738 1453//1738
f 256//1739 255//1739 1453//1739
f 1453//1739 255//1739 1454//1739
f 255//1740 245//1740 1454//1740
f 1454//1740 245//1740 1455//1740
f 245//1741 243//1741 1455//1741
f 1455//1741 243//1741 1456//1741
f 243//1742 241//1742 1456//1742
f 1456//1742 241//1742 1457//1742
f 241//1743 239//1743 1457//1743
f 1457//1743 239//1743 1458//1743
f 239//1744 237//1744 1458//1744
f 1458//1744 237//1744 1459//1744
f 237//1745 235//1745 1459//1745
f 1459//1745 235//1745 1460//1745
f 235//1746 233//1746 1460//1746
f 1460//1746 233//1746 1461//1746
f 233//1747 196//1747 1461//1747
f 1461//1747 196//1747 1462//1747
f 196//1748 194//1748 1462//1748
f 1462//1748 194//1748 1463//1748
f 194//1749 192//1749 1463//1749
f 1463//1749 192//1749 1464//1749
f 192//1750 190//1750 1464//1750
f 1464//1751 190//1751 1465//1751
f 190//1752 188//1752 1465//1752
f 1465//1752 188//1752 1466//1752
f 188//1753 187//1753 1466//1753
f 1466//1754 187//1754 1467//1754
f 187//1755 211//1755 1467//1755
f 1467//1755 211//1755 1468//1755
f 211//1756 213//1756 1468//1756
f 1468//1757 213//1757 1469//1757
f 213//1758 215//1758 1469//1758
f 1469//1759 215//1759 1470//1759
f 215//1760 216//1760 1470//1760
f 1470//1760 216//1760 1471//1760
f 216//1761 278//1761 1471//1761
f 1471//1761 278//1761 1472//1761
f 278//1762 280//1762 1472//1762
f 1472//1762 280//1762 1473//1762
f 280//1763 282//1763 1473//1763
f 1473//1763 282//1763 1474//1763
f 282//1764 284//1764 1474//1764
f 1474//1764 284//1764 1475//1764
f 284//1765 286//1765 1475//1765
f 1475//1765 286//1765 1476//1765
f 286//1766 288//1766 1476//1766
f 1476//1766 288//1766 1477//1766
f 288//1767 290//1767 1477//1767
f 1477//1767 290//1767 1478//1767
f 290//1768 292//1768 1478//1768
f 1478//1768 292//1768 1479//1768
f 292//1769 291//1769 1479//1769
f 1479//1770 291//1770 1480//1770
f 291//1771 274//1771 1480//1771
f 1480//1772 274//1772 1481//1772
f 274//1773 272//1773 1481//1773
f 1481//1773 272//1773 1482//1773
f 272//1774 270//1774 1482//1774
f 1482//1774 270//1774 1483//1774
f 270//1775 268//1775 1483//1775
f 1483//1775 268//1775 1484//1775
f 268//1776 266//1776 1484//1776
f 1484//1777 266//1777 1485//1777
f 266//1778 264//1778 1485//1778
f 1485//1778 264//1778 1486//1778
f 264//1779 263//1779 1486//1779
f 1486//1779 263//1779 1487//1779
f 263//1780 208//1780 1487//1780
f 1487//1780 208//1780 1488//1780
f 208//1781 217//1781 1488//1781
f 1488//1782 217//1782 1489//1782
f 217//1783 219//1783 1489//1783
f 1489//1783 219//1783 1490//1783
f 219//1784 221//1784 1490//1784
f 1490//1784 221//1784 1417//1784
f 221//1785 223//1785 1417//1785
f 1417//1785 223//1785 1418//1785
f 223//1786 224//1786 1418//1786
f 1418//1787 224//1787 1419//1787
f 352//18 548//18 1491//18
f 548//18 1492//18 1491//18
f 1491//18 1492//18 450//18
f 1492//18 344//18 450//18
f 1190//1788 1189//1788 1493//1788
f 1194//1789 1193//1789 1494//1789
f 1193//1790 1192//1790 1494//1790
f 1494//1791 1192//1791 1191//1791
f 1189//1792 1188//1792 1493//1792
f 1188//1793 1187//1793 1493//1793
f 1493//1794 1187//1794 1194//1794
f 1177//1795 1186//1795 1495//1795
f 1186//1796 1185//1796 1495//1796
f 1495//1797 1185//1797 1184//1797
f 1184//1798 1183//1798 1495//1798
f 1183//1799 1182//1799 1495//1799
f 1495//1800 1182//1800 1190//1800
f 1174//1801 1181//1801 1496//1801
f 1181//1802 1180//1802 1496//1802
f 1180//1803 1179//1803 1496//1803
f 1179//1804 1178//1804 1496//1804
f 1496//1805 1178//1805 1177//1805
f 175//1806 1176//1806 226//1806
f 1176//1807 1175//1807 226//1807
f 226//1808 1175//1808 1174//1808
f 174//1809 222//1809 1497//1809
f 222//1810 1498//1810 1497//1810
f 1499//1811 1500//1811 1501//1811
f 1500//1812 1502//1812 1501//1812
f 1502//1813 1503//1813 1501//1813
f 1503//1814 1504//1814 1501//1814
f 1501//1815 1504//1815 1505//1815
f 1506//1816 1507//1816 1508//1816
f 1507//1817 1509//1817 1508//1817
f 1508//1818 1509//1818 1510//1818
f 1511//1819 1512//1819 1513//1819
f 1512//1820 1514//1820 1513//1820
f 1514//1821 1515//1821 1513//1821
f 1513//1822 1515//1822 1516//1822
f 1517//1823 1518//1823 1519//1823
f 1518//1824 1520//1824 1519//1824
f 1519//1825 1520//1825 1521//1825
f 910//1826 1522//1826 912//1826
f 1522//1827 1523//1827 912//1827
f 912//1828 1523//1828 915//1828
f 1523//1829 1494//1829 915//1829
f 915//1830 1494//1830 914//1830
f 1494//1831 1191//1831 914//1831
f 914//1832 1191//1832 654//1832
f 910//1833 909//1833 1522//1833
f 909//1834 906//1834 1522//1834
f 1522//1835 906//1835 1524//1835
f 906//1836 905//1836 1524//1836
f 905//1837 902//1837 1524//1837
f 1524//1837 902//1837 1525//1837
f 902//1838 901//1838 1525//1838
f 1525//1839 901//1839 1526//1839
f 901//1840 898//1840 1526//1840
f 1526//1841 898//1841 1527//1841
f 898//1842 897//1842 1527//1842
f 897//1843 895//1843 1527//1843
f 895//1844 893//1844 1527//1844
f 1527//1845 893//1845 1528//1845
f 893//1846 891//1846 1528//1846
f 891//1847 889//1847 1528//1847
f 1528//1847 889//1847 1529//1847
f 889//1848 887//1848 1529//1848
f 1529//1849 887//1849 1530//1849
f 887//1850 885//1850 1530//1850
f 885//1851 883//1851 1530//1851
f 1530//1852 883//1852 1531//1852
f 883//1853 881//1853 1531//1853
f 881//1854 879//1854 1531//1854
f 1531//1855 879//1855 1532//1855
f 879//1856 878//1856 1532//1856
f 1532//1857 878//1857 1533//1857
f 878//1858 876//1858 1533//1858
f 876//1859 874//1859 1533//1859
f 1533//1860 874//1860 1534//1860
f 874//1861 871//1861 1534//1861
f 871//1862 869//1862 1534//1862
f 1534//1863 869//1863 1535//1863
f 869//1864 867//1864 1535//1864
f 1535//1865 867//1865 1536//1865
f 867//1866 865//1866 1536//1866
f 865//1867 863//1867 1536//1867
f 863//1868 861//1868 1536//1868
f 1536//1869 861//1869 1537//1869
f 861//1870 859//1870 1537//1870
f 859//1871 857//1871 1537//1871
f 1537//1872 857//1872 1538//1872
f 857//1873 855//1873 1538//1873
f 1538//1874 855//1874 1539//1874
f 855//1875 853//1875 1539//1875
f 1539//1876 853//1876 1540//1876
f 853//1877 851//1877 1540//1877
f 851//1878 849//1878 1540//1878
f 849//1879 847//1879 1540//1879
f 1540//1880 847//1880 1541//1880
f 847//1881 844//1881 1541//1881
f 1541//1882 844//1882 1542//1882
f 844//1883 842//1883 1542//1883
f 842//1884 841//1884 1542//1884
f 1542//1885 841//1885 1543//1885
f 841//1886 839//1886 1543//1886
f 1543//1887 839//1887 1544//1887
f 839//1888 837//1888 1544//1888
f 837//1889 834//1889 1544//1889
f 834//1890 832//1890 1544//1890
f 1544//1891 832//1891 1545//1891
f 832//1892 830//1892 1545//1892
f 830//1893 828//1893 1545//1893
f 1545//1894 828//1894 1546//1894
f 828//1895 827//1895 1546//1895
f 1546//1896 827//1896 1547//1896
f 827//1897 825//1897 1547//1897
f 825//1898 823//1898 1547//1898
f 1547//1899 823//1899 1548//1899
f 823//1900 820//1900 1548//1900
f 820//1901 818//1901 1548//1901
f 1548//1902 818//1902 1549//1902
f 818//1903 816//1903 1549//1903
f 816//1904 814//1904 1549//1904
f 1549//1905 814//1905 1550//1905
f 814//1906 812//1906 1550//1906
f 1550//1907 812//1907 1551//1907
f 812//1908 810//1908 1551//1908
f 810//1909 808//1909 1551//1909
f 1551//1910 808//1910 1552//1910
f 808//1911 806//1911 1552//1911
f 806//1912 803//1912 1552//1912
f 1552//1913 803//1913 1553//1913
f 803//1914 801//1914 1553//1914
f 801//1915 800//1915 1553//1915
f 1553//1916 800//1916 1554//1916
f 800//1917 798//1917 1554//1917
f 798//1918 796//1918 1554//1918
f 1554//1919 796//1919 1555//1919
f 796//1920 794//1920 1555//1920
f 1555//1921 794//1921 1556//1921
f 794//1922 792//1922 1556//1922
f 792//1923 790//1923 1556//1923
f 1556//1924 790//1924 1557//1924
f 790//1925 788//1925 1557//1925
f 788//1926 786//1926 1557//1926
f 1557//1927 786//1927 1558//1927
f 786//1928 784//1928 1558//1928
f 784//1929 782//1929 1558//1929
f 1558//1930 782//1930 1559//1930
f 782//1931 780//1931 1559//1931
f 780//1932 778//1932 1559//1932
f 1559//1933 778//1933 1560//1933
f 778//1934 776//1934 1560//1934
f 776//1935 774//1935 1560//1935
f 1560//1936 774//1936 1561//1936
f 774//1937 772//1937 1561//1937
f 772//1938 770//1938 1561//1938
f 1561//1939 770//1939 1562//1939
f 770//1940 768//1940 1562//1940
f 1562//1941 768//1941 1563//1941
f 768//1942 766//1942 1563//1942
f 766//1943 764//1943 1563//1943
f 1563//1944 764//1944 1564//1944
f 764//1945 762//1945 1564//1945
f 762//1946 760//1946 1564//1946
f 1564//1947 760//1947 1565//1947
f 760//1948 758//1948 1565//1948
f 758//1949 757//1949 1565//1949
f 1565//1950 757//1950 1566//1950
f 757//1951 755//1951 1566//1951
f 1566//1952 755//1952 1567//1952
f 746//1953 1568//1953 1569//1953
f 755//1954 753//1954 1567//1954
f 753//1955 751//1955 1567//1955
f 1567//1956 751//1956 1569//1956
f 751//1957 748//1957 1569//1957
f 1569//1958 748//1958 746//1958
f 746//1959 745//1959 1568//1959
f 745//1960 743//1960 1568//1960
f 1568//1961 743//1961 1570//1961
f 743//1962 741//1962 1570//1962
f 1570//1963 741//1963 1571//1963
f 732//1964 1572//1964 1573//1964
f 741//1965 739//1965 1571//1965
f 739//1966 737//1966 1571//1966
f 1571//1967 737//1967 1573//1967
f 737//1968 734//1968 1573//1968
f 1573//1969 734//1969 732//1969
f 732//1970 731//1970 1572//1970
f 731//1971 729//1971 1572//1971
f 1572//1972 729//1972 1574//1972
f 729//1973 727//1973 1574//1973
f 1574//1974 727//1974 1575//1974
f 727//1975 725//1975 1575//1975
f 725//1976 723//1976 1575//1976
f 1575//1977 723//1977 1576//1977
f 723//1978 721//1978 1576//1978
f 1576//1979 721//1979 1577//1979
f 721//1980 659//1980 1577//1980
f 659//1981 719//1981 1577//1981
f 719//1982 718//1982 1577//1982
f 1577//1983 718//1983 1578//1983
f 718//1984 716//1984 1578//1984
f 1578//1985 716//1985 1579//1985
f 716//1986 714//1986 1579//1986
f 1579//1987 714//1987 1580//1987
f 714//1988 712//1988 1580//1988
f 712//1989 710//1989 1580//1989
f 1580//1990 710//1990 1581//1990
f 710//1991 708//1991 1581//1991
f 708//1992 706//1992 1581//1992
f 706//1993 705//1993 1581//1993
f 1581//1994 705//1994 1582//1994
f 705//1995 1583//1995 1582//1995
f 705//1996 702//1996 1583//1996
f 702//1997 701//1997 1583//1997
f 1583//1998 701//1998 1584//1998
f 701//1999 698//1999 1584//1999
f 698//2000 697//2000 1584//2000
f 1584//2001 697//2001 1585//2001
f 697//2002 694//2002 1585//2002
f 694//2003 695//2003 1585//2003
f 695//2004 690//2004 1585//2004
f 1585//2005 690//2005 1586//2005
f 690//2006 1587//2006 1586//2006
f 690//2007 688//2007 1587//2007
f 688//2008 686//2008 1587//2008
f 1587//2009 686//2009 1588//2009
f 686//2010 684//2010 1588//2010
f 684//2011 682//2011 1588//2011
f 1588//2012 682//2012 1589//2012
f 682//2013 662//2013 1589//2013
f 662//2014 663//2014 1589//2014
f 1589//2015 663//2015 1590//2015
f 663//2016 665//2016 1590//2016
f 665//2017 664//2017 1590//2017
f 664//2018 674//2018 1590//2018
f 1590//2019 674//2019 1591//2019
f 668//2020 1517//2020 670//2020
f 1517//2021 1519//2021 670//2021
f 670//2022 1519//2022 672//2022
f 1519//2023 1592//2023 672//2023
f 672//2024 1592//2024 673//2024
f 1592//2025 1591//2025 673//2025
f 673//2026 1591//2026 677//2026
f 1591//2027 674//2027 677//2027
f 1194//2028 1494//2028 1493//2028
f 1494//2029 1523//2029 1493//2029
f 1493//2030 1523//2030 1593//2030
f 1523//2031 1522//2031 1593//2031
f 1593//2032 1522//2032 1594//2032
f 1522//2033 1524//2033 1594//2033
f 1594//2034 1524//2034 1595//2034
f 1524//2035 1525//2035 1595//2035
f 1595//2035 1525//2035 1596//2035
f 1525//2036 1526//2036 1596//2036
f 1596//2037 1526//2037 1597//2037
f 1526//2038 1527//2038 1597//2038
f 1597//2039 1527//2039 1598//2039
f 1527//2040 1528//2040 1598//2040
f 1598//2041 1528//2041 1599//2041
f 1528//2042 1529//2042 1599//2042
f 1599//2042 1529//2042 1600//2042
f 1529//2043 1530//2043 1600//2043
f 1600//2044 1530//2044 1601//2044
f 1530//2045 1531//2045 1601//2045
f 1601//2046 1531//2046 1602//2046
f 1531//2047 1532//2047 1602//2047
f 1602//2048 1532//2048 1603//2048
f 1532//2049 1533//2049 1603//2049
f 1603//2050 1533//2050 1604//2050
f 1533//2051 1534//2051 1604//2051
f 1604//2052 1534//2052 1605//2052
f 1534//2053 1535//2053 1605//2053
f 1605//2054 1535//2054 1606//2054
f 1535//2055 1536//2055 1606//2055
f 1606//2056 1536//2056 1607//2056
f 1536//2057 1537//2057 1607//2057
f 1607//2057 1537//2057 1608//2057
f 1537//2058 1538//2058 1608//2058
f 1608//2059 1538//2059 1609//2059
f 1538//2060 1539//2060 1609//2060
f 1609//2061 1539//2061 1610//2061
f 1539//2062 1540//2062 1610//2062
f 1610//2063 1540//2063 1611//2063
f 1540//2064 1541//2064 1611//2064
f 1611//2065 1541//2065 1612//2065
f 1541//2066 1542//2066 1612//2066
f 1612//2067 1542//2067 1613//2067
f 1542//2068 1543//2068 1613//2068
f 1613//2069 1543//2069 1614//2069
f 1543//2070 1544//2070 1614//2070
f 1614//2071 1544//2071 1615//2071
f 1544//2072 1545//2072 1615//2072
f 1615//2072 1545//2072 1616//2072
f 1545//2073 1546//2073 1616//2073
f 1616//2074 1546//2074 1617//2074
f 1546//2075 1547//2075 1617//2075
f 1617//2076 1547//2076 1618//2076
f 1547//2077 1548//2077 1618//2077
f 1618//2078 1548//2078 1619//2078
f 1548//2079 1549//2079 1619//2079
f 1619//2079 1549//2079 1620//2079
f 1549//2080 1550//2080 1620//2080
f 1620//2081 1550//2081 1621//2081
f 1550//2082 1551//2082 1621//2082
f 1621//2082 1551//2082 1622//2082
f 1551//2083 1552//2083 1622//2083
f 1622//2084 1552//2084 1623//2084
f 1552//2085 1553//2085 1623//2085
f 1623//2086 1553//2086 1624//2086
f 1553//2087 1554//2087 1624//2087
f 1624//2088 1554//2088 1625//2088
f 1554//2089 1555//2089 1625//2089
f 1625//2090 1555//2090 1626//2090
f 1555//2091 1556//2091 1626//2091
f 1626//2092 1556//2092 1627//2092
f 1556//2093 1557//2093 1627//2093
f 1627//2093 1557//2093 1628//2093
f 1557//2094 1558//2094 1628//2094
f 1628//2094 1558//2094 1629//2094
f 1558//2095 1559//2095 1629//2095
f 1629//2096 1559//2096 1630//2096
f 1559//2097 1560//2097 1630//2097
f 1630//2098 1560//2098 1631//2098
f 1560//2099 1561//2099 1631//2099
f 1631//2100 1561//2100 1632//2100
f 1561//2101 1562//2101 1632//2101
f 1632//2102 1562//2102 1633//2102
f 1562//2103 1563//2103 1633//2103
f 1633//2104 1563//2104 1634//2104
f 1563//2105 1564//2105 1634//2105
f 1634//2106 1564//2106 1635//2106
f 1564//2107 1565//2107 1635//2107
f 1635//2108 1565//2108 1636//2108
f 1565//2109 1566//2109 1636//2109
f 1636//2110 1566//2110 1637//2110
f 1566//2111 1567//2111 1637//2111
f 1637//2112 1567//2112 1638//2112
f 1567//2113 1569//2113 1638//2113
f 1638//2114 1569//2114 1639//2114
f 1569//2115 1568//2115 1639//2115
f 1639//2116 1568//2116 1640//2116
f 1568//2117 1570//2117 1640//2117
f 1640//2118 1570//2118 1641//2118
f 1570//2119 1571//2119 1641//2119
f 1641//2120 1571//2120 1642//2120
f 1571//2121 1573//2121 1642//2121
f 1642//2121 1573//2121 1643//2121
f 1573//2122 1572//2122 1643//2122
f 1643//2123 1572//2123 1644//2123
f 1572//2124 1574//2124 1644//2124
f 1644//2125 1574//2125 1645//2125
f 1574//2126 1575//2126 1645//2126
f 1645//2127 1575//2127 1646//2127
f 1575//2128 1576//2128 1646//2128
f 1646//2129 1576//2129 1647//2129
f 1576//2130 1577//2130 1647//2130
f 1647//2131 1577//2131 1648//2131
f 1577//2132 1578//2132 1648//2132
f 1648//2133 1578//2133 1649//2133
f 1578//2134 1579//2134 1649//2134
f 1649//2135 1579//2135 1650//2135
f 1579//2136 1580//2136 1650//2136
f 1650//2137 1580//2137 1651//2137
f 1580//2138 1581//2138 1651//2138
f 1651//2139 1581//2139 1652//2139
f 1581//2140 1582//2140 1652//2140
f 1652//2140 1582//2140 1653//2140
f 1582//2141 1583//2141 1653//2141
f 1653//2142 1583//2142 1654//2142
f 1583//2143 1584//2143 1654//2143
f 1654//2144 1584//2144 1655//2144
f 1584//2145 1585//2145 1655//2145
f 1655//2146 1585//2146 1656//2146
f 1585//2147 1586//2147 1656//2147
f 1656//2148 1586//2148 1657//2148
f 1586//2149 1587//2149 1657//2149
f 1657//2150 1587//2150 1658//2150
f 1587//2151 1588//2151 1658//2151
f 1658//2151 1588//2151 1659//2151
f 1588//2152 1589//2152 1659//2152
f 1659//2153 1589//2153 1660//2153
f 1589//2154 1590//2154 1660//2154
f 1660//2154 1590//2154 1661//2154
f 1590//2155 1591//2155 1661//2155
f 1661//2156 1591//2156 1662//2156
f 1591//2157 1592//2157 1662//2157
f 1662//2158 1592//2158 1663//2158
f 1592//2159 1519//2159 1663//2159
f 1663//2160 1519//2160 1513//2160
f 1519//2161 1521//2161 1513//2161
f 1513//2162 1521//2162 1511//2162
f 1190//2163 1493//2163 1495//2163
f 1493//2164 1593//2164 1495//2164
f 1495//2165 1593//2165 1664//2165
f 1593//2166 1594//2166 1664//2166
f 1664//2167 1594//2167 1665//2167
f 1594//2168 1595//2168 1665//2168
f 1665//2168 1595//2168 1666//2168
f 1595//2169 1596//2169 1666//2169
f 1666//2169 1596//2169 1667//2169
f 1596//2170 1597//2170 1667//2170
f 1667//2171 1597//2171 1668//2171
f 1597//2172 1598//2172 1668//2172
f 1668//2172 1598//2172 1669//2172
f 1598//2173 1599//2173 1669//2173
f 1669//2173 1599//2173 1670//2173
f 1599//2174 1600//2174 1670//2174
f 1670//2175 1600//2175 1671//2175
f 1600//2176 1601//2176 1671//2176
f 1671//2176 1601//2176 1672//2176
f 1601//2177 1602//2177 1672//2177
f 1672//2177 1602//2177 1673//2177
f 1602//2178 1603//2178 1673//2178
f 1673//2178 1603//2178 1674//2178
f 1603//2179 1604//2179 1674//2179
f 1674//2179 1604//2179 1675//2179
f 1604//2180 1605//2180 1675//2180
f 1675//2180 1605//2180 1676//2180
f 1605//2181 1606//2181 1676//2181
f 1676//2181 1606//2181 1677//2181
f 1606//2182 1607//2182 1677//2182
f 1677//2182 1607//2182 1678//2182
f 1607//2183 1608//2183 1678//2183
f 1678//2184 1608//2184 1679//2184
f 1608//2185 1609//2185 1679//2185
f 1679//2186 1609//2186 1680//2186
f 1609//2187 1610//2187 1680//2187
f 1680//2187 1610//2187 1681//2187
f 1610//2188 1611//2188 1681//2188
f 1681//2188 1611//2188 1682//2188
f 1611//2189 1612//2189 1682//2189
f 1682//2189 1612//2189 1683//2189
f 1612//2190 1613//2190 1683//2190
f 1683//2191 1613//2191 1684//2191
f 1613//2192 1614//2192 1684//2192
f 1684//2192 1614//2192 1685//2192
f 1614//2193 1615//2193 1685//2193
f 1685//2194 1615//2194 1686//2194
f 1615//2195 1616//2195 1686//2195
f 1686//2196 1616//2196 1687//2196
f 1616//2197 1617//2197 1687//2197
f 1687//2197 1617//2197 1688//2197
f 1617//2198 1618//2198 1688//2198
f 1688//2198 1618//2198 1689//2198
f 1618//2199 1619//2199 1689//2199
f 1689//2200 1619//2200 1690//2200
f 1619//2201 1620//2201 1690//2201
f 1690//2202 1620//2202 1691//2202
f 1620//2203 1621//2203 1691//2203
f 1691//2203 1621//2203 1692//2203
f 1621//2204 1622//2204 1692//2204
f 1692//2204 1622//2204 1693//2204
f 1622//2205 1623//2205 1693//2205
f 1693//2206 1623//2206 1694//2206
f 1623//2207 1624//2207 1694//2207
f 1694//2207 1624//2207 1695//2207
f 1624//2208 1625//2208 1695//2208
f 1695//2208 1625//2208 1696//2208
f 1625//2209 1626//2209 1696//2209
f 1696//2209 1626//2209 1697//2209
f 1626//2210 1627//2210 1697//2210
f 1697//2210 1627//2210 1698//2210
f 1627//2211 1628//2211 1698//2211
f 1698//2212 1628//2212 1699//2212
f 1628//2213 1629//2213 1699//2213
f 1699//2214 1629//2214 1700//2214
f 1629//2215 1630//2215 1700//2215
f 1700//2215 1630//2215 1701//2215
f 1630//2216 1631//2216 1701//2216
f 1701//2217 1631//2217 1702//2217
f 1631//2218 1632//2218 1702//2218
f 1702//2219 1632//2219 1703//2219
f 1632//2220 1633//2220 1703//2220
f 1703//2221 1633//2221 1704//2221
f 1633//2222 1634//2222 1704//2222
f 1704//2223 1634//2223 1705//2223
f 1634//2224 1635//2224 1705//2224
f 1705//2225 1635//2225 1706//2225
f 1635//2226 1636//2226 1706//2226
f 1706//2226 1636//2226 1707//2226
f 1636//2227 1637//2227 1707//2227
f 1707//2227 1637//2227 1708//2227
f 1637//2228 1638//2228 1708//2228
f 1708//2228 1638//2228 1709//2228
f 1638//2229 1639//2229 1709//2229
f 1709//2230 1639//2230 1710//2230
f 1639//2231 1640//2231 1710//2231
f 1710//2231 1640//2231 1711//2231
f 1640//2232 1641//2232 1711//2232
f 1711//2232 1641//2232 1712//2232
f 1641//2233 1642//2233 1712//2233
f 1712//2233 1642//2233 1713//2233
f 1642//2234 1643//2234 1713//2234
f 1713//2234 1643//2234 1714//2234
f 1643//2235 1644//2235 1714//2235
f 1714//2235 1644//2235 1715//2235
f 1644//2236 1645//2236 1715//2236
f 1715//2236 1645//2236 1716//2236
f 1645//2237 1646//2237 1716//2237
f 1716//2237 1646//2237 1717//2237
f 1646//2238 1647//2238 1717//2238
f 1717//2238 1647//2238 1718//2238
f 1647//2239 1648//2239 1718//2239
f 1718//2239 1648//2239 1719//2239
f 1648//2240 1649//2240 1719//2240
f 1719//2240 1649//2240 1720//2240
f 1649//2241 1650//2241 1720//2241
f 1720//2241 1650//2241 1721//2241
f 1650//2242 1651//2242 1721//2242
f 1721//2243 1651//2243 1722//2243
f 1651//2244 1652//2244 1722//2244
f 1722//2245 1652//2245 1723//2245
f 1652//2246 1653//2246 1723//2246
f 1723//2247 1653//2247 1724//2247
f 1653//2248 1654//2248 1724//2248
f 1724//2248 1654//2248 1725//2248
f 1654//2249 1655//2249 1725//2249
f 1725//2250 1655//2250 1726//2250
f 1655//2251 1656//2251 1726//2251
f 1726//2251 1656//2251 1727//2251
f 1656//2252 1657//2252 1727//2252
f 1727//2252 1657//2252 1728//2252
f 1657//2253 1658//2253 1728//2253
f 1728//2253 1658//2253 1729//2253
f 1658//2254 1659//2254 1729//2254
f 1729//2255 1659//2255 1730//2255
f 1659//2256 1660//2256 1730//2256
f 1730//2256 1660//2256 1731//2256
f 1660//2257 1661//2257 1731//2257
f 1731//2258 1661//2258 1732//2258
f 1661//2259 1662//2259 1732//2259
f 1732//2259 1662//2259 1733//2259
f 1662//2260 1663//2260 1733//2260
f 1733//2260 1663//2260 1734//2260
f 1663//2261 1513//2261 1734//2261
f 1734//2262 1513//2262 1508//2262
f 1513//2263 1516//2263 1508//2263
f 1508//2264 1516//2264 1506//2264
f 1177//2265 1495//2265 1496//2265
f 1495//2266 1664//2266 1496//2266
f 1496//2267 1664//2267 1735//2267
f 1664//2268 1665//2268 1735//2268
f 1735//2269 1665//2269 1736//2269
f 1665//2270 1666//2270 1736//2270
f 1736//2271 1666//2271 1737//2271
f 1666//2272 1667//2272 1737//2272
f 1737//2273 1667//2273 1738//2273
f 1667//2274 1668//2274 1738//2274
f 1738//2275 1668//2275 1739//2275
f 1668//2276 1669//2276 1739//2276
f 1739//2277 1669//2277 1740//2277
f 1669//2278 1670//2278 1740//2278
f 1740//2279 1670//2279 1741//2279
f 1670//2280 1671//2280 1741//2280
f 1741//2281 1671//2281 1742//2281
f 1671//2282 1672//2282 1742//2282
f 1742//2283 1672//2283 1743//2283
f 1672//2284 1673//2284 1743//2284
f 1743//2284 1673//2284 1744//2284
f 1673//2285 1674//2285 1744//2285
f 1744//2286 1674//2286 1745//2286
f 1674//2287 1675//2287 1745//2287
f 1745//2288 1675//2288 1746//2288
f 1675//2289 1676//2289 1746//2289
f 1746//2290 1676//2290 1747//2290
f 1676//2291 1677//2291 1747//2291
f 1747//2292 1677//2292 1748//2292
f 1677//2293 1678//2293 1748//2293
f 1748//2294 1678//2294 1749//2294
f 1678//2295 1679//2295 1749//2295
f 1749//2296 1679//2296 1750//2296
f 1679//2297 1680//2297 1750//2297
f 1750//2298 1680//2298 1751//2298
f 1680//2299 1681//2299 1751//2299
f 1751//2300 1681//2300 1752//2300
f 1681//2301 1682//2301 1752//2301
f 1752//2302 1682//2302 1753//2302
f 1682//2303 1683//2303 1753//2303
f 1753//2304 1683//2304 1754//2304
f 1683//2305 1684//2305 1754//2305
f 1754//2306 1684//2306 1755//2306
f 1684//2307 1685//2307 1755//2307
f 1755//2308 1685//2308 1756//2308
f 1685//2309 1686//2309 1756//2309
f 1756//2310 1686//2310 1757//2310
f 1686//2311 1687//2311 1757//2311
f 1757//2312 1687//2312 1758//2312
f 1687//2313 1688//2313 1758//2313
f 1758//2314 1688//2314 1759//2314
f 1688//2315 1689//2315 1759//2315
f 1759//2316 1689//2316 1760//2316
f 1689//2317 1690//2317 1760//2317
f 1760//2318 1690//2318 1761//2318
f 1690//2319 1691//2319 1761//2319
f 1761//2320 1691//2320 1762//2320
f 1691//2321 1692//2321 1762//2321
f 1762//2322 1692//2322 1763//2322
f 1692//2323 1693//2323 1763//2323
f 1763//2323 1693//2323 1764//2323
f 1693//2324 1694//2324 1764//2324
f 1764//2325 1694//2325 1765//2325
f 1694//2326 1695//2326 1765//2326
f 1765//2327 1695//2327 1766//2327
f 1695//2328 1696//2328 1766//2328
f 1766//2329 1696//2329 1767//2329
f 1696//2330 1697//2330 1767//2330
f 1767//2331 1697//2331 1768//2331
f 1697//2332 1698//2332 1768//2332
f 1768//2333 1698//2333 1769//2333
f 1698//2334 1699//2334 1769//2334
f 1769//2334 1699//2334 1770//2334
f 1699//2335 1700//2335 1770//2335
f 1770//2336 1700//2336 1771//2336
f 1700//2337 1701//2337 1771//2337
f 1771//2338 1701//2338 1772//2338
f 1701//2339 1702//2339 1772//2339
f 1772//2340 1702//2340 1773//2340
f 1702//2341 1703//2341 1773//2341
f 1773//2342 1703//2342 1774//2342
f 1703//2343 1704//2343 1774//2343
f 1774//2344 1704//2344 1775//2344
f 1704//2345 1705//2345 1775//2345
f 1775//2346 1705//2346 1776//2346
f 1705//2347 1706//2347 1776//2347
f 1776//2348 1706//2348 1777//2348
f 1706//2349 1707//2349 1777//2349
f 1777//2350 1707//2350 1778//2350
f 1707//2351 1708//2351 1778//2351
f 1778//2352 1708//2352 1779//2352
f 1708//2353 1709//2353 1779//2353
f 1779//2354 1709//2354 1780//2354
f 1709//2355 1710//2355 1780//2355
f 1780//2356 1710//2356 1781//2356
f 1710//2357 1711//2357 1781//2357
f 1781//2358 1711//2358 1782//2358
f 1711//2359 1712//2359 1782//2359
f 1782//2360 1712//2360 1783//2360
f 1712//2361 1713//2361 1783//2361
f 1783//2362 1713//2362 1784//2362
f 1713//2363 1714//2363 1784//2363
f 1784//2364 1714//2364 1785//2364
f 1714//2365 1715//2365 1785//2365
f 1785//2366 1715//2366 1786//2366
f 1715//2367 1716//2367 1786//2367
f 1786//2368 1716//2368 1787//2368
f 1716//2369 1717//2369 1787//2369
f 1787//2370 1717//2370 1788//2370
f 1717//2371 1718//2371 1788//2371
f 1788//2371 1718//2371 1789//2371
f 1718//2372 1719//2372 1789//2372
f 1789//2373 1719//2373 1790//2373
f 1719//2374 1720//2374 1790//2374
f 1790//2375 1720//2375 1791//2375
f 1720//2376 1721//2376 1791//2376
f 1791//2377 1721//2377 1792//2377
f 1721//2378 1722//2378 1792//2378
f 1792//2379 1722//2379 1793//2379
f 1722//2380 1723//2380 1793//2380
f 1793//2381 1723//2381 1794//2381
f 1723//2382 1724//2382 1794//2382
f 1794//2383 1724//2383 1795//2383
f 1724//2384 1725//2384 1795//2384
f 1795//2385 1725//2385 1796//2385
f 1725//2386 1726//2386 1796//2386
f 1796//2387 1726//2387 1797//2387
f 1726//2388 1727//2388 1797//2388
f 1797//2389 1727//2389 1798//2389
f 1727//2390 1728//2390 1798//2390
f 1798//2391 1728//2391 1799//2391
f 1728//2392 1729//2392 1799//2392
f 1799//2393 1729//2393 1800//2393
f 1729//2394 1730//2394 1800//2394
f 1800//2395 1730//2395 1801//2395
f 1730//2396 1731//2396 1801//2396
f 1801//2397 1731//2397 1802//2397
f 1731//2398 1732//2398 1802//2398
f 1802//2399 1732//2399 1803//2399
f 1732//2400 1733//2400 1803//2400
f 1803//2401 1733//2401 1804//2401
f 1733//2402 1734//2402 1804//2402
f 1804//2403 1734//2403 1805//2403
f 1734//2404 1508//2404 1805//2404
f 1805//2405 1508//2405 1501//2405
f 1508//2406 1510//2406 1501//2406
f 1501//2407 1510//2407 1499//2407
f 1174//2408 1496//2408 226//2408
f 1496//2409 1735//2409 226//2409
f 226//2410 1735//2410 228//2410
f 1735//2411 1736//2411 228//2411
f 228//2412 1736//2412 230//2412
f 1736//2413 1737//2413 230//2413
f 230//2414 1737//2414 231//2414
f 1737//2415 1738//2415 231//2415
f 231//2416 1738//2416 177//2416
f 1738//2417 1739//2417 177//2417
f 177//2418 1739//2418 179//2418
f 1739//2419 1740//2419 179//2419
f 179//2420 1740//2420 181//2420
f 1740//2421 1741//2421 181//2421
f 181//2422 1741//2422 183//2422
f 1741//2423 1742//2423 183//2423
f 183//2424 1742//2424 185//2424
f 1742//2425 1743//2425 185//2425
f 185//2426 1743//2426 198//2426
f 1743//2427 1744//2427 198//2427
f 198//2427 1744//2427 199//2427
f 1744//2428 1745//2428 199//2428
f 199//2429 1745//2429 201//2429
f 1745//2430 1746//2430 201//2430
f 201//2431 1746//2431 203//2431
f 1746//2432 1747//2432 203//2432
f 203//2433 1747//2433 247//2433
f 1747//2434 1748//2434 247//2434
f 247//2435 1748//2435 248//2435
f 1748//2436 1749//2436 248//2436
f 248//2437 1749//2437 250//2437
f 1749//2438 1750//2438 250//2438
f 250//2439 1750//2439 252//2439
f 1750//2440 1751//2440 252//2440
f 252//2441 1751//2441 310//2441
f 1751//2442 1752//2442 310//2442
f 310//2443 1752//2443 311//2443
f 1752//2444 1753//2444 311//2444
f 311//2445 1753//2445 313//2445
f 1753//2446 1754//2446 313//2446
f 313//2447 1754//2447 315//2447
f 1754//2448 1755//2448 315//2448
f 315//2449 1755//2449 317//2449
f 1755//2450 1756//2450 317//2450
f 317//2451 1756//2451 319//2451
f 1756//2452 1757//2452 319//2452
f 319//2453 1757//2453 321//2453
f 1757//2454 1758//2454 321//2454
f 321//2455 1758//2455 302//2455
f 1758//2456 1759//2456 302//2456
f 302//2457 1759//2457 301//2457
f 1759//2458 1760//2458 301//2458
f 301//2459 1760//2459 299//2459
f 1760//2460 1761//2460 299//2460
f 299//2461 1761//2461 297//2461
f 1761//2462 1762//2462 297//2462
f 297//2462 1762//2462 295//2462
f 1762//2463 1763//2463 295//2463
f 295//2464 1763//2464 307//2464
f 1763//2465 1764//2465 307//2465
f 307//2465 1764//2465 305//2465
f 1764//2466 1765//2466 305//2466
f 305//2467 1765//2467 262//2467
f 1765//2468 1766//2468 262//2468
f 262//2469 1766//2469 261//2469
f 1766//2470 1767//2470 261//2470
f 261//2471 1767//2471 259//2471
f 1767//2472 1768//2472 259//2472
f 259//2473 1768//2473 257//2473
f 1768//2474 1769//2474 257//2474
f 257//2475 1769//2475 246//2475
f 1769//2476 1770//2476 246//2476
f 246//2477 1770//2477 244//2477
f 1770//2478 1771//2478 244//2478
f 244//2479 1771//2479 242//2479
f 1771//2480 1772//2480 242//2480
f 242//2481 1772//2481 240//2481
f 1772//2482 1773//2482 240//2482
f 240//2483 1773//2483 238//2483
f 1773//2484 1774//2484 238//2484
f 238//2485 1774//2485 236//2485
f 1774//2486 1775//2486 236//2486
f 236//2487 1775//2487 234//2487
f 1775//2488 1776//2488 234//2488
f 234//2489 1776//2489 232//2489
f 1776//2490 1777//2490 232//2490
f 232//2491 1777//2491 197//2491
f 1777//2492 1778//2492 197//2492
f 197//2493 1778//2493 195//2493
f 1778//2494 1779//2494 195//2494
f 195//2495 1779//2495 193//2495
f 1779//2496 1780//2496 193//2496
f 193//2497 1780//2497 191//2497
f 1780//2498 1781//2498 191//2498
f 191//2499 1781//2499 189//2499
f 1781//2500 1782//2500 189//2500
f 189//2501 1782//2501 209//2501
f 1782//2502 1783//2502 209//2502
f 209//2503 1783//2503 210//2503
f 1783//2504 1784//2504 210//2504
f 210//2505 1784//2505 212//2505
f 1784//2506 1785//2506 212//2506
f 212//2507 1785//2507 214//2507
f 1785//2508 1786//2508 214//2508
f 214//2509 1786//2509 276//2509
f 1786//2510 1787//2510 276//2510
f 276//2511 1787//2511 277//2511
f 1787//2512 1788//2512 277//2512
f 277//2513 1788//2513 279//2513
f 1788//2514 1789//2514 279//2514
f 279//2515 1789//2515 281//2515
f 1789//2516 1790//2516 281//2516
f 281//2517 1790//2517 283//2517
f 1790//2518 1791//2518 283//2518
f 283//2519 1791//2519 285//2519
f 1791//2520 1792//2520 285//2520
f 285//2521 1792//2521 287//2521
f 1792//2522 1793//2522 287//2522
f 287//2523 1793//2523 289//2523
f 1793//2524 1794//2524 289//2524
f 289//2525 1794//2525 294//2525
f 1794//2526 1795//2526 294//2526
f 294//2527 1795//2527 293//2527
f 1795//2528 1796//2528 293//2528
f 293//2529 1796//2529 275//2529
f 1796//2530 1797//2530 275//2530
f 275//2531 1797//2531 273//2531
f 1797//2532 1798//2532 273//2532
f 273//2533 1798//2533 271//2533
f 1798//2534 1799//2534 271//2534
f 271//2535 1799//2535 269//2535
f 1799//2536 1800//2536 269//2536
f 269//2537 1800//2537 267//2537
f 1800//2538 1801//2538 267//2538
f 267//2538 1801//2538 265//2538
f 1801//2539 1802//2539 265//2539
f 265//2540 1802//2540 206//2540
f 1802//2541 1803//2541 206//2541
f 206//2542 1803//2542 207//2542
f 1803//2543 1804//2543 207//2543
f 207//2544 1804//2544 218//2544
f 1804//2545 1805//2545 218//2545
f 218//2546 1805//2546 220//2546
f 1805//2547 1501//2547 220//2547
f 220//2548 1501//2548 222//2548
f 1501//2549 1505//2549 222//2549
f 222//2550 1505//2550 1498//2550
f 1171//18 1806//18 1172//18
f 1806//18 1807//18 1172//18
f 1808//18 1809//18 1810//18
f 1809//18 1811//18 1810//18
f 1810//18 1811//18 1812//18
f 1811//18 1813//18 1812//18
f 1812//18 1813//18 1814//18
f 1813//18 1815//18 1814//18
f 1814//18 1815//18 1816//18
f 1815//18 1817//18 1816//18
f 1816//18 1817//18 1818//18
f 1819//18 1820//18 1821//18
f 1820//18 1822//18 1821//18
f 1821//18 1822//18 1823//18
f 1822//18 1824//18 1823//18
f 1823//18 1824//18 1825//18
f 1824//18 1826//18 1825//18
f 1825//18 1826//18 1827//18
f 1826//18 1828//18 1827//18
f 1827//18 1828//18 1829//18
f 1830//18 1831//18 1832//18
f 1821//18 1833//18 1819//18
f 1833//18 1834//18 1819//18
f 1819//18 1834//18 1835//18
f 1834//18 1836//18 1835//18
f 1835//18 1836//18 1837//18
f 1836//18 1838//18 1837//18
f 1837//18 1838//18 1839//18
f 1838//18 1840//18 1839//18
f 1817//18 1841//18 1818//18
f 1841//18 1842//18 1818//18
f 1818//18 1842//18 1843//18
f 1842//18 1844//18 1843//18
f 1843//18 1844//18 1845//18
f 1844//18 1846//18 1845//18
f 1845//18 1846//18 1847//18
f 1846//18 1848//18 1847//18
f 1832//18 1831//18 1849//18
f 1831//18 1850//18 1849//18
f 1849//18 1850//18 1851//18
f 1850//18 1852//18 1851//18
f 1851//18 1852//18 1853//18
f 1852//18 1854//18 1853//18
f 1853//18 1854//18 1855//18
f 1854//18 1807//18 1855//18
f 1855//18 1807//18 1856//18
f 1807//18 1806//18 1856//18
f 1856//18 1806//18 1857//18
f 1806//18 1858//18 1857//18
f 1857//18 1858//18 1859//18
f 1858//18 1860//18 1859//18
f 1859//18 1860//18 1861//18
f 1860//18 1862//18 1861//18
f 1861//18 1862//18 1808//18
f 1862//18 1863//18 1808//18
f 1808//18 1863//18 1809//18
f 1846//18 1864//18 1848//18
f 1864//18 1865//18 1848//18
f 1848//18 1865//18 1866//18
f 1865//18 1867//18 1866//18
f 1866//18 1867//18 1868//18
f 1867//18 1869//18 1868//18
f 1868//18 1869//18 1870//18
f 1869//18 1871//18 1870//18
f 1829//18 1828//18 1872//18
f 1828//18 1873//18 1872//18
f 1872//18 1873//18 1874//18
f 1873//18 1875//18 1874//18
f 1874//18 1875//18 1876//18
f 1875//18 1877//18 1876//18
f 1876//18 1877//18 1878//18
f 1877//18 1879//18 1878//18
f 1878//18 1879//18 1880//18
f 1879//18 1881//18 1880//18
f 1880//18 1881//18 1882//18
f 1881//18 1883//18 1882//18
f 1882//18 1883//18 1884//18
f 1883//18 1885//18 1884//18
f 1884//18 1885//18 1886//18
f 1832//18 1887//18 1830//18
f 1887//18 1888//18 1830//18
f 1830//18 1888//18 1889//18
f 1888//18 1890//18 1889//18
f 1889//18 1890//18 1891//18
f 1890//18 1892//18 1891//18
f 1891//18 1892//18 1893//18
f 1892//18 1894//18 1893//18
f 1893//18 1894//18 1895//18
f 1894//18 1896//18 1895//18
f 1895//18 1896//18 1897//18
f 1896//18 1898//18 1897//18
f 1897//18 1898//18 1899//18
f 1885//18 1900//18 1886//18
f 1900//18 1901//18 1886//18
f 1886//18 1901//18 1902//18
f 1901//18 1903//18 1902//18
f 1902//18 1903//18 1904//18
f 1903//18 1905//18 1904//18
f 1904//18 1905//18 1906//18
f 1905//18 1907//18 1906//18
f 1838//18 1908//18 1840//18
f 1908//18 1909//18 1840//18
f 1840//18 1909//18 1910//18
f 1909//18 1911//18 1910//18
f 1910//18 1911//18 1912//18
f 1911//18 1913//18 1912//18
f 1912//18 1913//18 1914//18
f 1913//18 1915//18 1914//18
f 1914//18 1915//18 1916//18
f 1915//18 1917//18 1916//18
f 1916//18 1917//18 1918//18
f 1917//18 1919//18 1918//18
f 1918//18 1919//18 1920//18
f 1919//18 1921//18 1920//18
f 1920//18 1921//18 1922//18
f 1898//18 1923//18 1899//18
f 1923//18 1924//18 1899//18
f 1899//18 1924//18 1925//18
f 1924//18 1922//18 1925//18
f 1925//18 1922//18 1926//18
f 1922//18 1921//18 1926//18
f 1927//18 1928//18 1929//18
f 1928//18 1930//18 1929//18
f 1929//18 1930//18 1931//18
f 1930//18 1932//18 1931//18
f 1931//18 1932//18 1933//18
f 1932//18 1934//18 1933//18
f 1905//18 1935//18 1907//18
f 1935//18 1936//18 1907//18
f 1907//18 1936//18 1937//18
f 1936//18 1938//18 1937//18
f 1937//18 1938//18 1939//18
f 1938//18 1940//18 1939//18
f 1939//18 1940//18 1927//18
f 1940//18 1941//18 1927//18
f 1927//18 1941//18 1928//18
f 1869//18 1942//18 1871//18
f 1942//18 1943//18 1871//18
f 1871//18 1943//18 1944//18
f 1943//18 1945//18 1944//18
f 1944//18 1945//18 1946//18
f 1945//18 1947//18 1946//18
f 1946//18 1947//18 1948//18
f 1947//18 1949//18 1948//18
f 1948//18 1949//18 1950//18
f 1949//18 1951//18 1950//18
f 1950//18 1951//18 1952//18
f 1951//18 1953//18 1952//18
f 1952//18 1953//18 1954//18
f 1953//18 1934//18 1954//18
f 1954//18 1934//18 1955//18
f 1934//18 1932//18 1955//18
f 518//18 364//18 525//18
f 364//18 1956//18 525//18
f 525//18 1956//18 367//18
f 90//18 156//18 91//18
f 156//18 1096//18 91//18
f 347//2551 1957//2551 348//2551
f 1957//2552 1958//2552 348//2552
f 348//2553 1958//2553 444//2553
f 1958//2554 1959//2554 444//2554
f 444//2554 1959//2554 445//2554
f 347//2555 1113//2555 1957//2555
f 1113//2556 363//2556 1957//2556
f 1957//2557 363//2557 1960//2557
f 363//2558 457//2558 1960//2558
f 457//2559 456//2559 1960//2559
f 1960//2560 456//2560 1961//2560
f 456//2561 454//2561 1961//2561
f 454//2562 452//2562 1961//2562
f 452//2563 451//2563 1961//2563
f 1961//2563 451//2563 1962//2563
f 451//2564 340//2564 1962//2564
f 1962//2565 340//2565 1963//2565
f 340//2566 367//2566 1963//2566
f 1963//2567 367//2567 1956//2567
f 1956//2568 364//2568 1963//2568
f 364//2569 464//2569 1963//2569
f 1963//2570 464//2570 1964//2570
f 464//2571 463//2571 1964//2571
f 1964//2572 463//2572 1965//2572
f 463//2573 461//2573 1965//2573
f 461//2574 459//2574 1965//2574
f 459//2575 465//2575 1965//2575
f 1965//2575 465//2575 1966//2575
f 465//2576 374//2576 1966//2576
f 1966//2577 374//2577 1967//2577
f 374//2578 376//2578 1967//2578
f 376//2579 377//2579 1967//2579
f 377//2580 468//2580 1967//2580
f 1967//2581 468//2581 1968//2581
f 468//2582 467//2582 1968//2582
f 467//2583 466//2583 1968//2583
f 1968//2584 466//2584 1969//2584
f 466//2585 470//2585 1969//2585
f 470//2586 476//2586 1969//2586
f 476//2587 478//2587 1969//2587
f 1969//2587 478//2587 1970//2587
f 478//2588 479//2588 1970//2588
f 1970//2589 479//2589 1971//2589
f 489//2590 1972//2590 1973//2590
f 479//2591 481//2591 1971//2591
f 481//2592 483//2592 1971//2592
f 1971//2593 483//2593 1973//2593
f 483//2594 487//2594 1973//2594
f 1973//2595 487//2595 489//2595
f 489//2596 491//2596 1972//2596
f 491//2597 498//2597 1972//2597
f 1972//2597 498//2597 1974//2597
f 498//2598 499//2598 1974//2598
f 1974//2599 499//2599 1975//2599
f 508//2600 1976//2600 1977//2600
f 499//2601 500//2601 1975//2601
f 500//2602 502//2602 1975//2602
f 1975//2603 502//2603 1977//2603
f 502//2604 509//2604 1977//2604
f 1977//2605 509//2605 508//2605
f 515//2606 1978//2606 1979//2606
f 508//2607 512//2607 1976//2607
f 512//2608 513//2608 1976//2608
f 1976//2608 513//2608 1980//2608
f 513//2609 507//2609 1980//2609
f 1980//2610 507//2610 1979//2610
f 507//2611 517//2611 1979//2611
f 1979//2612 517//2612 515//2612
f 384//2613 1981//2613 381//2613
f 1981//2614 1978//2614 381//2614
f 381//2615 1978//2615 378//2615
f 1978//2616 515//2616 378//2616
f 521//2617 1982//2617 1983//2617
f 384//2618 383//2618 1981//2618
f 383//2619 388//2619 1981//2619
f 1981//2619 388//2619 1984//2619
f 388//2620 382//2620 1984//2620
f 1984//2621 382//2621 1983//2621
f 382//2622 524//2622 1983//2622
f 1983//2623 524//2623 521//2623
f 521//2624 519//2624 1982//2624
f 519//2625 518//2625 1982//2625
f 1982//2626 518//2626 1985//2626
f 518//2627 525//2627 1985//2627
f 525//2628 526//2628 1985//2628
f 1985//2629 526//2629 1986//2629
f 526//2630 527//2630 1986//2630
f 527//2631 529//2631 1986//2631
f 1986//2632 529//2632 1987//2632
f 529//2633 531//2633 1987//2633
f 531//2634 533//2634 1987//2634
f 1987//2635 533//2635 1988//2635
f 533//2636 534//2636 1988//2636
f 534//2637 1112//2637 1988//2637
f 1988//2638 1112//2638 1989//2638
f 1112//2639 535//2639 1989//2639
f 535//2640 536//2640 1989//2640
f 1989//2641 536//2641 1990//2641
f 536//2642 537//2642 1990//2642
f 537//2643 539//2643 1990//2643
f 1990//2644 539//2644 1991//2644
f 539//2645 547//2645 1991//2645
f 547//2646 546//2646 1991//2646
f 1991//2647 546//2647 1992//2647
f 546//2648 345//2648 1992//2648
f 1992//2649 345//2649 344//2649
f 344//2650 1492//2650 1992//2650
f 1492//2651 548//2651 1992//2651
f 1992//2652 548//2652 1993//2652
f 548//2653 549//2653 1993//2653
f 549//2654 550//2654 1993//2654
f 1993//2655 550//2655 1994//2655
f 550//2656 552//2656 1994//2656
f 1994//2657 552//2657 1995//2657
f 552//2658 554//2658 1995//2658
f 554//2659 556//2659 1995//2659
f 1995//2660 556//2660 1996//2660
f 556//2661 342//2661 1996//2661
f 1996//2662 342//2662 341//2662
f 341//2663 1003//2663 1996//2663
f 1003//2664 561//2664 1996//2664
f 1996//2665 561//2665 1997//2665
f 561//2666 564//2666 1997//2666
f 564//2667 563//2667 1997//2667
f 563//2668 571//2668 1997//2668
f 1997//2669 571//2669 1998//2669
f 571//2670 1999//2670 1998//2670
f 571//2671 570//2671 1999//2671
f 570//2672 568//2672 1999//2672
f 1999//2673 568//2673 2000//2673
f 568//2674 566//2674 2000//2674
f 2000//2675 566//2675 409//2675
f 409//2676 408//2676 2000//2676
f 408//2677 407//2677 2000//2677
f 2000//2678 407//2678 2001//2678
f 407//2679 406//2679 2001//2679
f 406//2680 575//2680 2001//2680
f 575//2681 573//2681 2001//2681
f 2001//2681 573//2681 2002//2681
f 573//2682 2003//2682 2002//2682
f 573//2683 572//2683 2003//2683
f 572//2684 583//2684 2003//2684
f 2003//2685 583//2685 2004//2685
f 583//2686 579//2686 2004//2686
f 2004//2687 579//2687 578//2687
f 578//2688 419//2688 2004//2688
f 419//2689 411//2689 2004//2689
f 2004//2690 411//2690 2005//2690
f 411//2691 410//2691 2005//2691
f 2005//2692 410//2692 2006//2692
f 410//2693 415//2693 2006//2693
f 415//2694 588//2694 2006//2694
f 588//2695 587//2695 2006//2695
f 2006//2696 587//2696 2007//2696
f 587//2697 585//2697 2007//2697
f 2007//2698 585//2698 2008//2698
f 585//2699 593//2699 2008//2699
f 593//2700 591//2700 2008//2700
f 2008//2701 591//2701 2009//2701
f 591//2702 592//2702 2009//2702
f 592//2703 438//2703 2009//2703
f 2009//2704 438//2704 2010//2704
f 438//2705 437//2705 2010//2705
f 437//2706 602//2706 2010//2706
f 2010//2707 602//2707 2011//2707
f 602//2708 601//2708 2011//2708
f 2011//2709 601//2709 2012//2709
f 601//2710 600//2710 2012//2710
f 600//2711 604//2711 2012//2711
f 2012//2712 604//2712 2013//2712
f 604//2713 607//2713 2013//2713
f 607//2714 609//2714 2013//2714
f 609//2715 611//2715 2013//2715
f 2013//2715 611//2715 2014//2715
f 611//2716 613//2716 2014//2716
f 2014//2717 613//2717 2015//2717
f 613//2718 615//2718 2015//2718
f 2015//2719 615//2719 2016//2719
f 615//2720 337//2720 2016//2720
f 337//2721 624//2721 2016//2721
f 2016//2722 624//2722 2017//2722
f 624//2723 620//2723 2017//2723
f 421//2724 2018//2724 425//2724
f 2018//2725 2019//2725 425//2725
f 425//2726 2019//2726 617//2726
f 2019//2727 2017//2727 617//2727
f 617//2727 2017//2727 618//2727
f 2017//2728 620//2728 618//2728
f 421//2729 420//2729 2018//2729
f 420//2730 628//2730 2018//2730
f 2018//2731 628//2731 2020//2731
f 628//2732 629//2732 2020//2732
f 629//2733 635//2733 2020//2733
f 2020//2734 635//2734 2021//2734
f 635//2735 633//2735 2021//2735
f 633//2736 631//2736 2021//2736
f 2021//2737 631//2737 2022//2737
f 631//2738 630//2738 2022//2738
f 2022//2739 630//2739 1073//2739
f 1073//2740 636//2740 2022//2740
f 636//2741 637//2741 2022//2741
f 2022//2742 637//2742 2023//2742
f 637//2743 638//2743 2023//2743
f 638//2744 640//2744 2023//2744
f 2023//2745 640//2745 2024//2745
f 640//2746 643//2746 2024//2746
f 643//2747 645//2747 2024//2747
f 2024//2748 645//2748 2025//2748
f 645//2749 646//2749 2025//2749
f 646//2750 431//2750 2025//2750
f 2025//2751 431//2751 2026//2751
f 431//2752 430//2752 2026//2752
f 430//2753 429//2753 2026//2753
f 2026//2754 429//2754 2027//2754
f 429//2755 436//2755 2027//2755
f 436//2756 649//2756 2027//2756
f 2027//2757 649//2757 2028//2757
f 649//2758 650//2758 2028//2758
f 650//2759 353//2759 2028//2759
f 2028//2760 353//2760 2029//2760
f 353//2761 352//2761 2029//2761
f 352//2762 1491//2762 2029//2762
f 1491//2763 450//2763 2029//2763
f 2029//2764 450//2764 2030//2764
f 450//2765 449//2765 2030//2765
f 2030//2766 449//2766 1959//2766
f 449//2767 447//2767 1959//2767
f 1959//2768 447//2768 445//2768
f 1959//2769 2031//2769 2030//2769
f 2031//2770 2032//2770 2030//2770
f 2030//2770 2032//2770 2029//2770
f 2032//2771 2033//2771 2029//2771
f 2029//2771 2033//2771 2028//2771
f 2033//2772 2034//2772 2028//2772
f 2028//2772 2034//2772 2027//2772
f 2034//2773 2035//2773 2027//2773
f 2027//2773 2035//2773 2026//2773
f 2035//2774 2036//2774 2026//2774
f 2026//2775 2036//2775 2025//2775
f 2036//2776 2037//2776 2025//2776
f 2025//2777 2037//2777 2024//2777
f 2037//2778 2038//2778 2024//2778
f 2024//2778 2038//2778 2023//2778
f 2038//2779 2039//2779 2023//2779
f 2023//2780 2039//2780 2022//2780
f 2039//2781 2040//2781 2022//2781
f 2022//2781 2040//2781 2021//2781
f 2040//2782 2041//2782 2021//2782
f 2021//2783 2041//2783 2020//2783
f 2041//2784 2042//2784 2020//2784
f 2020//2784 2042//2784 2018//2784
f 2042//2785 2043//2785 2018//2785
f 2018//2786 2043//2786 2019//2786
f 2043//2787 2044//2787 2019//2787
f 2019//2788 2044//2788 2017//2788
f 2044//2789 2045//2789 2017//2789
f 2017//2790 2045//2790 2016//2790
f 2045//2791 2046//2791 2016//2791
f 2016//2791 2046//2791 2015//2791
f 2046//2792 2047//2792 2015//2792
f 2015//2792 2047//2792 2014//2792
f 2047//2793 2048//2793 2014//2793
f 2014//2793 2048//2793 2013//2793
f 2048//2794 2049//2794 2013//2794
f 2013//2795 2049//2795 2012//2795
f 2049//2796 2050//2796 2012//2796
f 2012//2796 2050//2796 2011//2796
f 2050//2797 2051//2797 2011//2797
f 2011//2797 2051//2797 2010//2797
f 2051//2798 2052//2798 2010//2798
f 2010//2798 2052//2798 2009//2798
f 2052//2799 2053//2799 2009//2799
f 2009//2800 2053//2800 2008//2800
f 2053//2801 2054//2801 2008//2801
f 2008//2802 2054//2802 2007//2802
f 2054//2803 2055//2803 2007//2803
f 2007//2803 2055//2803 2006//2803
f 2055//2804 2056//2804 2006//2804
f 2006//2804 2056//2804 2005//2804
f 2056//2805 2057//2805 2005//2805
f 2005//2806 2057//2806 2004//2806
f 2057//2807 2058//2807 2004//2807
f 2004//2807 2058//2807 2003//2807
f 2058//2808 2059//2808 2003//2808
f 2003//2808 2059//2808 2002//2808
f 2059//2809 2060//2809 2002//2809
f 2002//2809 2060//2809 2001//2809
f 2060//2810 2061//2810 2001//2810
f 2001//2811 2061//2811 2000//2811
f 2061//2812 2062//2812 2000//2812
f 2000//2812 2062//2812 1999//2812
f 2062//2813 2063//2813 1999//2813
f 1999//2814 2063//2814 1998//2814
f 2063//2815 2064//2815 1998//2815
f 1998//2815 2064//2815 1997//2815
f 2064//2816 2065//2816 1997//2816
f 1997//2816 2065//2816 1996//2816
f 2065//2817 2066//2817 1996//2817
f 1996//2817 2066//2817 1995//2817
f 2066//2818 2067//2818 1995//2818
f 1995//2818 2067//2818 1994//2818
f 2067//2819 2068//2819 1994//2819
f 1994//2819 2068//2819 1993//2819
f 2068//2820 2069//2820 1993//2820
f 1993//2820 2069//2820 1992//2820
f 2069//2821 2070//2821 1992//2821
f 1992//2822 2070//2822 1991//2822
f 2070//2823 2071//2823 1991//2823
f 1991//2824 2071//2824 1990//2824
f 2071//2825 2072//2825 1990//2825
f 1990//2825 2072//2825 1989//2825
f 2072//2826 2073//2826 1989//2826
f 1989//2827 2073//2827 1988//2827
f 2073//2828 2074//2828 1988//2828
f 1988//2828 2074//2828 1987//2828
f 2074//2829 2075//2829 1987//2829
f 1987//2830 2075//2830 1986//2830
f 2075//2831 2076//2831 1986//2831
f 1986//2832 2076//2832 1985//2832
f 2076//2833 2077//2833 1985//2833
f 1985//2834 2077//2834 1982//2834
f 2077//2835 2078//2835 1982//2835
f 1982//2836 2078//2836 1983//2836
f 2078//2837 2079//2837 1983//2837
f 1983//2838 2079//2838 1984//2838
f 2079//2839 2080//2839 1984//2839
f 1984//2840 2080//2840 1981//2840
f 2080//2841 2081//2841 1981//2841
f 1981//2842 2081//2842 1978//2842
f 2081//2843 2082//2843 1978//2843
f 1978//2843 2082//2843 1979//2843
f 2082//2844 2083//2844 1979//2844
f 1979//2845 2083//2845 1980//2845
f 2083//2846 2084//2846 1980//2846
f 1980//2846 2084//2846 1976//2846
f 2084//2847 2085//2847 1976//2847
f 1976//2847 2085//2847 1977//2847
f 2085//2848 2086//2848 1977//2848
f 1977//2849 2086//2849 1975//2849
f 2086//2850 2087//2850 1975//2850
f 1975//2850 2087//2850 1974//2850
f 2087//2851 2088//2851 1974//2851
f 1974//2852 2088//2852 1972//2852
f 2088//2853 2089//2853 1972//2853
f 1972//2853 2089//2853 1973//2853
f 2089//2854 2090//2854 1973//2854
f 1973//2854 2090//2854 1971//2854
f 2090//2855 2091//2855 1971//2855
f 1971//2855 2091//2855 1970//2855
f 2091//2856 2092//2856 1970//2856
f 1970//2857 2092//2857 1969//2857
f 2092//2858 2093//2858 1969//2858
f 1969//2859 2093//2859 1968//2859
f 2093//2860 2094//2860 1968//2860
f 1968//2861 2094//2861 1967//2861
f 2094//2862 2095//2862 1967//2862
f 1967//2862 2095//2862 1966//2862
f 2095//2863 2096//2863 1966//2863
f 1966//2863 2096//2863 1965//2863
f 2096//2864 2097//2864 1965//2864
f 1965//2865 2097//2865 1964//2865
f 2097//2866 2098//2866 1964//2866
f 1964//2866 2098//2866 1963//2866
f 2098//2867 2099//2867 1963//2867
f 1963//2867 2099//2867 1962//2867
f 2099//2868 2100//2868 1962//2868
f 1962//2868 2100//2868 1961//2868
f 2100//2869 2101//2869 1961//2869
f 1961//2870 2101//2870 1960//2870
f 2101//2871 2102//2871 1960//2871
f 1960//2871 2102//2871 1957//2871
f 2102//2872 2103//2872 1957//2872
f 1957//2872 2103//2872 1958//2872
f 2103//2873 2104//2873 1958//2873
f 1958//2873 2104//2873 1959//2873
f 2104//2769 2031//2769 1959//2769
f 2104//2874 2105//2874 2031//2874
f 2105//2875 2106//2875 2031//2875
f 2031//2876 2106//2876 2032//2876
f 2106//2877 2107//2877 2032//2877
f 2032//2877 2107//2877 2033//2877
f 2107//2878 2108//2878 2033//2878
f 2033//2878 2108//2878 2034//2878
f 2108//2879 2109//2879 2034//2879
f 2034//2879 2109//2879 2035//2879
f 2109//2880 2110//2880 2035//2880
f 2035//2881 2110//2881 2036//2881
f 2110//2882 2111//2882 2036//2882
f 2036//2882 2111//2882 2037//2882
f 2111//2883 2112//2883 2037//2883
f 2037//2883 2112//2883 2038//2883
f 2112//2884 2113//2884 2038//2884
f 2038//2884 2113//2884 2039//2884
f 2113//2885 2114//2885 2039//2885
f 2039//2885 2114//2885 2040//2885
f 2114//2886 2115//2886 2040//2886
f 2040//2887 2115//2887 2041//2887
f 2115//2888 2116//2888 2041//2888
f 2041//2889 2116//2889 2042//2889
f 2116//2890 2117//2890 2042//2890
f 2042//2891 2117//2891 2043//2891
f 2117//2892 2118//2892 2043//2892
f 2043//2892 2118//2892 2044//2892
f 2118//2893 2119//2893 2044//2893
f 2044//2893 2119//2893 2045//2893
f 2119//2894 2120//2894 2045//2894
f 2045//2894 2120//2894 2046//2894
f 2120//2895 2121//2895 2046//2895
f 2046//2895 2121//2895 2047//2895
f 2121//2896 2122//2896 2047//2896
f 2047//2896 2122//2896 2048//2896
f 2122//2897 2123//2897 2048//2897
f 2048//2897 2123//2897 2049//2897
f 2123//2898 2124//2898 2049//2898
f 2049//2898 2124//2898 2050//2898
f 2124//2899 2125//2899 2050//2899
f 2050//2899 2125//2899 2051//2899
f 2125//2900 2126//2900 2051//2900
f 2051//2900 2126//2900 2052//2900
f 2126//2901 2127//2901 2052//2901
f 2052//2901 2127//2901 2053//2901
f 2127//2902 2128//2902 2053//2902
f 2053//2903 2128//2903 2054//2903
f 2128//2904 2129//2904 2054//2904
f 2054//2904 2129//2904 2055//2904
f 2129//2905 2130//2905 2055//2905
f 2055//2906 2130//2906 2056//2906
f 2130//2907 2131//2907 2056//2907
f 2056//2908 2131//2908 2057//2908
f 2131//2909 2132//2909 2057//2909
f 2057//2910 2132//2910 2058//2910
f 2132//2911 2133//2911 2058//2911
f 2058//2911 2133//2911 2059//2911
f 2133//2912 2134//2912 2059//2912
f 2059//2912 2134//2912 2060//2912
f 2134//2913 2135//2913 2060//2913
f 2060//2913 2135//2913 2061//2913
f 2135//2914 2136//2914 2061//2914
f 2061//2915 2136//2915 2062//2915
f 2136//2916 2137//2916 2062//2916
f 2062//2916 2137//2916 2063//2916
f 2137//2917 2138//2917 2063//2917
f 2063//2918 2138//2918 2064//2918
f 2138//2919 2139//2919 2064//2919
f 2064//2920 2139//2920 2065//2920
f 2139//2921 2140//2921 2065//2921
f 2065//2922 2140//2922 2066//2922
f 2140//2923 2141//2923 2066//2923
f 2066//2923 2141//2923 2067//2923
f 2141//2924 2142//2924 2067//2924
f 2067//2925 2142//2925 2068//2925
f 2142//2926 2143//2926 2068//2926
f 2068//2926 2143//2926 2069//2926
f 2143//2927 2144//2927 2069//2927
f 2069//2927 2144//2927 2070//2927
f 2144//2928 2145//2928 2070//2928
f 2070//2928 2145//2928 2071//2928
f 2145//2929 2146//2929 2071//2929
f 2071//2930 2146//2930 2072//2930
f 2146//2931 2147//2931 2072//2931
f 2072//2932 2147//2932 2073//2932
f 2147//2933 2148//2933 2073//2933
f 2073//2934 2148//2934 2074//2934
f 2148//2935 2149//2935 2074//2935
f 2074//2935 2149//2935 2075//2935
f 2149//2936 2150//2936 2075//2936
f 2075//2936 2150//2936 2076//2936
f 2150//2937 2151//2937 2076//2937
f 2076//2937 2151//2937 2077//2937
f 2151//2938 2152//2938 2077//2938
f 2077//2939 2152//2939 2078//2939
f 2152//2940 2153//2940 2078//2940
f 2078//2940 2153//2940 2079//2940
f 2153//2941 2154//2941 2079//2941
f 2079//2941 2154//2941 2080//2941
f 2154//2942 2155//2942 2080//2942
f 2080//2942 2155//2942 2081//2942
f 2155//2943 2156//2943 2081//2943
f 2081//2944 2156//2944 2082//2944
f 2156//2945 2157//2945 2082//2945
f 2082//2945 2157//2945 2083//2945
f 2157//2946 2158//2946 2083//2946
f 2083//2947 2158//2947 2084//2947
f 2158//2948 2159//2948 2084//2948
f 2084//2949 2159//2949 2085//2949
f 2159//2950 2160//2950 2085//2950
f 2085//2950 2160//2950 2086//2950
f 2160//2951 2161//2951 2086//2951
f 2086//2951 2161//2951 2087//2951
f 2161//2952 2162//2952 2087//2952
f 2087//2952 2162//2952 2088//2952
f 2162//2953 2163//2953 2088//2953
f 2088//2954 2163//2954 2089//2954
f 2163//2955 2164//2955 2089//2955
f 2089//2956 2164//2956 2090//2956
f 2164//2957 2165//2957 2090//2957
f 2090//2957 2165//2957 2091//2957
f 2165//2958 2166//2958 2091//2958
f 2091//2958 2166//2958 2092//2958
f 2166//2959 2167//2959 2092//2959
f 2092//2959 2167//2959 2093//2959
f 2167//2960 2168//2960 2093//2960
f 2093//2961 2168//2961 2094//2961
f 2168//2962 2169//2962 2094//2962
f 2094//2962 2169//2962 2095//2962
f 2169//2963 2170//2963 2095//2963
f 2095//2963 2170//2963 2096//2963
f 2170//2964 2171//2964 2096//2964
f 2096//2965 2171//2965 2097//2965
f 2171//2966 2172//2966 2097//2966
f 2097//2967 2172//2967 2098//2967
f 2172//2968 2173//2968 2098//2968
f 2098//2968 2173//2968 2099//2968
f 2173//2969 2174//2969 2099//2969
f 2099//2969 2174//2969 2100//2969
f 2174//2970 2175//2970 2100//2970
f 2100//2971 2175//2971 2101//2971
f 2175//2972 2176//2972 2101//2972
f 2101//2972 2176//2972 2102//2972
f 2176//2973 2177//2973 2102//2973
f 2102//2973 2177//2973 2103//2973
f 2177//2974 2178//2974 2103//2974
f 2103//2974 2178//2974 2104//2974
f 2178//2874 2105//2874 2104//2874
f 2178//2975 2179//2975 2105//2975
f 2179//2976 2180//2976 2105//2976
f 2105//2976 2180//2976 2106//2976
f 2180//2977 2181//2977 2106//2977
f 2106//2977 2181//2977 2107//2977
f 2181//2978 2182//2978 2107//2978
f 2107//2978 2182//2978 2108//2978
f 2182//2979 2183//2979 2108//2979
f 2108//2979 2183//2979 2109//2979
f 2183//2980 2184//2980 2109//2980
f 2109//2980 2184//2980 2110//2980
f 2184//2981 2185//2981 2110//2981
f 2110//2982 2185//2982 2111//2982
f 2185//2983 2186//2983 2111//2983
f 2111//2984 2186//2984 2112//2984
f 2186//2985 2187//2985 2112//2985
f 2112//2986 2187//2986 2113//2986
f 2187//2987 2188//2987 2113//2987
f 2113//2987 2188//2987 2114//2987
f 2188//2988 2189//2988 2114//2988
f 2114//2988 2189//2988 2115//2988
f 2189//2989 2190//2989 2115//2989
f 2115//2990 2190//2990 2116//2990
f 2190//2991 2191//2991 2116//2991
f 2116//2991 2191//2991 2117//2991
f 2191//2992 2192//2992 2117//2992
f 2117//2992 2192//2992 2118//2992
f 2192//2993 2193//2993 2118//2993
f 2118//2993 2193//2993 2119//2993
f 2193//2994 2194//2994 2119//2994
f 2119//2995 2194//2995 2120//2995
f 2194//2996 2195//2996 2120//2996
f 2120//2996 2195//2996 2121//2996
f 2195//2997 2196//2997 2121//2997
f 2121//2997 2196//2997 2122//2997
f 2196//2998 2197//2998 2122//2998
f 2122//2998 2197//2998 2123//2998
f 2197//2999 2198//2999 2123//2999
f 2123//2999 2198//2999 2124//2999
f 2198//3000 2199//3000 2124//3000
f 2124//3000 2199//3000 2125//3000
f 2199//3001 2200//3001 2125//3001
f 2125//3001 2200//3001 2126//3001
f 2200//3002 2201//3002 2126//3002
f 2126//3002 2201//3002 2127//3002
f 2201//3003 2202//3003 2127//3003
f 2127//3003 2202//3003 2128//3003
f 2202//3004 2203//3004 2128//3004
f 2128//3004 2203//3004 2129//3004
f 2203//3005 2204//3005 2129//3005
f 2129//3005 2204//3005 2130//3005
f 2204//3006 2205//3006 2130//3006
f 2130//3006 2205//3006 2131//3006
f 2205//3007 2206//3007 2131//3007
f 2131//3008 2206//3008 2132//3008
f 2206//3009 2207//3009 2132//3009
f 2132//3010 2207//3010 2133//3010
f 2207//3011 2208//3011 2133//3011
f 2133//3011 2208//3011 2134//3011
f 2208//3012 2209//3012 2134//3012
f 2134//3013 2209//3013 2135//3013
f 2209//3014 2210//3014 2135//3014
f 2135//3014 2210//3014 2136//3014
f 2210//3015 2211//3015 2136//3015
f 2136//3016 2211//3016 2137//3016
f 2211//3017 2212//3017 2137//3017
f 2137//3018 2212//3018 2138//3018
f 2212//3019 2213//3019 2138//3019
f 2138//3019 2213//3019 2139//3019
f 2213//3020 2214//3020 2139//3020
f 2139//3020 2214//3020 2140//3020
f 2214//3021 2215//3021 2140//3021
f 2140//3021 2215//3021 2141//3021
f 2215//3022 2216//3022 2141//3022
f 2141//3023 2216//3023 2142//3023
f 2216//3024 2217//3024 2142//3024
f 2142//3024 2217//3024 2143//3024
f 2217//3025 2218//3025 2143//3025
f 2143//3025 2218//3025 2144//3025
f 2218//3026 2219//3026 2144//3026
f 2144//3026 2219//3026 2145//3026
f 2219//3027 2220//3027 2145//3027
f 2145//3027 2220//3027 2146//3027
f 2220//3028 2221//3028 2146//3028
f 2146//3028 2221//3028 2147//3028
f 2221//3029 2222//3029 2147//3029
f 2147//3029 2222//3029 2148//3029
f 2222//3030 2223//3030 2148//3030
f 2148//3031 2223//3031 2149//3031
f 2223//3032 2224//3032 2149//3032
f 2149//3032 2224//3032 2150//3032
f 2224//3033 2225//3033 2150//3033
f 2150//3033 2225//3033 2151//3033
f 2225//3034 2226//3034 2151//3034
f 2151//3035 2226//3035 2152//3035
f 2226//3036 2227//3036 2152//3036
f 2152//3037 2227//3037 2153//3037
f 2227//3038 2228//3038 2153//3038
f 2153//3039 2228//3039 2154//3039
f 2228//3040 2229//3040 2154//3040
f 2154//3040 2229//3040 2155//3040
f 2229//3041 2230//3041 2155//3041
f 2155//3041 2230//3041 2156//3041
f 2230//3042 2231//3042 2156//3042
f 2156//3042 2231//3042 2157//3042
f 2231//3043 2232//3043 2157//3043
f 2157//3043 2232//3043 2158//3043
f 2232//3044 2233//3044 2158//3044
f 2158//3044 2233//3044 2159//3044
f 2233//3045 2234//3045 2159//3045
f 2159//3045 2234//3045 2160//3045
f 2234//3046 2235//3046 2160//3046
f 2160//3046 2235//3046 2161//3046
f 2235//3047 2236//3047 2161//3047
f 2161//3047 2236//3047 2162//3047
f 2236//3048 2237//3048 2162//3048
f 2162//3048 2237//3048 2163//3048
f 2237//3049 2238//3049 2163//3049
f 2163//3049 2238//3049 2164//3049
f 2238//3050 2239//3050 2164//3050
f 2164//3050 2239//3050 2165//3050
f 2239//3051 2240//3051 2165//3051
f 2165//3051 2240//3051 2166//3051
f 2240//3052 2241//3052 2166//3052
f 2166//3052 2241//3052 2167//3052
f 2241//3053 2242//3053 2167//3053
f 2167//3054 2242//3054 2168//3054
f 2242//3055 2243//3055 2168//3055
f 2168//3055 2243//3055 2169//3055
f 2243//3056 2244//3056 2169//3056
f 2169//3056 2244//3056 2170//3056
f 2244//3057 2245//3057 2170//3057
f 2170//3057 2245//3057 2171//3057
f 2245//3058 2246//3058 2171//3058
f 2171//3058 2246//3058 2172//3058
f 2246//3059 2247//3059 2172//3059
f 2172//3059 2247//3059 2173//3059
f 2247//3060 2248//3060 2173//3060
f 2173//3061 2248//3061 2174//3061
f 2248//3062 2249//3062 2174//3062
f 2174//3062 2249//3062 2175//3062
f 2249//3063 2250//3063 2175//3063
f 2175//3063 2250//3063 2176//3063
f 2250//3064 2251//3064 2176//3064
f 2176//3064 2251//3064 2177//3064
f 2251//3065 2252//3065 2177//3065
f 2177//3065 2252//3065 2178//3065
f 2252//2975 2179//2975 2178//2975
f 1856//3066 1857//3066 2181//3066
f 1857//3067 1859//3067 2181//3067
f 2181//3067 1859//3067 2182//3067
f 1859//3068 1861//3068 2182//3068
f 2182//3068 1861//3068 2183//3068
f 1861//3069 1808//3069 2183//3069
f 2183//3069 1808//3069 2184//3069
f 1808//3070 1810//3070 2184//3070
f 2184//3070 1810//3070 2185//3070
f 1810//3071 1812//3071 2185//3071
f 2185//3071 1812//3071 2186//3071
f 1812//3072 1814//3072 2186//3072
f 2186//3073 1814//3073 2187//3073
f 1814//3074 1816//3074 2187//3074
f 2187//3074 1816//3074 2188//3074
f 1816//3075 1818//3075 2188//3075
f 2188//3076 1818//3076 2189//3076
f 1818//3077 1843//3077 2189//3077
f 2189//3077 1843//3077 2190//3077
f 1843//3078 1845//3078 2190//3078
f 2190//3079 1845//3079 2191//3079
f 1845//3080 1847//3080 2191//3080
f 2191//3080 1847//3080 2192//3080
f 1847//3081 1848//3081 2192//3081
f 2192//3082 1848//3082 2193//3082
f 1848//3083 1866//3083 2193//3083
f 2193//3084 1866//3084 2194//3084
f 1866//3085 1868//3085 2194//3085
f 2194//3085 1868//3085 2195//3085
f 1868//3086 1870//3086 2195//3086
f 2195//3086 1870//3086 2196//3086
f 1870//3087 1871//3087 2196//3087
f 2196//3087 1871//3087 2197//3087
f 1871//3088 1944//3088 2197//3088
f 2197//3088 1944//3088 2198//3088
f 1944//3089 1946//3089 2198//3089
f 2198//3089 1946//3089 2199//3089
f 1946//3090 1948//3090 2199//3090
f 2199//3090 1948//3090 2200//3090
f 1948//3091 1950//3091 2200//3091
f 2200//3092 1950//3092 2201//3092
f 1950//3093 1952//3093 2201//3093
f 2201//3094 1952//3094 2202//3094
f 1952//3095 1954//3095 2202//3095
f 2202//3096 1954//3096 2203//3096
f 1954//3097 1955//3097 2203//3097
f 2203//3097 1955//3097 2204//3097
f 1955//3098 1932//3098 2204//3098
f 2204//3098 1932//3098 2205//3098
f 1932//3099 1930//3099 2205//3099
f 2205//3099 1930//3099 2206//3099
f 1930//3100 1928//3100 2206//3100
f 2206//3100 1928//3100 2207//3100
f 1928//3101 1941//3101 2207//3101
f 2207//3101 1941//3101 2208//3101
f 1941//3102 1940//3102 2208//3102
f 2208//3102 1940//3102 2209//3102
f 1940//3103 1938//3103 2209//3103
f 2209//3104 1938//3104 2210//3104
f 1938//3105 1936//3105 2210//3105
f 2210//3105 1936//3105 2211//3105
f 1936//3106 1935//3106 2211//3106
f 2211//3106 1935//3106 2212//3106
f 1935//3107 1905//3107 2212//3107
f 2212//3107 1905//3107 2213//3107
f 1905//3108 1903//3108 2213//3108
f 2213//3109 1903//3109 2214//3109
f 1903//3110 1901//3110 2214//3110
f 2214//3110 1901//3110 2215//3110
f 1901//3111 1900//3111 2215//3111
f 2215//3111 1900//3111 2216//3111
f 1900//3112 1885//3112 2216//3112
f 2216//3112 1885//3112 2217//3112
f 1885//3113 1883//3113 2217//3113
f 2217//3113 1883//3113 2218//3113
f 1883//3114 1881//3114 2218//3114
f 2218//3114 1881//3114 2219//3114
f 1881//3115 1879//3115 2219//3115
f 2219//3116 1879//3116 2220//3116
f 1879//3117 1877//3117 2220//3117
f 2220//3117 1877//3117 2221//3117
f 1877//3118 1875//3118 2221//3118
f 2221//3118 1875//3118 2222//3118
f 1875//3119 1873//3119 2222//3119
f 2222//3119 1873//3119 2223//3119
f 1873//3120 1828//3120 2223//3120
f 2223//3120 1828//3120 2224//3120
f 1828//3121 1826//3121 2224//3121
f 2224//3121 1826//3121 2225//3121
f 1826//3122 1824//3122 2225//3122
f 2225//3122 1824//3122 2226//3122
f 1824//3123 1822//3123 2226//3123
f 2226//3124 1822//3124 2227//3124
f 1822//3125 1820//3125 2227//3125
f 2227//3125 1820//3125 2228//3125
f 1820//3126 1819//3126 2228//3126
f 2228//3127 1819//3127 2229//3127
f 1819//3128 1835//3128 2229//3128
f 2229//3128 1835//3128 2230//3128
f 1835//3129 1837//3129 2230//3129
f 2230//3129 1837//3129 2231//3129
f 1837//3130 1839//3130 2231//3130
f 2231//3130 1839//3130 2232//3130
f 1839//3131 1840//3131 2232//3131
f 2232//3131 1840//3131 2233//3131
f 1840//3132 1910//3132 2233//3132
f 2233//3132 1910//3132 2234//3132
f 1910//3133 1912//3133 2234//3133
f 2234//3133 1912//3133 2235//3133
f 1912//3134 1914//3134 2235//3134
f 2235//3134 1914//3134 2236//3134
f 1914//3135 1916//3135 2236//3135
f 2236//3135 1916//3135 2237//3135
f 1916//3136 1918//3136 2237//3136
f 2237//3136 1918//3136 2238//3136
f 1918//3137 1920//3137 2238//3137
f 2238//3138 1920//3138 2239//3138
f 1920//3139 1922//3139 2239//3139
f 2239//3139 1922//3139 2240//3139
f 1922//3140 1924//3140 2240//3140
f 2240//3140 1924//3140 2241//3140
f 1924//3141 1923//3141 2241//3141
f 2241//3142 1923//3142 2242//3142
f 1923//3143 1898//3143 2242//3143
f 2242//3144 1898//3144 2243//3144
f 1898//3145 1896//3145 2243//3145
f 2243//3145 1896//3145 2244//3145
f 1896//3146 1894//3146 2244//3146
f 2244//3146 1894//3146 2245//3146
f 1894//3147 1892//3147 2245//3147
f 2245//3147 1892//3147 2246//3147
f 1892//3148 1890//3148 2246//3148
f 2246//3149 1890//3149 2247//3149
f 1890//3150 1888//3150 2247//3150
f 2247//3150 1888//3150 2248//3150
f 1888//3151 1887//3151 2248//3151
f 2248//3151 1887//3151 2249//3151
f 1887//3152 1832//3152 2249//3152
f 2249//3152 1832//3152 2250//3152
f 1832//3153 1849//3153 2250//3153
f 2250//3154 1849//3154 2251//3154
f 1849//3155 1851//3155 2251//3155
f 2251//3155 1851//3155 2252//3155
f 1851//3156 1853//3156 2252//3156
f 2252//3156 1853//3156 2179//3156
f 1853//3157 1855//3157 2179//3157
f 2179//3157 1855//3157 2180//3157
f 1855//3158 1856//3158 2180//3158
f 2180//3159 1856//3159 2181//3159
f 1170//1024 2253//1024 1171//1024
f 2253//3160 2254//3160 1171//3160
f 2254//3161 2255//3161 1171//3161
f 2255//3162 2256//3162 1171//3162
f 1171//3163 2256//3163 1806//3163
f 2257//3164 2253//3164 2258//3164
f 2253//3165 1170//3165 2258//3165
f 2258//3166 1170//3166 2259//3166
f 1170//3167 2260//3167 2259//3167
f 1161//3168 2261//3168 2262//3168
f 2262//3169 2263//3169 1161//3169
f 2263//3170 2264//3170 1161//3170
f 1161//1028 2264//1028 1170//1028
f 2264//3171 2265//3171 1170//3171
f 1170//3172 2265//3172 2260//3172
f 2266//3173 2267//3173 1160//3173
f 2267//3174 2268//3174 1160//3174
f 1160//3175 2268//3175 1161//3175
f 2268//3176 2269//3176 1161//3176
f 1161//3177 2269//3177 2261//3177
f 916//3178 667//3178 1173//3178
f 667//3179 2270//3179 1173//3179
f 2270//3180 2271//3180 1173//3180
f 2271//3181 2272//3181 1173//3181
f 1173//1041 2272//1041 1160//1041
f 2272//3182 2273//3182 1160//3182
f 1160//3183 2273//3183 2266//3183
f 653//3184 655//3184 2274//3184
f 655//3185 2275//3185 2274//3185
f 2276//3186 2277//3186 1169//3186
f 2277//3187 2278//3187 1169//3187
f 2278//3188 2279//3188 1169//3188
f 1169//21 2279//21 655//21
f 2279//3189 2280//3189 655//3189
f 655//3190 2280//3190 2275//3190
f 2281//3191 2282//3191 1157//3191
f 2282//3192 2283//3192 1157//3192
f 1157//27 2283//27 1169//27
f 2283//3193 2284//3193 1169//3193
f 1169//3194 2284//3194 2276//3194
f 2285//3195 2286//3195 1156//3195
f 2286//3196 2287//3196 1156//3196
f 2287//3197 2288//3197 1156//3197
f 1156//33 2288//33 1157//33
f 2288//3198 2289//3198 1157//3198
f 1157//3199 2289//3199 2281//3199
f 1172//45 1807//45 1158//45
f 1807//3200 2290//3200 1158//3200
f 1158//3201 2290//3201 2291//3201
f 2291//3202 2292//3202 1158//3202
f 2292//3203 2293//3203 1158//3203
f 1158//39 2293//39 1156//39
f 2293//3204 2294//3204 1156//3204
f 1156//3205 2294//3205 2285//3205
f 2260//3206 2265//3206 2295//3206
f 2270//3207 667//3207 669//3207
f 1807//3208 1854//3208 2290//3208
f 1854//3209 2291//3209 2290//3209
f 2287//3210 2286//3210 2296//3210
f 2286//3211 2285//3211 2296//3211
f 2285//3212 2294//3212 2296//3212
f 2294//3213 2293//3213 2296//3213
f 2296//3214 2293//3214 2292//3214
f 2282//3215 2281//3215 2297//3215
f 2281//3216 2289//3216 2297//3216
f 2297//3217 2289//3217 2288//3217
f 2278//3218 2277//3218 2298//3218
f 2277//3219 2276//3219 2298//3219
f 2276//3220 2284//3220 2298//3220
f 2298//3221 2284//3221 2283//3221
f 913//3222 653//3222 2274//3222
f 2279//3223 2299//3223 2280//3223
f 2299//3224 2275//3224 2280//3224
f 2273//3225 2272//3225 2300//3225
f 2272//3226 2271//3226 2300//3226
f 2300//3227 2271//3227 2270//3227
f 2261//3228 2269//3228 2301//3228
f 2269//3229 2268//3229 2301//3229
f 2268//3230 2267//3230 2301//3230
f 2267//3231 2266//3231 2301//3231
f 2301//3232 2266//3232 2273//3232
f 2262//3233 2261//3233 2295//3233
f 2265//3234 2264//3234 2295//3234
f 2264//3235 2263//3235 2295//3235
f 2295//3236 2263//3236 2262//3236
f 2258//3237 2259//3237 2302//3237
f 2259//3238 2260//3238 2302//3238
f 2258//3239 2302//3239 2257//3239
f 2302//3239 2254//3239 2257//3239
f 2257//3240 2254//3240 2253//3240
f 1806//3241 2256//3241 2302//3241
f 2256//3242 2255//3242 2302//3242
f 2302//3243 2255//3243 2254//3243
f 2270//3244 669//3244 2300//3244
f 669//3245 671//3245 2300//3245
f 2300//3246 671//3246 2303//3246
f 671//3247 679//3247 2303//3247
f 679//3248 678//3248 2303//3248
f 2303//3249 678//3249 2304//3249
f 678//3250 2305//3250 2304//3250
f 678//3251 676//3251 2305//3251
f 676//3252 675//3252 2305//3252
f 2305//3253 675//3253 2306//3253
f 675//3254 666//3254 2306//3254
f 666//3255 680//3255 2306//3255
f 2306//3256 680//3256 2307//3256
f 680//3257 661//3257 2307//3257
f 661//3258 660//3258 2307//3258
f 660//3259 681//3259 2307//3259
f 2307//3260 681//3260 2308//3260
f 681//3261 683//3261 2308//3261
f 2308//3262 683//3262 2309//3262
f 683//3263 685//3263 2309//3263
f 2309//3264 685//3264 2310//3264
f 685//3265 687//3265 2310//3265
f 687//3266 689//3266 2310//3266
f 2310//3267 689//3267 2311//3267
f 689//3268 691//3268 2311//3268
f 691//3269 696//3269 2311//3269
f 696//3270 693//3270 2311//3270
f 2311//3271 693//3271 2312//3271
f 693//3272 2313//3272 2312//3272
f 693//3273 692//3273 2313//3273
f 692//3274 699//3274 2313//3274
f 2313//3275 699//3275 2314//3275
f 699//3276 700//3276 2314//3276
f 700//3277 703//3277 2314//3277
f 703//3278 704//3278 2314//3278
f 2314//3279 704//3279 2315//3279
f 704//3280 707//3280 2315//3280
f 2315//3281 707//3281 2316//3281
f 707//3282 709//3282 2316//3282
f 709//3283 711//3283 2316//3283
f 2316//3284 711//3284 2317//3284
f 658//3285 2318//3285 2319//3285
f 711//3286 713//3286 2317//3286
f 713//3287 715//3287 2317//3287
f 2317//3288 715//3288 2319//3288
f 715//3289 717//3289 2319//3289
f 2319//3290 717//3290 658//3290
f 658//3291 657//3291 2318//3291
f 657//3292 720//3292 2318//3292
f 2318//3293 720//3293 2320//3293
f 720//3294 722//3294 2320//3294
f 2320//3295 722//3295 2321//3295
f 730//3296 2322//3296 2323//3296
f 722//3297 724//3297 2321//3297
f 724//3298 726//3298 2321//3298
f 2321//3299 726//3299 2323//3299
f 726//3300 728//3300 2323//3300
f 2323//3301 728//3301 730//3301
f 730//3302 733//3302 2322//3302
f 733//3303 735//3303 2322//3303
f 2322//3304 735//3304 2324//3304
f 735//3305 736//3305 2324//3305
f 2324//3306 736//3306 2325//3306
f 736//3307 738//3307 2325//3307
f 738//3308 740//3308 2325//3308
f 2325//3309 740//3309 2326//3309
f 740//3310 742//3310 2326//3310
f 2326//3311 742//3311 2327//3311
f 742//3312 744//3312 2327//3312
f 744//3313 747//3313 2327//3313
f 747//3314 749//3314 2327//3314
f 2327//3315 749//3315 2328//3315
f 749//3316 750//3316 2328//3316
f 2328//3317 750//3317 2329//3317
f 750//3318 752//3318 2329//3318
f 752//3319 754//3319 2329//3319
f 2329//3320 754//3320 2330//3320
f 754//3321 756//3321 2330//3321
f 2330//3322 756//3322 2331//3322
f 756//3323 759//3323 2331//3323
f 759//3324 761//3324 2331//3324
f 761//3325 763//3325 2331//3325
f 2331//3326 763//3326 2332//3326
f 763//3327 765//3327 2332//3327
f 765//3328 767//3328 2332//3328
f 2332//3329 767//3329 2333//3329
f 767//3330 769//3330 2333//3330
f 769//3331 771//3331 2333//3331
f 2333//3332 771//3332 2334//3332
f 771//3333 773//3333 2334//3333
f 2334//3334 773//3334 2335//3334
f 773//3335 775//3335 2335//3335
f 2335//3336 775//3336 2336//3336
f 775//3337 777//3337 2336//3337
f 777//3338 779//3338 2336//3338
f 2336//3339 779//3339 2337//3339
f 779//3340 781//3340 2337//3340
f 781//3341 783//3341 2337//3341
f 2337//3342 783//3342 2338//3342
f 783//3343 785//3343 2338//3343
f 785//3344 787//3344 2338//3344
f 2338//3345 787//3345 2339//3345
f 787//3346 789//3346 2339//3346
f 789//3347 791//3347 2339//3347
f 791//3348 793//3348 2339//3348
f 2339//3349 793//3349 2340//3349
f 793//3350 795//3350 2340//3350
f 795//3351 797//3351 2340//3351
f 2340//3352 797//3352 2341//3352
f 797//3353 799//3353 2341//3353
f 2341//3354 799//3354 2342//3354
f 799//3355 802//3355 2342//3355
f 2342//3356 802//3356 2343//3356
f 802//3357 804//3357 2343//3357
f 804//3358 805//3358 2343//3358
f 805//3359 807//3359 2343//3359
f 2343//3360 807//3360 2344//3360
f 807//3361 809//3361 2344//3361
f 809//3362 811//3362 2344//3362
f 2344//3363 811//3363 2345//3363
f 811//3364 813//3364 2345//3364
f 2345//3365 813//3365 2346//3365
f 813//3366 815//3366 2346//3366
f 2346//3367 815//3367 2347//3367
f 815//3368 817//3368 2347//3368
f 817//3369 819//3369 2347//3369
f 819//3370 821//3370 2347//3370
f 2347//3371 821//3371 2348//3371
f 821//3372 822//3372 2348//3372
f 2348//3373 822//3373 2349//3373
f 822//3374 824//3374 2349//3374
f 824//3375 826//3375 2349//3375
f 2349//3376 826//3376 2350//3376
f 826//3377 829//3377 2350//3377
f 2350//3378 829//3378 2351//3378
f 829//3379 831//3379 2351//3379
f 831//3380 833//3380 2351//3380
f 833//3381 835//3381 2351//3381
f 2351//3382 835//3382 2352//3382
f 835//3383 836//3383 2352//3383
f 2352//3384 836//3384 2353//3384
f 836//3385 838//3385 2353//3385
f 838//3386 840//3386 2353//3386
f 2353//3387 840//3387 2354//3387
f 840//3388 843//3388 2354//3388
f 843//3389 845//3389 2354//3389
f 2354//3390 845//3390 2355//3390
f 845//3391 846//3391 2355//3391
f 2355//3392 846//3392 2356//3392
f 846//3393 848//3393 2356//3393
f 848//3394 850//3394 2356//3394
f 2356//3395 850//3395 2357//3395
f 850//3396 852//3396 2357//3396
f 852//3397 854//3397 2357//3397
f 2357//3398 854//3398 2358//3398
f 854//3399 856//3399 2358//3399
f 856//3400 858//3400 2358//3400
f 2358//3401 858//3401 2359//3401
f 858//3402 860//3402 2359//3402
f 2359//3403 860//3403 2360//3403
f 868//3404 2361//3404 2362//3404
f 860//3405 862//3405 2360//3405
f 862//3406 864//3406 2360//3406
f 2360//3407 864//3407 2362//3407
f 864//3408 866//3408 2362//3408
f 2362//3409 866//3409 868//3409
f 868//3410 870//3410 2361//3410
f 870//3411 872//3411 2361//3411
f 2361//3411 872//3411 2363//3411
f 872//3412 873//3412 2363//3412
f 2363//3413 873//3413 2364//3413
f 873//3414 875//3414 2364//3414
f 875//3415 877//3415 2364//3415
f 2364//3416 877//3416 2365//3416
f 877//3417 880//3417 2365//3417
f 880//3418 882//3418 2365//3418
f 2365//3419 882//3419 2366//3419
f 882//3420 884//3420 2366//3420
f 884//3421 886//3421 2366//3421
f 2366//3421 886//3421 2367//3421
f 886//3422 888//3422 2367//3422
f 2367//3423 888//3423 2368//3423
f 888//3424 890//3424 2368//3424
f 890//3425 892//3425 2368//3425
f 2368//3426 892//3426 2369//3426
f 892//3427 894//3427 2369//3427
f 894//3428 896//3428 2369//3428
f 2369//3429 896//3429 2370//3429
f 896//3430 899//3430 2370//3430
f 2370//3431 899//3431 2371//3431
f 899//3432 900//3432 2371//3432
f 900//3433 903//3433 2371//3433
f 2371//3434 903//3434 2372//3434
f 903//3435 904//3435 2372//3435
f 904//3436 907//3436 2372//3436
f 2372//3437 907//3437 2373//3437
f 907//3438 908//3438 2373//3438
f 908//3439 911//3439 2373//3439
f 911//3440 913//3440 2373//3440
f 2373//3441 913//3441 2299//3441
f 913//3442 2274//3442 2299//3442
f 2299//3443 2274//3443 2275//3443
f 2273//3444 2300//3444 2301//3444
f 2300//3445 2303//3445 2301//3445
f 2301//3446 2303//3446 2374//3446
f 2303//3447 2304//3447 2374//3447
f 2374//3448 2304//3448 2375//3448
f 2304//3449 2305//3449 2375//3449
f 2375//3450 2305//3450 2376//3450
f 2305//3451 2306//3451 2376//3451
f 2376//3451 2306//3451 2377//3451
f 2306//3452 2307//3452 2377//3452
f 2377//3453 2307//3453 2378//3453
f 2307//3454 2308//3454 2378//3454
f 2378//3455 2308//3455 2379//3455
f 2308//3456 2309//3456 2379//3456
f 2379//3457 2309//3457 2380//3457
f 2309//3458 2310//3458 2380//3458
f 2380//3458 2310//3458 2381//3458
f 2310//3459 2311//3459 2381//3459
f 2381//3460 2311//3460 2382//3460
f 2311//3461 2312//3461 2382//3461
f 2382//3462 2312//3462 2383//3462
f 2312//3463 2313//3463 2383//3463
f 2383//3464 2313//3464 2384//3464
f 2313//3465 2314//3465 2384//3465
f 2384//3466 2314//3466 2385//3466
f 2314//3467 2315//3467 2385//3467
f 2385//3468 2315//3468 2386//3468
f 2315//3469 2316//3469 2386//3469
f 2386//3470 2316//3470 2387//3470
f 2316//3471 2317//3471 2387//3471
f 2387//3472 2317//3472 2388//3472
f 2317//3473 2319//3473 2388//3473
f 2388//3473 2319//3473 2389//3473
f 2319//3474 2318//3474 2389//3474
f 2389//3475 2318//3475 2390//3475
f 2318//3476 2320//3476 2390//3476
f 2390//3477 2320//3477 2391//3477
f 2320//3478 2321//3478 2391//3478
f 2391//3479 2321//3479 2392//3479
f 2321//3480 2323//3480 2392//3480
f 2392//3481 2323//3481 2393//3481
f 2323//3482 2322//3482 2393//3482
f 2393//3483 2322//3483 2394//3483
f 2322//3484 2324//3484 2394//3484
f 2394//3484 2324//3484 2395//3484
f 2324//3485 2325//3485 2395//3485
f 2395//3486 2325//3486 2396//3486
f 2325//3487 2326//3487 2396//3487
f 2396//3487 2326//3487 2397//3487
f 2326//3488 2327//3488 2397//3488
f 2397//3489 2327//3489 2398//3489
f 2327//3490 2328//3490 2398//3490
f 2398//3491 2328//3491 2399//3491
f 2328//3492 2329//3492 2399//3492
f 2399//3493 2329//3493 2400//3493
f 2329//3494 2330//3494 2400//3494
f 2400//3495 2330//3495 2401//3495
f 2330//3496 2331//3496 2401//3496
f 2401//3497 2331//3497 2402//3497
f 2331//3498 2332//3498 2402//3498
f 2402//3498 2332//3498 2403//3498
f 2332//3499 2333//3499 2403//3499
f 2403//3500 2333//3500 2404//3500
f 2333//3501 2334//3501 2404//3501
f 2404//3502 2334//3502 2405//3502
f 2334//3503 2335//3503 2405//3503
f 2405//3504 2335//3504 2406//3504
f 2335//3505 2336//3505 2406//3505
f 2406//3506 2336//3506 2407//3506
f 2336//3507 2337//3507 2407//3507
f 2407//3507 2337//3507 2408//3507
f 2337//3508 2338//3508 2408//3508
f 2408//3509 2338//3509 2409//3509
f 2338//3510 2339//3510 2409//3510
f 2409//3510 2339//3510 2410//3510
f 2339//3511 2340//3511 2410//3511
f 2410//3512 2340//3512 2411//3512
f 2340//3513 2341//3513 2411//3513
f 2411//3513 2341//3513 2412//3513
f 2341//3514 2342//3514 2412//3514
f 2412//3515 2342//3515 2413//3515
f 2342//3516 2343//3516 2413//3516
f 2413//3517 2343//3517 2414//3517
f 2343//3518 2344//3518 2414//3518
f 2414//3519 2344//3519 2415//3519
f 2344//3520 2345//3520 2415//3520
f 2415//3521 2345//3521 2416//3521
f 2345//3522 2346//3522 2416//3522
f 2416//3523 2346//3523 2417//3523
f 2346//3524 2347//3524 2417//3524
f 2417//3525 2347//3525 2418//3525
f 2347//3526 2348//3526 2418//3526
f 2418//3527 2348//3527 2419//3527
f 2348//3528 2349//3528 2419//3528
f 2419//3529 2349//3529 2420//3529
f 2349//3530 2350//3530 2420//3530
f 2420//3531 2350//3531 2421//3531
f 2350//3532 2351//3532 2421//3532
f 2421//3533 2351//3533 2422//3533
f 2351//3534 2352//3534 2422//3534
f 2422//3535 2352//3535 2423//3535
f 2352//3536 2353//3536 2423//3536
f 2423//3536 2353//3536 2424//3536
f 2353//3537 2354//3537 2424//3537
f 2424//3538 2354//3538 2425//3538
f 2354//3539 2355//3539 2425//3539
f 2425//3540 2355//3540 2426//3540
f 2355//3541 2356//3541 2426//3541
f 2426//3542 2356//3542 2427//3542
f 2356//3543 2357//3543 2427//3543
f 2427//3544 2357//3544 2428//3544
f 2357//3545 2358//3545 2428//3545
f 2428//3546 2358//3546 2429//3546
f 2358//3547 2359//3547 2429//3547
f 2429//3548 2359//3548 2430//3548
f 2359//3549 2360//3549 2430//3549
f 2430//3550 2360//3550 2431//3550
f 2360//3551 2362//3551 2431//3551
f 2431//3552 2362//3552 2432//3552
f 2362//3553 2361//3553 2432//3553
f 2432//3554 2361//3554 2433//3554
f 2361//3555 2363//3555 2433//3555
f 2433//3555 2363//3555 2434//3555
f 2363//3556 2364//3556 2434//3556
f 2434//3557 2364//3557 2435//3557
f 2364//3558 2365//3558 2435//3558
f 2435//3559 2365//3559 2436//3559
f 2365//3560 2366//3560 2436//3560
f 2436//3561 2366//3561 2437//3561
f 2366//3562 2367//3562 2437//3562
f 2437//3563 2367//3563 2438//3563
f 2367//3564 2368//3564 2438//3564
f 2438//3565 2368//3565 2439//3565
f 2368//3566 2369//3566 2439//3566
f 2439//3566 2369//3566 2440//3566
f 2369//3567 2370//3567 2440//3567
f 2440//3568 2370//3568 2441//3568
f 2370//3569 2371//3569 2441//3569
f 2441//3569 2371//3569 2442//3569
f 2371//3570 2372//3570 2442//3570
f 2442//3571 2372//3571 2443//3571
f 2372//3572 2373//3572 2443//3572
f 2443//3573 2373//3573 2444//3573
f 2373//3574 2299//3574 2444//3574
f 2444//3575 2299//3575 2298//3575
f 2299//3576 2279//3576 2298//3576
f 2298//3577 2279//3577 2278//3577
f 2261//3578 2301//3578 2295//3578
f 2301//3579 2374//3579 2295//3579
f 2295//3580 2374//3580 2445//3580
f 2374//3581 2375//3581 2445//3581
f 2445//3581 2375//3581 2446//3581
f 2375//3582 2376//3582 2446//3582
f 2446//3582 2376//3582 2447//3582
f 2376//3583 2377//3583 2447//3583
f 2447//3583 2377//3583 2448//3583
f 2377//3584 2378//3584 2448//3584
f 2448//3585 2378//3585 2449//3585
f 2378//3586 2379//3586 2449//3586
f 2449//3586 2379//3586 2450//3586
f 2379//3587 2380//3587 2450//3587
f 2450//3587 2380//3587 2451//3587
f 2380//3588 2381//3588 2451//3588
f 2451//3589 2381//3589 2452//3589
f 2381//3590 2382//3590 2452//3590
f 2452//3590 2382//3590 2453//3590
f 2382//3591 2383//3591 2453//3591
f 2453//3591 2383//3591 2454//3591
f 2383//3592 2384//3592 2454//3592
f 2454//3592 2384//3592 2455//3592
f 2384//3593 2385//3593 2455//3593
f 2455//3593 2385//3593 2456//3593
f 2385//3594 2386//3594 2456//3594
f 2456//3594 2386//3594 2457//3594
f 2386//3595 2387//3595 2457//3595
f 2457//3595 2387//3595 2458//3595
f 2387//3596 2388//3596 2458//3596
f 2458//3596 2388//3596 2459//3596
f 2388//3597 2389//3597 2459//3597
f 2459//3597 2389//3597 2460//3597
f 2389//3598 2390//3598 2460//3598
f 2460//3598 2390//3598 2461//3598
f 2390//3599 2391//3599 2461//3599
f 2461//3599 2391//3599 2462//3599
f 2391//3600 2392//3600 2462//3600
f 2462//3600 2392//3600 2463//3600
f 2392//3601 2393//3601 2463//3601
f 2463//3601 2393//3601 2464//3601
f 2393//3602 2394//3602 2464//3602
f 2464//3603 2394//3603 2465//3603
f 2394//3604 2395//3604 2465//3604
f 2465//3604 2395//3604 2466//3604
f 2395//3605 2396//3605 2466//3605
f 2466//3606 2396//3606 2467//3606
f 2396//3607 2397//3607 2467//3607
f 2467//3608 2397//3608 2468//3608
f 2397//3609 2398//3609 2468//3609
f 2468//3609 2398//3609 2469//3609
f 2398//3610 2399//3610 2469//3610
f 2469//3610 2399//3610 2470//3610
f 2399//3611 2400//3611 2470//3611
f 2470//3612 2400//3612 2471//3612
f 2400//3613 2401//3613 2471//3613
f 2471//3614 2401//3614 2472//3614
f 2401//3615 2402//3615 2472//3615
f 2472//3615 2402//3615 2473//3615
f 2402//3616 2403//3616 2473//3616
f 2473//3616 2403//3616 2474//3616
f 2403//3617 2404//3617 2474//3617
f 2474//3618 2404//3618 2475//3618
f 2404//3619 2405//3619 2475//3619
f 2475//3619 2405//3619 2476//3619
f 2405//3620 2406//3620 2476//3620
f 2476//3621 2406//3621 2477//3621
f 2406//3622 2407//3622 2477//3622
f 2477//3622 2407//3622 2478//3622
f 2407//3623 2408//3623 2478//3623
f 2478//3623 2408//3623 2479//3623
f 2408//3624 2409//3624 2479//3624
f 2479//3625 2409//3625 2480//3625
f 2409//3626 2410//3626 2480//3626
f 2480//3626 2410//3626 2481//3626
f 2410//3627 2411//3627 2481//3627
f 2481//3627 2411//3627 2482//3627
f 2411//3628 2412//3628 2482//3628
f 2482//3629 2412//3629 2483//3629
f 2412//3630 2413//3630 2483//3630
f 2483//3631 2413//3631 2484//3631
f 2413//3632 2414//3632 2484//3632
f 2484//3633 2414//3633 2485//3633
f 2414//3634 2415//3634 2485//3634
f 2485//3635 2415//3635 2486//3635
f 2415//3636 2416//3636 2486//3636
f 2486//3637 2416//3637 2487//3637
f 2416//3638 2417//3638 2487//3638
f 2487//3638 2417//3638 2488//3638
f 2417//3639 2418//3639 2488//3639
f 2488//3639 2418//3639 2489//3639
f 2418//3640 2419//3640 2489//3640
f 2489//3640 2419//3640 2490//3640
f 2419//3641 2420//3641 2490//3641
f 2490//3642 2420//3642 2491//3642
f 2420//3643 2421//3643 2491//3643
f 2491//3643 2421//3643 2492//3643
f 2421//3644 2422//3644 2492//3644
f 2492//3644 2422//3644 2493//3644
f 2422//3645 2423//3645 2493//3645
f 2493//3645 2423//3645 2494//3645
f 2423//3646 2424//3646 2494//3646
f 2494//3647 2424//3647 2495//3647
f 2424//3648 2425//3648 2495//3648
f 2495//3648 2425//3648 2496//3648
f 2425//3649 2426//3649 2496//3649
f 2496//3649 2426//3649 2497//3649
f 2426//3650 2427//3650 2497//3650
f 2497//3650 2427//3650 2498//3650
f 2427//3651 2428//3651 2498//3651
f 2498//3651 2428//3651 2499//3651
f 2428//3652 2429//3652 2499//3652
f 2499//3652 2429//3652 2500//3652
f 2429//3653 2430//3653 2500//3653
f 2500//3653 2430//3653 2501//3653
f 2430//3654 2431//3654 2501//3654
f 2501//3654 2431//3654 2502//3654
f 2431//3655 2432//3655 2502//3655
f 2502//3656 2432//3656 2503//3656
f 2432//3657 2433//3657 2503//3657
f 2503//3658 2433//3658 2504//3658
f 2433//3659 2434//3659 2504//3659
f 2504//3660 2434//3660 2505//3660
f 2434//3661 2435//3661 2505//3661
f 2505//3662 2435//3662 2506//3662
f 2435//3663 2436//3663 2506//3663
f 2506//3664 2436//3664 2507//3664
f 2436//3665 2437//3665 2507//3665
f 2507//3665 2437//3665 2508//3665
f 2437//3666 2438//3666 2508//3666
f 2508//3666 2438//3666 2509//3666
f 2438//3667 2439//3667 2509//3667
f 2509//3667 2439//3667 2510//3667
f 2439//3668 2440//3668 2510//3668
f 2510//3669 2440//3669 2511//3669
f 2440//3670 2441//3670 2511//3670
f 2511//3670 2441//3670 2512//3670
f 2441//3671 2442//3671 2512//3671
f 2512//3672 2442//3672 2513//3672
f 2442//3673 2443//3673 2513//3673
f 2513//3673 2443//3673 2514//3673
f 2443//3674 2444//3674 2514//3674
f 2514//3674 2444//3674 2515//3674
f 2444//3675 2298//3675 2515//3675
f 2515//3676 2298//3676 2297//3676
f 2298//3677 2283//3677 2297//3677
f 2297//3678 2283//3678 2282//3678
f 2260//3679 2295//3679 2302//3679
f 2295//3680 2445//3680 2302//3680
f 2302//3681 2445//3681 2516//3681
f 2445//3682 2446//3682 2516//3682
f 2516//3683 2446//3683 2517//3683
f 2446//3684 2447//3684 2517//3684
f 2517//3685 2447//3685 2518//3685
f 2447//3686 2448//3686 2518//3686
f 2518//3687 2448//3687 2519//3687
f 2448//3688 2449//3688 2519//3688
f 2519//3689 2449//3689 2520//3689
f 2449//3690 2450//3690 2520//3690
f 2520//3691 2450//3691 2521//3691
f 2450//3692 2451//3692 2521//3692
f 2521//3693 2451//3693 2522//3693
f 2451//3694 2452//3694 2522//3694
f 2522//3695 2452//3695 2523//3695
f 2452//3696 2453//3696 2523//3696
f 2523//3697 2453//3697 2524//3697
f 2453//3698 2454//3698 2524//3698
f 2524//3698 2454//3698 2525//3698
f 2454//3699 2455//3699 2525//3699
f 2525//3700 2455//3700 2526//3700
f 2455//3701 2456//3701 2526//3701
f 2526//3702 2456//3702 2527//3702
f 2456//3703 2457//3703 2527//3703
f 2527//3704 2457//3704 2528//3704
f 2457//3705 2458//3705 2528//3705
f 2528//3706 2458//3706 2529//3706
f 2458//3707 2459//3707 2529//3707
f 2529//3708 2459//3708 2530//3708
f 2459//3709 2460//3709 2530//3709
f 2530//3710 2460//3710 2531//3710
f 2460//3711 2461//3711 2531//3711
f 2531//3712 2461//3712 2532//3712
f 2461//3713 2462//3713 2532//3713
f 2532//3714 2462//3714 2533//3714
f 2462//3715 2463//3715 2533//3715
f 2533//3716 2463//3716 2534//3716
f 2463//3717 2464//3717 2534//3717
f 2534//3718 2464//3718 2535//3718
f 2464//3719 2465//3719 2535//3719
f 2535//3720 2465//3720 2536//3720
f 2465//3721 2466//3721 2536//3721
f 2536//3722 2466//3722 2537//3722
f 2466//3723 2467//3723 2537//3723
f 2537//3724 2467//3724 2538//3724
f 2467//3725 2468//3725 2538//3725
f 2538//3726 2468//3726 2539//3726
f 2468//3727 2469//3727 2539//3727
f 2539//3728 2469//3728 2540//3728
f 2469//3729 2470//3729 2540//3729
f 2540//3730 2470//3730 2541//3730
f 2470//3731 2471//3731 2541//3731
f 2541//3732 2471//3732 2542//3732
f 2471//3733 2472//3733 2542//3733
f 2542//3734 2472//3734 2543//3734
f 2472//3735 2473//3735 2543//3735
f 2543//3736 2473//3736 2544//3736
f 2473//3737 2474//3737 2544//3737
f 2544//3738 2474//3738 2545//3738
f 2474//3739 2475//3739 2545//3739
f 2545//3740 2475//3740 2546//3740
f 2475//3741 2476//3741 2546//3741
f 2546//3742 2476//3742 2547//3742
f 2476//3743 2477//3743 2547//3743
f 2547//3744 2477//3744 2548//3744
f 2477//3745 2478//3745 2548//3745
f 2548//3746 2478//3746 2549//3746
f 2478//3747 2479//3747 2549//3747
f 2549//3748 2479//3748 2550//3748
f 2479//3749 2480//3749 2550//3749
f 2550//3750 2480//3750 2551//3750
f 2480//3751 2481//3751 2551//3751
f 2551//3752 2481//3752 2552//3752
f 2481//3753 2482//3753 2552//3753
f 2552//3754 2482//3754 2553//3754
f 2482//3755 2483//3755 2553//3755
f 2553//3756 2483//3756 2554//3756
f 2483//3757 2484//3757 2554//3757
f 2554//3758 2484//3758 2555//3758
f 2484//3759 2485//3759 2555//3759
f 2555//3760 2485//3760 2556//3760
f 2485//3761 2486//3761 2556//3761
f 2556//3762 2486//3762 2557//3762
f 2486//3763 2487//3763 2557//3763
f 2557//3764 2487//3764 2558//3764
f 2487//3765 2488//3765 2558//3765
f 2558//3766 2488//3766 2559//3766
f 2488//3767 2489//3767 2559//3767
f 2559//3768 2489//3768 2560//3768
f 2489//3769 2490//3769 2560//3769
f 2560//3770 2490//3770 2561//3770
f 2490//3771 2491//3771 2561//3771
f 2561//3772 2491//3772 2562//3772
f 2491//3773 2492//3773 2562//3773
f 2562//3774 2492//3774 2563//3774
f 2492//3775 2493//3775 2563//3775
f 2563//3776 2493//3776 2564//3776
f 2493//3777 2494//3777 2564//3777
f 2564//3778 2494//3778 2565//3778
f 2494//3779 2495//3779 2565//3779
f 2565//3780 2495//3780 2566//3780
f 2495//3781 2496//3781 2566//3781
f 2566//3782 2496//3782 2567//3782
f 2496//3783 2497//3783 2567//3783
f 2567//3784 2497//3784 2568//3784
f 2497//3785 2498//3785 2568//3785
f 2568//3786 2498//3786 2569//3786
f 2498//3787 2499//3787 2569//3787
f 2569//3787 2499//3787 2570//3787
f 2499//3788 2500//3788 2570//3788
f 2570//3789 2500//3789 2571//3789
f 2500//3790 2501//3790 2571//3790
f 2571//3791 2501//3791 2572//3791
f 2501//3792 2502//3792 2572//3792
f 2572//3793 2502//3793 2573//3793
f 2502//3794 2503//3794 2573//3794
f 2573//3795 2503//3795 2574//3795
f 2503//3796 2504//3796 2574//3796
f 2574//3797 2504//3797 2575//3797
f 2504//3798 2505//3798 2575//3798
f 2575//3799 2505//3799 2576//3799
f 2505//3800 2506//3800 2576//3800
f 2576//3801 2506//3801 2577//3801
f 2506//3802 2507//3802 2577//3802
f 2577//3803 2507//3803 2578//3803
f 2507//3804 2508//3804 2578//3804
f 2578//3805 2508//3805 2579//3805
f 2508//3806 2509//3806 2579//3806
f 2579//3807 2509//3807 2580//3807
f 2509//3808 2510//3808 2580//3808
f 2580//3809 2510//3809 2581//3809
f 2510//3810 2511//3810 2581//3810
f 2581//3811 2511//3811 2582//3811
f 2511//3812 2512//3812 2582//3812
f 2582//3813 2512//3813 2583//3813
f 2512//3814 2513//3814 2583//3814
f 2583//3815 2513//3815 2584//3815
f 2513//3816 2514//3816 2584//3816
f 2584//3817 2514//3817 2585//3817
f 2514//3818 2515//3818 2585//3818
f 2585//3819 2515//3819 2586//3819
f 2515//3820 2297//3820 2586//3820
f 2586//3821 2297//3821 2296//3821
f 2297//3822 2288//3822 2296//3822
f 2296//3823 2288//3823 2287//3823
f 1806//3824 2302//3824 1858//3824
f 2302//3825 2516//3825 1858//3825
f 1858//3826 2516//3826 1860//3826
f 2516//3827 2517//3827 1860//3827
f 1860//3828 2517//3828 1862//3828
f 2517//3829 2518//3829 1862//3829
f 1862//3830 2518//3830 1863//3830
f 2518//3831 2519//3831 1863//3831
f 1863//3832 2519//3832 1809//3832
f 2519//3833 2520//3833 1809//3833
f 1809//3834 2520//3834 1811//3834
f 2520//3835 2521//3835 1811//3835
f 1811//3836 2521//3836 1813//3836
f 2521//3837 2522//3837 1813//3837
f 1813//3838 2522//3838 1815//3838
f 2522//3839 2523//3839 1815//3839
f 1815//3840 2523//3840 1817//3840
f 2523//3841 2524//3841 1817//3841
f 1817//3842 2524//3842 1841//3842
f 2524//3843 2525//3843 1841//3843
f 1841//3843 2525//3843 1842//3843
f 2525//3844 2526//3844 1842//3844
f 1842//3845 2526//3845 1844//3845
f 2526//3846 2527//3846 1844//3846
f 1844//3847 2527//3847 1846//3847
f 2527//3848 2528//3848 1846//3848
f 1846//3849 2528//3849 1864//3849
f 2528//3850 2529//3850 1864//3850
f 1864//3851 2529//3851 1865//3851
f 2529//3852 2530//3852 1865//3852
f 1865//3853 2530//3853 1867//3853
f 2530//3854 2531//3854 1867//3854
f 1867//3855 2531//3855 1869//3855
f 2531//3856 2532//3856 1869//3856
f 1869//3857 2532//3857 1942//3857
f 2532//3858 2533//3858 1942//3858
f 1942//3859 2533//3859 1943//3859
f 2533//3860 2534//3860 1943//3860
f 1943//3861 2534//3861 1945//3861
f 2534//3862 2535//3862 1945//3862
f 1945//3863 2535//3863 1947//3863
f 2535//3864 2536//3864 1947//3864
f 1947//3865 2536//3865 1949//3865
f 2536//3866 2537//3866 1949//3866
f 1949//3867 2537//3867 1951//3867
f 2537//3868 2538//3868 1951//3868
f 1951//3869 2538//3869 1953//3869
f 2538//3870 2539//3870 1953//3870
f 1953//3871 2539//3871 1934//3871
f 2539//3872 2540//3872 1934//3872
f 1934//3873 2540//3873 1933//3873
f 2540//3874 2541//3874 1933//3874
f 1933//3875 2541//3875 1931//3875
f 2541//3876 2542//3876 1931//3876
f 1931//3877 2542//3877 1929//3877
f 2542//3878 2543//3878 1929//3878
f 1929//3878 2543//3878 1927//3878
f 2543//3879 2544//3879 1927//3879
f 1927//3880 2544//3880 1939//3880
f 2544//3881 2545//3881 1939//3881
f 1939//3881 2545//3881 1937//3881
f 2545//3882 2546//3882 1937//3882
f 1937//3883 2546//3883 1907//3883
f 2546//3884 2547//3884 1907//3884
f 1907//3885 2547//3885 1906//3885
f 2547//3886 2548//3886 1906//3886
f 1906//3887 2548//3887 1904//3887
f 2548//3888 2549//3888 1904//3888
f 1904//3889 2549//3889 1902//3889
f 2549//3890 2550//3890 1902//3890
f 1902//3891 2550//3891 1886//3891
f 2550//3892 2551//3892 1886//3892
f 1886//3893 2551//3893 1884//3893
f 2551//3894 2552//3894 1884//3894
f 1884//3895 2552//3895 1882//3895
f 2552//3896 2553//3896 1882//3896
f 1882//3897 2553//3897 1880//3897
f 2553//3898 2554//3898 1880//3898
f 1880//3899 2554//3899 1878//3899
f 2554//3900 2555//3900 1878//3900
f 1878//3901 2555//3901 1876//3901
f 2555//3902 2556//3902 1876//3902
f 1876//3903 2556//3903 1874//3903
f 2556//3904 2557//3904 1874//3904
f 1874//3905 2557//3905 1872//3905
f 2557//3906 2558//3906 1872//3906
f 1872//3907 2558//3907 1829//3907
f 2558//3908 2559//3908 1829//3908
f 1829//3909 2559//3909 1827//3909
f 2559//3910 2560//3910 1827//3910
f 1827//3911 2560//3911 1825//3911
f 2560//3912 2561//3912 1825//3912
f 1825//3913 2561//3913 1823//3913
f 2561//3914 2562//3914 1823//3914
f 1823//3915 2562//3915 1821//3915
f 2562//3916 2563//3916 1821//3916
f 1821//3917 2563//3917 1833//3917
f 2563//3918 2564//3918 1833//3918
f 1833//3919 2564//3919 1834//3919
f 2564//3920 2565//3920 1834//3920
f 1834//3921 2565//3921 1836//3921
f 2565//3922 2566//3922 1836//3922
f 1836//3923 2566//3923 1838//3923
f 2566//3924 2567//3924 1838//3924
f 1838//3925 2567//3925 1908//3925
f 2567//3926 2568//3926 1908//3926
f 1908//3927 2568//3927 1909//3927
f 2568//3928 2569//3928 1909//3928
f 1909//3929 2569//3929 1911//3929
f 2569//3930 2570//3930 1911//3930
f 1911//3931 2570//3931 1913//3931
f 2570//3932 2571//3932 1913//3932
f 1913//3933 2571//3933 1915//3933
f 2571//3934 2572//3934 1915//3934
f 1915//3935 2572//3935 1917//3935
f 2572//3936 2573//3936 1917//3936
f 1917//3937 2573//3937 1919//3937
f 2573//3938 2574//3938 1919//3938
f 1919//3939 2574//3939 1921//3939
f 2574//3940 2575//3940 1921//3940
f 1921//3941 2575//3941 1926//3941
f 2575//3942 2576//3942 1926//3942
f 1926//3943 2576//3943 1925//3943
f 2576//3944 2577//3944 1925//3944
f 1925//3945 2577//3945 1899//3945
f 2577//3946 2578//3946 1899//3946
f 1899//3947 2578//3947 1897//3947
f 2578//3948 2579//3948 1897//3948
f 1897//3949 2579//3949 1895//3949
f 2579//3950 2580//3950 1895//3950
f 1895//3951 2580//3951 1893//3951
f 2580//3952 2581//3952 1893//3952
f 1893//3953 2581//3953 1891//3953
f 2581//3954 2582//3954 1891//3954
f 1891//3954 2582//3954 1889//3954
f 2582//3955 2583//3955 1889//3955
f 1889//3956 2583//3956 1830//3956
f 2583//3957 2584//3957 1830//3957
f 1830//3958 2584//3958 1831//3958
f 2584//3959 2585//3959 1831//3959
f 1831//3960 2585//3960 1850//3960
f 2585//3961 2586//3961 1850//3961
f 1850//3962 2586//3962 1852//3962
f 2586//3963 2296//3963 1852//3963
f 1852//3964 2296//3964 1854//3964
f 2296//3965 2292//3965 1854//3965
f 1854//3966 2292//3966 2291//3966
f 612//17 488//17 332//17
f 488//17 330//17 332//17
f 363//522 534//522 361//522
f 534//522 400//522 361//522
f 1077//3967 1108//3967 1107//3967
f 1111//3968 1075//3968 1107//3968
f 1075//3968 1076//3968 1107//3968
f 1107//3967 1076//3967 1077//3967
f 1080//3969 1110//3969 1109//3969
f 1108//3970 1077//3970 1109//3970
f 1077//3970 1079//3970 1109//3970
f 1109//3969 1079//3969 1080//3969
f 1110//3971 1080//3971 1103//3971
f 1080//3971 1082//3971 1103//3971
f 1103//3972 1082//3972 1104//3972
f 1082//3972 1083//3972 1104//3972
f 1104//3973 1083//3973 1105//3973
f 1083//3973 1085//3973 1105//3973
f 1105//3974 1085//3974 1106//3974
f 1085//3974 1086//3974 1106//3974
f 1106//3975 1086//3975 1102//3975
f 1086//3975 1088//3975 1102//3975
f 1102//3976 1088//3976 1101//3976
f 1088//3976 1089//3976 1101//3976
f 1089//3977 1091//3977 1101//3977
f 1101//3977 1091//3977 1100//3977
f 1091//3978 1092//3978 1100//3978
f 1100//3978 1092//3978 1099//3978
f 1092//3979 1094//3979 1099//3979
f 1099//3979 1094//3979 1098//3979
f 1094//3980 1095//3980 1098//3980
f 1098//3980 1095//3980 1097//3980
f 1095//3981 169//3981 1097//3981
f 1097//3981 169//3981 1096//3981
f 668//3982 917//3982 1517//3982
f 917//3983 1518//3983 1517//3983
f 1514//3984 1512//3984 1168//3984
f 1512//3985 1511//3985 1168//3985
f 1511//3986 1521//3986 1168//3986
f 1168//1001 1521//1001 917//1001
f 1521//3987 1520//3987 917//3987
f 917//3988 1520//3988 1518//3988
f 1507//3989 1506//3989 1167//3989
f 1506//3990 1516//3990 1167//3990
f 1167//1006 1516//1006 1168//1006
f 1516//3991 1515//3991 1168//3991
f 1168//3992 1515//3992 1514//3992
f 1502//3993 1500//3993 1166//3993
f 1500//3994 1499//3994 1166//3994
f 1499//3995 1510//3995 1166//3995
f 1166//3996 1510//3996 1167//3996
f 1510//3997 1509//3997 1167//3997
f 1167//3998 1509//3998 1507//3998
f 168//1019 174//1019 1159//1019
f 174//3999 1497//3999 1159//3999
f 1159//4000 1497//4000 1498//4000
f 1498//4001 1505//4001 1159//4001
f 1505//4002 1504//4002 1159//4002
f 1159//1015 1504//1015 1166//1015
f 1504//4003 1503//4003 1166//4003
f 1166//4004 1503//4004 1502//4004
