# Blender v3.0.1 OBJ File: 'spot_racket_split.blend'
# www.blender.org
mtllib racket_face.mtl
o racket_face_badminton_racket.001
v 0.005500 0.273946 0.059681
v 0.005500 0.275954 0.058125
v 0.005500 0.273946 -0.059681
v 0.005500 0.275954 -0.058125
v 0.006600 0.117024 -0.075274
v 0.006600 0.117024 0.075274
v 0.005500 0.117024 -0.075274
v 0.005500 0.117024 0.075274
v 0.006600 0.273946 0.059681
v 0.006600 0.273946 -0.059681
v 0.006600 0.275954 0.058125
v 0.006600 0.275954 -0.058125
v 0.005500 0.242561 0.076898
v 0.005500 0.244570 0.076103
v 0.005500 0.242561 -0.076898
v 0.005500 0.244570 -0.076103
v 0.006600 0.244570 0.076103
v 0.006600 0.244570 -0.076103
v 0.005500 0.211177 -0.085437
v 0.005500 0.211177 0.085437
v 0.005500 0.212466 -0.085214
v 0.005500 0.213186 0.085086
v 0.005500 0.213186 -0.085086
v 0.006600 0.213186 -0.085086
v 0.006600 0.213186 0.085086
v 0.006600 0.212466 -0.085214
v 0.006600 0.211177 0.085437
v 0.006600 0.211177 -0.085437
v 0.005500 0.085639 0.056490
v 0.005500 0.087648 0.058125
v 0.005500 0.085639 -0.056490
v 0.005500 0.087648 -0.058125
v 0.007700 0.059545 -0.019960
v 0.007700 0.304057 -0.019960
v 0.007700 0.059664 -0.020315
v 0.007700 0.303352 -0.021969
v 0.007700 0.060250 -0.021969
v 0.006600 0.087648 -0.058125
v 0.006600 0.087648 0.058125
v 0.006600 0.085639 -0.056490
v 0.006600 0.085639 0.056490
v 0.000000 0.047734 -0.001004
v 0.000000 0.047734 0.001004
v 0.000000 0.056951 0.024597
v 0.000000 0.054273 0.029700
v 0.000000 0.060257 0.031884
v 0.000000 0.057736 0.036486
v 0.000000 0.064599 0.039241
v 0.000000 0.059567 0.039546
v 0.000000 0.069843 0.046323
v 0.000000 0.064528 0.046658
v 0.000000 0.074110 0.051169
v 0.000000 0.070401 0.053576
v 0.000000 0.081373 0.058134
v 0.000000 0.261871 -0.072301
v 0.000000 0.272475 -0.065706
v 0.000000 0.276884 -0.067911
v 0.000000 0.274708 -0.064118
v 0.000000 0.285393 -0.061137
v 0.000000 0.283293 -0.057195
v 0.000000 0.292834 -0.053968
v 0.000000 0.290767 -0.049791
v 0.000000 0.295228 -0.051332
v 0.000000 0.296468 -0.042853
v 0.000000 0.300649 -0.044554
v 0.000000 0.077254 0.060291
v 0.000000 0.080008 0.062679
v 0.000000 0.090749 0.065443
v 0.000000 0.089258 0.069702
v 0.000000 0.101324 0.072074
v 0.000000 0.099654 0.076146
v 0.000000 0.103892 0.073477
v 0.000000 0.116614 0.079455
v 0.000000 0.056569 -0.034369
v 0.000000 0.053054 -0.026854
v 0.000000 0.056221 -0.022642
v 0.000000 0.267241 -0.074247
v 0.000000 0.261945 -0.077244
v 0.000000 0.248719 -0.078729
v 0.000000 0.249196 -0.083311
v 0.000000 0.234387 -0.084011
v 0.000000 0.235296 -0.088383
v 0.000000 0.230896 -0.085064
v 0.000000 0.213596 -0.089094
v 0.000000 0.054253 -0.016153
v 0.000000 0.050561 -0.019677
v 0.000000 0.053576 -0.013167
v 0.000000 0.048837 -0.012355
v 0.000000 0.052579 -0.006599
v 0.000000 0.048170 -0.007816
v 0.000000 0.052246 -0.000102
v 0.000000 0.052246 0.000000
v 0.000000 0.052555 0.006358
v 0.000000 0.047996 0.006090
v 0.000000 0.053156 0.010897
v 0.000000 0.048939 0.012906
v 0.000000 0.054692 0.017817
v 0.000000 0.049608 0.016057
v 0.000000 0.051579 0.022897
v 0.000000 0.305183 -0.037663
v 0.000000 0.300549 -0.036821
v 0.000000 0.308890 -0.030656
v 0.000000 0.304365 -0.029847
v 0.000000 0.310270 -0.027532
v 0.000000 0.307371 -0.022672
v 0.000000 0.312730 -0.020716
v 0.000000 0.308280 -0.019954
v 0.000000 0.314460 -0.013942
v 0.000000 0.309981 -0.013386
v 0.000000 0.315501 -0.007182
v 0.000000 0.311008 -0.006745
v 0.000000 0.315875 0.000000
v 0.000000 0.311356 0.000000
v 0.000000 0.315507 0.007123
v 0.000000 0.111250 0.081946
v 0.000000 0.122085 0.086293
v 0.000000 0.131843 0.084812
v 0.000000 0.137213 0.090909
v 0.000000 0.148053 0.088733
v 0.000000 0.153324 0.094206
v 0.000000 0.152578 0.089534
v 0.000000 0.170506 0.091545
v 0.000000 0.311110 0.005676
v 0.000000 0.310793 0.008580
v 0.000000 0.314420 0.014135
v 0.000000 0.309622 0.015023
v 0.000000 0.312620 0.021074
v 0.000000 0.307795 0.021450
v 0.000000 0.311557 0.024223
v 0.000000 0.308329 0.031828
v 0.000000 0.058877 -0.029089
v 0.000000 0.062267 -0.035513
v 0.000000 0.060878 -0.041573
v 0.000000 0.064056 -0.038411
v 0.000000 0.066641 -0.049300
v 0.000000 0.068888 -0.045139
v 0.000000 0.073431 -0.056695
v 0.000000 0.074594 -0.051678
v 0.000000 0.075479 -0.058665
v 0.000000 0.081239 -0.058017
v 0.000000 0.084090 -0.065953
v 0.000000 0.083656 -0.060064
v 0.000000 0.095009 -0.073431
v 0.000000 0.220244 -0.092352
v 0.000000 0.217420 -0.092938
v 0.000000 0.195896 -0.091350
v 0.000000 0.199987 -0.095519
v 0.000000 0.177968 -0.091853
v 0.000000 0.182083 -0.096413
v 0.000000 0.172115 -0.091637
v 0.000000 0.163848 -0.095542
v 0.000000 0.155348 -0.089965
v 0.000000 0.159834 -0.095106
v 0.000000 0.139501 -0.086876
v 0.000000 0.142477 -0.092160
v 0.000000 0.124637 -0.082497
v 0.000000 0.125879 -0.087601
v 0.000000 0.114003 -0.078350
v 0.000000 0.092632 -0.066734
v 0.000000 0.102730 -0.072851
v 0.000000 0.107167 -0.080051
v 0.000000 0.110157 -0.081453
v 0.000000 0.293676 0.053062
v 0.000000 0.288403 0.052306
v 0.000000 0.285705 0.060862
v 0.000000 0.281078 0.059121
v 0.000000 0.276577 0.068133
v 0.000000 0.272711 0.065543
v 0.000000 0.274152 0.069833
v 0.000000 0.262960 0.076693
v 0.000000 0.305275 0.027888
v 0.000000 0.303823 0.030948
v 0.000000 0.304239 0.039220
v 0.000000 0.300070 0.037591
v 0.000000 0.299787 0.045721
v 0.000000 0.295519 0.044110
v 0.000000 0.290110 0.050507
v 0.000000 0.170361 0.096060
v 0.000000 0.176605 0.096340
v 0.000000 0.188417 0.091774
v 0.000000 0.194787 0.095958
v 0.000000 0.205152 0.090394
v 0.000000 0.212790 0.093794
v 0.000000 0.220775 0.087652
v 0.000000 0.230456 0.089821
v 0.000000 0.235299 0.083722
v 0.000000 0.234376 0.088668
v 0.000000 0.248713 0.078732
v 0.000000 0.249245 0.083291
v 0.000000 0.261009 0.072777
v 0.000000 0.263236 0.071531
v 0.007700 0.292127 -0.041930
v 0.007700 0.290520 -0.043938
v 0.007700 0.071476 -0.041930
v 0.007700 0.073082 -0.043938
v 0.006600 0.242561 0.076898
v 0.006600 0.242561 -0.076898
v 0.005500 0.148408 0.084710
v 0.005500 0.150417 0.085086
v 0.005500 0.148408 -0.084710
v 0.005500 0.150417 -0.085086
v 0.004400 0.085403 -0.056293
v 0.004400 0.125956 -0.078703
v 0.004400 0.120836 -0.076818
v 0.008800 0.120836 -0.076818
v 0.004400 0.067947 0.037019
v 0.004400 0.069076 0.038676
v 0.008800 0.069076 0.038676
v 0.008800 0.304057 -0.019960
v 0.008800 0.304388 -0.018939
v 0.007700 0.307330 0.001004
v 0.008800 0.307330 0.001004
v 0.008800 0.307324 0.001342
v 0.007700 0.059545 0.019960
v 0.008800 0.059545 0.019960
v 0.008800 0.058798 0.017568
v 0.007700 0.056264 0.000000
v 0.007700 0.056272 -0.001004
v 0.004400 0.056576 -0.006196
v 0.008800 0.056272 -0.001004
v 0.008800 0.056554 -0.005969
v 0.004400 0.056631 -0.006717
v 0.004400 0.056264 -0.000095
v 0.004400 0.056264 0.000000
v 0.007700 0.056272 0.001004
v 0.004400 0.056554 0.005969
v 0.004400 0.058798 0.017568
v 0.004400 0.060693 0.023138
v 0.007700 0.060250 0.021969
v 0.004400 0.061230 0.024472
v 0.008800 0.060250 0.021969
v 0.008800 0.073082 0.043938
v 0.007700 0.073082 0.043938
v 0.004400 0.074814 0.045974
v 0.008800 0.071476 0.041930
v 0.007700 0.071476 0.041930
v 0.004400 0.072948 0.043775
v 0.004400 0.101924 0.067793
v 0.007700 0.098766 0.065907
v 0.004400 0.093052 0.062151
v 0.007700 0.095621 0.063899
v 0.008800 0.090999 0.060681
v 0.004400 0.090999 0.060681
v 0.008800 0.094873 0.063400
v 0.008800 0.095621 0.063899
v 0.008800 0.259917 0.068791
v 0.004400 0.259082 0.069252
v 0.004400 0.261241 0.068044
v 0.008800 0.264836 0.065907
v 0.008800 0.276410 0.057761
v 0.008800 0.270185 0.062406
v 0.008800 0.267981 0.063899
v 0.007700 0.267981 0.063899
v 0.004400 0.270412 0.062248
v 0.004400 0.276410 0.057761
v 0.008800 0.272342 0.060872
v 0.004400 0.266298 0.064991
v 0.007700 0.266298 0.064991
v 0.007700 0.264836 0.065907
v 0.007700 0.291249 0.043042
v 0.007700 0.290520 0.043938
v 0.004400 0.287162 0.047779
v 0.004400 0.296455 0.035791
v 0.007700 0.292127 0.041930
v 0.004400 0.292334 0.041661
v 0.004400 0.291249 0.043042
v 0.007700 0.303452 0.021696
v 0.007700 0.303352 0.021969
v 0.004400 0.301608 0.026248
v 0.004400 0.305537 0.014836
v 0.007700 0.304057 0.019960
v 0.004400 0.303988 0.020168
v 0.004400 0.303452 0.021696
v 0.008800 0.287469 -0.047445
v 0.008800 0.290520 -0.043938
v 0.008800 0.292127 -0.041930
v 0.008800 0.292334 -0.041661
v 0.008800 0.261241 -0.068044
v 0.008800 0.264836 -0.065907
v 0.007700 0.264836 -0.065907
v 0.004400 0.259917 -0.068791
v 0.004400 0.259240 -0.069165
v 0.008800 0.259240 -0.069165
v 0.004400 0.270185 -0.062406
v 0.007700 0.267981 -0.063899
v 0.004400 0.270583 -0.062129
v 0.008800 0.267981 -0.063899
v 0.008800 0.095121 -0.063566
v 0.008800 0.095621 -0.063899
v 0.007700 0.095621 -0.063899
v 0.004400 0.104653 -0.069324
v 0.007700 0.098766 -0.065907
v 0.008800 0.098766 -0.065907
v 0.004400 0.077496 -0.048901
v 0.004400 0.072036 -0.042644
v 0.004400 0.071208 -0.041582
v 0.008800 0.058563 -0.016743
v 0.008800 0.059545 -0.019960
v 0.008800 0.060250 -0.021969
v 0.004400 0.062460 -0.027268
v 0.004400 0.060004 -0.021292
v 0.004400 0.059664 -0.020315
v 0.004400 0.058150 -0.015177
v 0.008800 0.057748 -0.013476
v 0.008800 0.204636 -0.086410
v 0.008800 0.212466 -0.085214
v 0.004400 0.195586 -0.087345
v 0.004400 0.212466 -0.085214
v 0.004400 0.212888 -0.085139
v 0.004400 0.229779 -0.081205
v 0.004400 0.058563 0.016743
v 0.008800 0.058150 0.015177
v 0.008800 0.057513 0.012367
v 0.004400 0.057209 0.010765
v 0.008800 0.057209 0.010765
v 0.004400 0.057118 0.010234
v 0.008800 0.056576 0.006196
v 0.008800 0.056272 0.001004
v 0.008800 0.067430 0.036230
v 0.008800 0.065729 0.033475
v 0.004400 0.064608 0.031504
v 0.008800 0.064608 0.031504
v 0.004400 0.063822 0.030032
v 0.008800 0.062515 0.027385
v 0.008800 0.061230 0.024472
v 0.004400 0.084010 0.055102
v 0.008800 0.083880 0.054990
v 0.004400 0.082041 0.053346
v 0.008800 0.082041 0.053346
v 0.004400 0.077033 0.048413
v 0.008800 0.077496 0.048901
v 0.008800 0.074814 0.045974
v 0.008800 0.086208 0.056961
v 0.008800 0.104653 0.069324
v 0.008800 0.101924 0.067793
v 0.008800 0.098766 0.065907
v 0.004400 0.114992 0.074399
v 0.008800 0.114992 0.074399
v 0.004400 0.105780 0.069932
v 0.004400 0.103290 0.068570
v 0.004400 0.118143 0.075740
v 0.004400 0.130244 0.080123
v 0.005500 0.119032 0.076103
v 0.008800 0.115603 0.074666
v 0.006600 0.119032 0.076103
v 0.008800 0.125956 0.078703
v 0.008800 0.130244 0.080123
v 0.004400 0.132982 0.080959
v 0.008800 0.140454 0.082973
v 0.004400 0.147487 0.084530
v 0.008800 0.147487 0.084530
v 0.004400 0.153226 0.085570
v 0.004400 0.148806 0.084787
v 0.006600 0.150417 0.085086
v 0.008800 0.155933 0.085990
v 0.006600 0.148408 0.084710
v 0.008800 0.166232 0.087198
v 0.004400 0.166232 0.087198
v 0.008800 0.172327 0.087626
v 0.006600 0.181801 0.087876
v 0.005500 0.181801 0.087876
v 0.004400 0.185712 0.087834
v 0.005500 0.179793 0.087865
v 0.004400 0.170754 0.087535
v 0.006600 0.179793 0.087865
v 0.008800 0.178052 0.087837
v 0.008800 0.185712 0.087834
v 0.008800 0.195586 0.087345
v 0.004400 0.188272 0.087759
v 0.008800 0.205005 0.086362
v 0.004400 0.204636 0.086410
v 0.004400 0.205005 0.086362
v 0.004400 0.234073 0.079896
v 0.004400 0.239714 0.077967
v 0.008800 0.239714 0.077967
v 0.008800 0.223227 0.082954
v 0.008800 0.212888 0.085139
v 0.004400 0.219901 0.083732
v 0.004400 0.223227 0.082954
v 0.008800 0.229779 0.081205
v 0.008800 0.233184 0.080178
v 0.004400 0.254101 0.071839
v 0.008800 0.254101 0.071839
v 0.004400 0.247136 0.075037
v 0.008800 0.247142 0.075035
v 0.008800 0.290520 0.043938
v 0.008800 0.287791 0.047092
v 0.004400 0.285525 0.049503
v 0.008800 0.284645 0.050394
v 0.004400 0.284645 0.050394
v 0.004400 0.278484 0.056052
v 0.008800 0.280617 0.054199
v 0.008800 0.292127 0.041930
v 0.008800 0.293240 0.040461
v 0.008800 0.296455 0.035791
v 0.004400 0.296670 0.035450
v 0.008800 0.297126 0.034718
v 0.004400 0.300233 0.029145
v 0.008800 0.300467 0.028675
v 0.004400 0.300467 0.028675
v 0.008800 0.300746 0.028102
v 0.008800 0.303352 0.021969
v 0.008800 0.304057 0.019960
v 0.008800 0.304445 0.018757
v 0.008800 0.305537 0.014836
v 0.004400 0.305709 0.014113
v 0.008800 0.306047 0.012573
v 0.004400 0.306810 0.008057
v 0.004400 0.307104 -0.005372
v 0.007700 0.307330 -0.001004
v 0.004400 0.307339 0.000000
v 0.004400 0.307324 0.001342
v 0.004400 0.307108 0.005329
v 0.008800 0.307012 0.006333
v 0.008800 0.306809 0.008064
v 0.008800 0.307330 -0.001004
v 0.008800 0.307108 -0.005329
v 0.008800 0.307104 -0.005372
v 0.004400 0.307012 -0.006333
v 0.008800 0.306810 -0.008057
v 0.004400 0.306139 -0.012119
v 0.008800 0.306139 -0.012119
v 0.004400 0.306047 -0.012573
v 0.008800 0.305709 -0.014113
v 0.004400 0.304445 -0.018757
v 0.004400 0.304388 -0.018939
v 0.004400 0.303588 -0.021321
v 0.004400 0.301777 -0.025867
v 0.008800 0.303352 -0.021969
v 0.004400 0.300746 -0.028102
v 0.008800 0.301608 -0.026248
v 0.008800 0.301777 -0.025867
v 0.004400 0.293487 -0.040127
v 0.008800 0.293487 -0.040127
v 0.004400 0.297126 -0.034718
v 0.008800 0.296670 -0.035450
v 0.004400 0.298193 -0.032927
v 0.008800 0.298193 -0.032927
v 0.008800 0.300233 -0.029145
v 0.008800 0.279916 -0.054820
v 0.008800 0.285525 -0.049503
v 0.004400 0.287469 -0.047445
v 0.008800 0.287162 -0.047779
v 0.004400 0.287791 -0.047092
v 0.004400 0.293240 -0.040461
v 0.008800 0.270412 -0.062248
v 0.008800 0.270583 -0.062129
v 0.004400 0.272342 -0.060872
v 0.004400 0.279916 -0.054820
v 0.004400 0.280617 -0.054199
v 0.008800 0.278484 -0.056052
v 0.004400 0.245732 -0.075628
v 0.008800 0.245732 -0.075628
v 0.004400 0.247142 -0.075035
v 0.008800 0.247136 -0.075037
v 0.008800 0.259082 -0.069252
v 0.004400 0.233184 -0.080178
v 0.004400 0.230058 -0.081124
v 0.008800 0.230058 -0.081124
v 0.008800 0.219901 -0.083732
v 0.008800 0.234073 -0.079896
v 0.006600 0.179793 -0.087865
v 0.005500 0.179793 -0.087865
v 0.004400 0.178052 -0.087837
v 0.005500 0.181801 -0.087876
v 0.004400 0.193504 -0.087494
v 0.006600 0.181801 -0.087876
v 0.008800 0.173986 -0.087706
v 0.008800 0.188272 -0.087759
v 0.008800 0.193504 -0.087494
v 0.004400 0.173986 -0.087706
v 0.008800 0.170754 -0.087535
v 0.004400 0.172327 -0.087626
v 0.004400 0.155933 -0.085990
v 0.008800 0.154842 -0.085826
v 0.004400 0.154842 -0.085826
v 0.008800 0.153226 -0.085570
v 0.006600 0.150417 -0.085086
v 0.008800 0.148806 -0.084787
v 0.006600 0.148408 -0.084710
v 0.008800 0.136923 -0.082069
v 0.004400 0.136923 -0.082069
v 0.008800 0.132982 -0.080959
v 0.004400 0.140454 -0.082973
v 0.008800 0.103290 -0.068570
v 0.008800 0.105780 -0.069932
v 0.004400 0.106888 -0.070515
v 0.008800 0.106888 -0.070515
v 0.004400 0.115603 -0.074666
v 0.005500 0.119032 -0.076103
v 0.006600 0.119032 -0.076103
v 0.008800 0.118143 -0.075740
v 0.004400 0.086208 -0.056961
v 0.004400 0.094873 -0.063400
v 0.004400 0.095121 -0.063566
v 0.008800 0.093052 -0.062151
v 0.008800 0.085403 -0.056293
v 0.008800 0.073082 -0.043938
v 0.008800 0.077033 -0.048413
v 0.004400 0.077513 -0.048919
v 0.008800 0.077513 -0.048919
v 0.004400 0.083880 -0.054990
v 0.008800 0.084010 -0.055102
v 0.008800 0.071476 -0.041930
v 0.008800 0.071208 -0.041582
v 0.008800 0.067947 -0.037019
v 0.004400 0.067430 -0.036230
v 0.008800 0.066256 -0.034356
v 0.004400 0.066256 -0.034356
v 0.004400 0.065729 -0.033475
v 0.008800 0.063822 -0.030032
v 0.004400 0.062515 -0.027385
v 0.008800 0.062460 -0.027268
v 0.008800 0.060693 -0.023138
v 0.004400 0.057748 -0.013476
v 0.004400 0.057513 -0.012367
v 0.008800 0.057118 -0.010234
v 0.008800 0.056631 -0.006717
v 0.008800 0.043883 0.005022
v 0.004400 0.043883 0.005022
v 0.008800 0.170114 -0.100070
v 0.008800 0.165922 -0.099764
v 0.004400 0.165922 -0.099764
v 0.008800 0.054246 -0.038477
v 0.008800 0.053680 -0.037468
v 0.004400 0.053680 -0.037468
v 0.004400 0.053023 -0.036257
v 0.004400 0.049331 -0.028361
v 0.004400 0.049682 -0.029215
v 0.008800 0.049682 -0.029215
v 0.008800 0.043883 -0.005021
v 0.004400 0.043883 -0.005021
v 0.008800 0.043994 -0.006443
v 0.004400 0.044179 -0.008269
v 0.008800 0.044874 -0.013015
v 0.004400 0.044874 -0.013015
v 0.004400 0.044884 -0.013068
v 0.004400 0.046783 -0.021070
v 0.008800 0.047777 -0.024194
v 0.008800 0.046783 -0.021070
v 0.004400 0.046704 -0.020800
v 0.008800 0.045698 -0.016979
v 0.008800 0.044991 -0.013650
v 0.008800 0.050612 -0.031354
v 0.008800 0.056164 -0.041680
v 0.004400 0.057535 -0.043801
v 0.008800 0.058924 -0.045827
v 0.004400 0.058924 -0.045827
v 0.008800 0.061346 -0.049110
v 0.004400 0.063549 -0.051864
v 0.008800 0.065598 -0.054259
v 0.004400 0.065598 -0.054259
v 0.008800 0.067461 -0.056314
v 0.004400 0.070608 -0.059554
v 0.008800 0.073913 -0.062686
v 0.008800 0.084094 -0.070969
v 0.008800 0.077425 -0.065756
v 0.004400 0.073913 -0.062686
v 0.004400 0.072733 -0.061597
v 0.008800 0.074573 -0.063282
v 0.004400 0.081647 -0.069142
v 0.004400 0.084094 -0.070969
v 0.008800 0.086983 -0.073013
v 0.008800 0.096342 -0.078888
v 0.004400 0.092913 -0.076858
v 0.004400 0.096342 -0.078888
v 0.008800 0.097695 -0.079653
v 0.008800 0.109614 -0.085615
v 0.004400 0.105421 -0.083669
v 0.004400 0.108491 -0.085109
v 0.008800 0.110785 -0.086132
v 0.004400 0.110785 -0.086132
v 0.008800 0.120729 -0.090074
v 0.004400 0.124617 -0.091414
v 0.008800 0.127403 -0.092309
v 0.004400 0.127403 -0.092309
v 0.008800 0.136223 -0.094802
v 0.004400 0.141609 -0.096082
v 0.008800 0.145952 -0.096987
v 0.004400 0.145952 -0.096987
v 0.008800 0.152701 -0.098175
v 0.004400 0.159356 -0.099094
v 0.004400 0.163458 -0.099540
v 0.008800 0.176493 -0.100356
v 0.004400 0.182089 -0.100430
v 0.008800 0.186564 -0.100370
v 0.004400 0.186564 -0.100370
v 0.008800 0.195068 -0.099965
v 0.004400 0.200381 -0.099517
v 0.008800 0.207002 -0.098743
v 0.004400 0.207002 -0.098743
v 0.008800 0.213469 -0.097754
v 0.004400 0.218203 -0.096878
v 0.008800 0.226398 -0.095048
v 0.004400 0.221092 -0.096279
v 0.004400 0.226398 -0.095048
v 0.008800 0.231542 -0.093688
v 0.004400 0.236498 -0.092216
v 0.008800 0.235556 -0.092508
v 0.008800 0.244106 -0.089627
v 0.004400 0.244106 -0.089627
v 0.008800 0.250799 -0.086995
v 0.004400 0.250749 -0.087016
v 0.008800 0.259738 -0.082906
v 0.004400 0.259738 -0.082906
v 0.008800 0.264890 -0.080216
v 0.004400 0.263846 -0.080782
v 0.008800 0.273163 -0.075307
v 0.004400 0.269297 -0.077698
v 0.004400 0.273163 -0.075307
v 0.008800 0.276421 -0.073149
v 0.004400 0.279241 -0.071164
v 0.008800 0.278923 -0.071393
v 0.008800 0.284438 -0.067188
v 0.004400 0.284438 -0.067188
v 0.008800 0.288363 -0.063875
v 0.004400 0.288040 -0.064159
v 0.008800 0.293733 -0.058817
v 0.004400 0.293733 -0.058817
v 0.008800 0.296635 -0.055780
v 0.004400 0.295760 -0.056721
v 0.004400 0.298249 -0.053980
v 0.008800 0.301265 -0.050374
v 0.004400 0.301265 -0.050374
v 0.008800 0.302999 -0.048133
v 0.004400 0.303899 -0.046915
v 0.008800 0.307257 -0.041969
v 0.004400 0.307257 -0.041969
v 0.008800 0.307651 -0.041339
v 0.004400 0.308640 -0.039709
v 0.008800 0.311907 -0.033657
v 0.004400 0.311907 -0.033657
v 0.008800 0.311940 -0.033590
v 0.004400 0.312528 -0.032359
v 0.008800 0.315334 -0.025591
v 0.004400 0.313979 -0.029074
v 0.008800 0.315383 -0.025454
v 0.004400 0.315383 -0.025454
v 0.008800 0.316454 -0.022273
v 0.004400 0.316570 -0.021896
v 0.008800 0.317815 -0.017354
v 0.004400 0.317815 -0.017354
v 0.008800 0.318354 -0.014949
v 0.004400 0.318396 -0.014746
v 0.008800 0.319295 -0.009332
v 0.004400 0.319295 -0.009332
v 0.008800 0.319503 -0.007536
v 0.004400 0.319497 -0.007599
v 0.008800 0.319880 -0.001354
v 0.004400 0.319880 -0.001354
v 0.008800 0.319892 0.000000
v 0.004400 0.319892 0.000000
v 0.008800 0.319592 0.006617
v 0.004400 0.319592 0.006617
v 0.008800 0.319497 0.007599
v 0.004400 0.319503 0.007536
v 0.008800 0.318421 0.014620
v 0.004400 0.318421 0.014620
v 0.008800 0.318396 0.014746
v 0.004400 0.318354 0.014949
v 0.008800 0.316570 0.021896
v 0.004400 0.316454 0.022273
v 0.008800 0.316322 0.022691
v 0.004400 0.316322 0.022691
v 0.004400 0.315334 0.025591
v 0.008800 0.313979 0.029074
v 0.004400 0.313213 0.030856
v 0.008800 0.313213 0.030856
v 0.008800 0.312528 0.032359
v 0.004400 0.311940 0.033590
v 0.008800 0.308979 0.039131
v 0.004400 0.308979 0.039131
v 0.008800 0.308640 0.039709
v 0.004400 0.307651 0.041339
v 0.008800 0.303899 0.046915
v 0.004400 0.303464 0.047509
v 0.008800 0.303464 0.047509
v 0.004400 0.302999 0.048133
v 0.008800 0.298249 0.053980
v 0.004400 0.296635 0.055780
v 0.008800 0.296480 0.055948
v 0.004400 0.296480 0.055948
v 0.008800 0.295760 0.056721
v 0.004400 0.288363 0.063875
v 0.008800 0.288040 0.064159
v 0.008800 0.287809 0.064360
v 0.004400 0.287809 0.064360
v 0.008800 0.279241 0.071164
v 0.004400 0.278923 0.071393
v 0.008800 0.277230 0.072591
v 0.004400 0.277230 0.072591
v 0.004400 0.276421 0.073149
v 0.008800 0.269297 0.077698
v 0.004400 0.264890 0.080216
v 0.008800 0.264550 0.080402
v 0.004400 0.264550 0.080402
v 0.008800 0.263846 0.080782
v 0.004400 0.250799 0.086995
v 0.008800 0.250749 0.087016
v 0.008800 0.249664 0.087466
v 0.004400 0.249664 0.087466
v 0.008800 0.236498 0.092216
v 0.004400 0.235556 0.092508
v 0.008800 0.232632 0.093379
v 0.004400 0.232632 0.093379
v 0.004400 0.231542 0.093688
v 0.008800 0.221092 0.096279
v 0.004400 0.213749 0.097705
v 0.008800 0.218203 0.096878
v 0.008800 0.213749 0.097705
v 0.004400 0.213469 0.097754
v 0.008800 0.200381 0.099517
v 0.004400 0.195068 0.099965
v 0.008800 0.193578 0.100064
v 0.004400 0.193578 0.100064
v 0.008800 0.182089 0.100430
v 0.004400 0.176493 0.100356
v 0.008800 0.172906 0.100221
v 0.004400 0.172906 0.100221
v 0.008800 0.163458 0.099540
v 0.004400 0.170114 0.100070
v 0.008800 0.159356 0.099095
v 0.004400 0.152701 0.098175
v 0.008800 0.152614 0.098161
v 0.004400 0.152614 0.098161
v 0.008800 0.141609 0.096082
v 0.004400 0.136223 0.094802
v 0.008800 0.133511 0.094089
v 0.004400 0.133511 0.094089
v 0.008800 0.124617 0.091414
v 0.004400 0.120729 0.090074
v 0.008800 0.116196 0.088372
v 0.004400 0.116196 0.088372
v 0.008800 0.108491 0.085109
v 0.004400 0.109614 0.085615
v 0.008800 0.105421 0.083669
v 0.008800 0.101002 0.081444
v 0.004400 0.101002 0.081444
v 0.008800 0.092913 0.076858
v 0.004400 0.097695 0.079653
v 0.008800 0.088016 0.073715
v 0.004400 0.088016 0.073715
v 0.004400 0.086983 0.073013
v 0.008800 0.081647 0.069142
v 0.004400 0.077425 0.065756
v 0.008800 0.077153 0.065527
v 0.004400 0.077153 0.065527
v 0.008800 0.072733 0.061597
v 0.004400 0.074573 0.063282
v 0.008800 0.070608 0.059554
v 0.004400 0.068229 0.057129
v 0.008800 0.068229 0.057129
v 0.004400 0.067461 0.056314
v 0.008800 0.063549 0.051864
v 0.004400 0.061346 0.049110
v 0.008800 0.061022 0.048687
v 0.004400 0.061022 0.048687
v 0.008800 0.057535 0.043801
v 0.004400 0.056164 0.041680
v 0.008800 0.055314 0.040298
v 0.004400 0.055314 0.040298
v 0.004400 0.054246 0.038477
v 0.008800 0.053023 0.036257
v 0.008800 0.050911 0.032007
v 0.004400 0.050911 0.032007
v 0.004400 0.050612 0.031354
v 0.008800 0.049331 0.028361
v 0.008800 0.047652 0.023827
v 0.004400 0.047777 0.024194
v 0.004400 0.047652 0.023827
v 0.008800 0.046704 0.020800
v 0.008800 0.045417 0.015744
v 0.004400 0.045698 0.016979
v 0.004400 0.045417 0.015744
v 0.008800 0.044884 0.013068
v 0.004400 0.044991 0.013650
v 0.008800 0.044179 0.008269
v 0.004400 0.043994 0.006443
v 0.004400 0.044120 0.007734
v 0.008800 0.303988 -0.020168
v 0.008800 0.072948 -0.043775
v 0.008800 0.303588 0.021321
v 0.008800 0.060004 0.021292
v 0.000160 0.046685 0.002077
v 0.000042 0.047189 0.001560
v 0.000000 0.047714 0.001025
v 0.000683 0.045647 0.003155
v 0.000443 0.046024 0.002761
v 0.000248 0.046437 0.002333
v 0.000215 0.046522 0.002245
v 0.000215 0.046522 0.002245
v 0.001402 0.044895 0.003945
v 0.001113 0.045151 0.003675
v 0.000965 0.045303 0.003514
v 0.000839 0.045447 0.003364
v 0.000839 0.045447 0.003364
v 0.002510 0.044247 0.004632
v 0.002032 0.044474 0.004390
v 0.001813 0.044603 0.004254
v 0.001709 0.044670 0.004183
v 0.003859 0.043911 0.004991
v 0.003227 0.044018 0.004876
v 0.003039 0.044067 0.004825
v 0.002827 0.044131 0.004756
v 0.003040 0.057320 -0.012406
v 0.003040 0.057959 -0.015224
v 0.003040 0.059819 -0.021358
v 0.003040 0.062337 -0.027468
v 0.003040 0.065560 -0.033575
v 0.003040 0.067265 -0.036337
v 0.003040 0.071882 -0.042766
v 0.003040 0.077354 -0.049037
v 0.003040 0.083751 -0.055138
v 0.003040 0.086083 -0.057113
v 0.003040 0.094763 -0.063563
v 0.003040 0.104559 -0.069497
v 0.003040 0.115525 -0.074846
v 0.003040 0.125892 -0.078888
v 0.003040 0.140407 -0.083164
v 0.003040 0.155905 -0.086185
v 0.003040 0.172317 -0.087822
v 0.003040 0.178048 -0.088034
v 0.003040 0.195601 -0.087541
v 0.003040 0.212923 -0.085333
v 0.003040 0.229834 -0.081394
v 0.003040 0.233242 -0.080366
v 0.003040 0.247220 -0.075215
v 0.003040 0.260013 -0.068963
v 0.003040 0.270297 -0.062567
v 0.003040 0.272458 -0.061031
v 0.003040 0.280748 -0.054346
v 0.003040 0.287936 -0.047224
v 0.003040 0.293398 -0.040578
v 0.003040 0.297294 -0.034821
v 0.003040 0.300923 -0.028188
v 0.003040 0.303773 -0.021387
v 0.003040 0.304633 -0.018816
v 0.003040 0.306240 -0.012613
v 0.003040 0.307208 -0.006353
v 0.003040 0.307535 0.000000
v 0.003040 0.307303 0.005346
v 0.003040 0.307005 0.008082
v 0.003040 0.305901 0.014158
v 0.003040 0.304174 0.020231
v 0.003040 0.301787 0.026328
v 0.003040 0.300409 0.029233
v 0.003040 0.296837 0.035555
v 0.003040 0.292490 0.041780
v 0.003040 0.287306 0.047912
v 0.003040 0.285666 0.049640
v 0.003040 0.278611 0.056203
v 0.003040 0.270525 0.062409
v 0.003040 0.261339 0.068215
v 0.003040 0.259176 0.069424
v 0.003040 0.247214 0.075218
v 0.003040 0.234133 0.080083
v 0.003040 0.219943 0.083923
v 0.003040 0.204661 0.086605
v 0.003040 0.188279 0.087956
v 0.003040 0.170742 0.087732
v 0.003040 0.153195 0.085764
v 0.003040 0.148769 0.084980
v 0.003040 0.132926 0.081148
v 0.003040 0.118069 0.075922
v 0.003040 0.105688 0.070105
v 0.003040 0.103194 0.068742
v 0.003040 0.092939 0.062312
v 0.003040 0.083881 0.055251
v 0.003040 0.076890 0.048548
v 0.003040 0.072796 0.043900
v 0.003040 0.067783 0.037128
v 0.003040 0.063648 0.030123
v 0.003040 0.060510 0.023209
v 0.003040 0.058374 0.016796
v 0.003040 0.056924 0.010266
v 0.003040 0.056067 -0.000096
v 0.003040 0.056358 0.005988
v 0.003040 0.056380 -0.006215
v 0.001814 0.055813 -0.006273
v 0.001814 0.055496 -0.000097
v 0.001814 0.055790 0.006043
v 0.001814 0.056361 0.010361
v 0.001814 0.057824 0.016948
v 0.001814 0.059979 0.023417
v 0.001814 0.063141 0.030386
v 0.001814 0.067307 0.037444
v 0.001814 0.072355 0.044262
v 0.001814 0.076475 0.048939
v 0.001814 0.083506 0.055681
v 0.001814 0.092612 0.062780
v 0.001814 0.102915 0.069239
v 0.001814 0.105420 0.070609
v 0.001814 0.117851 0.076450
v 0.001814 0.132764 0.081695
v 0.001814 0.148662 0.085540
v 0.001814 0.153102 0.086327
v 0.001814 0.170707 0.088301
v 0.001814 0.188300 0.088526
v 0.001814 0.204734 0.087171
v 0.001814 0.220067 0.084480
v 0.001814 0.234307 0.080627
v 0.001814 0.247437 0.075743
v 0.001814 0.259450 0.069925
v 0.001814 0.261622 0.068710
v 0.001814 0.270851 0.062877
v 0.001814 0.278980 0.056638
v 0.001814 0.286074 0.050038
v 0.001814 0.287725 0.048300
v 0.001814 0.292943 0.042128
v 0.001814 0.297320 0.035859
v 0.001814 0.300919 0.029490
v 0.001814 0.302308 0.026561
v 0.001814 0.304715 0.020413
v 0.001814 0.306456 0.014287
v 0.001814 0.307571 0.008157
v 0.001814 0.307872 0.005395
v 0.001814 0.308106 0.000000
v 0.001814 0.307775 -0.006412
v 0.001814 0.306798 -0.012728
v 0.001814 0.305178 -0.018986
v 0.001814 0.304310 -0.021579
v 0.001814 0.301437 -0.028436
v 0.001814 0.297780 -0.035119
v 0.001814 0.293857 -0.040918
v 0.001814 0.288359 -0.047608
v 0.001814 0.281128 -0.054772
v 0.001814 0.272794 -0.061492
v 0.001814 0.270622 -0.063036
v 0.001814 0.260290 -0.069461
v 0.001814 0.247444 -0.075740
v 0.001814 0.233413 -0.080910
v 0.001814 0.229992 -0.081942
v 0.001814 0.213023 -0.085895
v 0.001814 0.195645 -0.088110
v 0.001814 0.178036 -0.088604
v 0.001814 0.172286 -0.088392
v 0.001814 0.155822 -0.086749
v 0.001814 0.140272 -0.083718
v 0.001814 0.125704 -0.079427
v 0.001814 0.115298 -0.075369
v 0.001814 0.104286 -0.069998
v 0.001814 0.094445 -0.064037
v 0.001814 0.085720 -0.057554
v 0.001814 0.083376 -0.055568
v 0.001814 0.076942 -0.049431
v 0.001814 0.071434 -0.043120
v 0.001814 0.066785 -0.036647
v 0.001814 0.065068 -0.033864
v 0.001814 0.061820 -0.027710
v 0.001814 0.059282 -0.021550
v 0.001814 0.057406 -0.015363
v 0.001814 0.056761 -0.012520
v 0.000840 0.054928 -0.006362
v 0.000840 0.054608 -0.000098
v 0.000840 0.054905 0.006129
v 0.000840 0.055485 0.010507
v 0.000840 0.056968 0.017186
v 0.000840 0.059151 0.023739
v 0.000840 0.062353 0.030795
v 0.000840 0.066567 0.037935
v 0.000840 0.071668 0.044825
v 0.000840 0.075828 0.049549
v 0.000840 0.082923 0.056352
v 0.000840 0.092102 0.063508
v 0.000840 0.102480 0.070014
v 0.000840 0.105002 0.071393
v 0.000840 0.117513 0.077272
v 0.000840 0.132512 0.082547
v 0.000840 0.148496 0.086413
v 0.000840 0.152959 0.087204
v 0.000840 0.170652 0.089188
v 0.000840 0.188332 0.089414
v 0.000840 0.204848 0.088053
v 0.000840 0.220261 0.085348
v 0.000840 0.234578 0.081473
v 0.000840 0.247786 0.076560
v 0.000840 0.259876 0.070705
v 0.000840 0.262064 0.069481
v 0.000840 0.271360 0.063606
v 0.000840 0.279553 0.057317
v 0.000840 0.286711 0.050658
v 0.000840 0.288377 0.048903
v 0.000840 0.293647 0.042670
v 0.000840 0.298072 0.036333
v 0.000840 0.301713 0.029888
v 0.000840 0.303119 0.026924
v 0.000840 0.305557 0.020697
v 0.000840 0.307322 0.014488
v 0.000840 0.308452 0.008272
v 0.000840 0.308757 0.005472
v 0.000840 0.308995 0.000000
v 0.000840 0.308659 -0.006503
v 0.000840 0.307669 -0.012908
v 0.000840 0.306026 -0.019251
v 0.000840 0.305147 -0.021878
v 0.000840 0.302238 -0.028822
v 0.000840 0.298537 -0.035584
v 0.000840 0.294571 -0.041447
v 0.000840 0.289017 -0.048205
v 0.000840 0.281720 -0.055434
v 0.000840 0.273318 -0.062210
v 0.000840 0.271129 -0.063766
v 0.000840 0.260723 -0.070238
v 0.000840 0.247792 -0.076558
v 0.000840 0.233680 -0.081758
v 0.000840 0.230240 -0.082796
v 0.000840 0.213180 -0.086769
v 0.000840 0.195714 -0.088996
v 0.000840 0.178018 -0.089493
v 0.000840 0.172239 -0.089279
v 0.000840 0.155692 -0.087629
v 0.000840 0.140061 -0.084582
v 0.000840 0.125413 -0.080267
v 0.000840 0.114944 -0.076185
v 0.000840 0.103860 -0.070778
v 0.000840 0.093949 -0.064774
v 0.000840 0.085156 -0.058240
v 0.000840 0.082792 -0.056238
v 0.000840 0.076300 -0.050045
v 0.000840 0.070738 -0.043673
v 0.000840 0.066039 -0.037129
v 0.000840 0.064302 -0.034315
v 0.000840 0.061015 -0.028087
v 0.000840 0.058445 -0.021849
v 0.000840 0.056544 -0.015579
v 0.000840 0.055890 -0.012697
v 0.000215 0.053814 -0.006475
v 0.000215 0.053488 -0.000100
v 0.000215 0.053791 0.006238
v 0.000215 0.054380 0.010692
v 0.000215 0.055888 0.017485
v 0.000215 0.058107 0.024146
v 0.000215 0.061359 0.031312
v 0.000215 0.065634 0.038554
v 0.000215 0.070802 0.045536
v 0.000215 0.075013 0.050317
v 0.000215 0.082188 0.057197
v 0.000215 0.091460 0.064426
v 0.000215 0.101932 0.070991
v 0.000215 0.104475 0.072382
v 0.000215 0.117086 0.078307
v 0.000215 0.132195 0.083621
v 0.000215 0.148286 0.087513
v 0.000215 0.152778 0.088309
v 0.000215 0.170583 0.090306
v 0.000215 0.188372 0.090533
v 0.000215 0.204992 0.089163
v 0.000215 0.220505 0.086441
v 0.000215 0.234920 0.082539
v 0.000215 0.248226 0.077590
v 0.000215 0.260413 0.071687
v 0.000215 0.262620 0.070453
v 0.000215 0.272000 0.064524
v 0.000215 0.280276 0.058172
v 0.000215 0.287513 0.051439
v 0.000215 0.289199 0.049664
v 0.000215 0.294535 0.043353
v 0.000215 0.299019 0.036929
v 0.000215 0.302714 0.030391
v 0.000215 0.304142 0.027381
v 0.000215 0.306618 0.021054
v 0.000215 0.308413 0.014742
v 0.000215 0.309562 0.008419
v 0.000215 0.309873 0.005569
v 0.000215 0.310114 0.000000
v 0.000215 0.309773 -0.006618
v 0.000215 0.308765 -0.013134
v 0.000215 0.307095 -0.019585
v 0.000215 0.306202 -0.022255
v 0.000215 0.303247 -0.029308
v 0.000215 0.299491 -0.036171
v 0.000215 0.295470 -0.042114
v 0.000215 0.289847 -0.048957
v 0.000215 0.282466 -0.056270
v 0.000215 0.273977 -0.063115
v 0.000215 0.271768 -0.064686
v 0.000215 0.261267 -0.071216
v 0.000215 0.248232 -0.077588
v 0.000215 0.234015 -0.082827
v 0.000215 0.230551 -0.083872
v 0.000215 0.213377 -0.087872
v 0.000215 0.195800 -0.090112
v 0.000215 0.177994 -0.090612
v 0.000215 0.172180 -0.090398
v 0.000215 0.155529 -0.088737
v 0.000215 0.139795 -0.085670
v 0.000215 0.125045 -0.081324
v 0.000215 0.114497 -0.077212
v 0.000215 0.103324 -0.071761
v 0.000215 0.093325 -0.065704
v 0.000215 0.084445 -0.059105
v 0.000215 0.082055 -0.057081
v 0.000215 0.075491 -0.050820
v 0.000215 0.069861 -0.044368
v 0.000215 0.065099 -0.037737
v 0.000215 0.063337 -0.034883
v 0.000215 0.060001 -0.028563
v 0.000215 0.057390 -0.022225
v 0.000215 0.055457 -0.015851
v 0.000215 0.054793 -0.012920
v 0.008800 0.056264 0.000095
v 0.008800 0.307339 0.000000
v 0.001798 0.044769 0.006374
v 0.003032 0.044193 0.006425
v 0.000822 0.045667 0.006295
v 0.000201 0.046799 0.006195
v 0.000009 0.047481 -0.001261
v 0.000088 0.046951 -0.001804
v 0.000811 0.045481 -0.003328
v 0.000525 0.045884 -0.002907
v 0.000203 0.046971 -0.007952
v 0.000296 0.046322 -0.002452
v 0.000248 0.046437 -0.002333
v 0.000215 0.046522 -0.002245
v 0.000215 0.046522 -0.002245
v 0.001514 0.044808 -0.004037
v 0.001190 0.045077 -0.003752
v 0.000823 0.045846 -0.008080
v 0.001113 0.045151 -0.003675
v 0.000840 0.045446 -0.003365
v 0.002875 0.044115 -0.004773
v 0.002535 0.044237 -0.004643
v 0.001798 0.044952 -0.008181
v 0.002198 0.044388 -0.004482
v 0.001865 0.044571 -0.004288
v 0.001813 0.044603 -0.004254
v 0.004068 0.043893 -0.005010
v 0.003741 0.043925 -0.004976
v 0.003031 0.044377 -0.008247
v 0.003227 0.044018 -0.004876
v 0.003039 0.044067 -0.004825
v 0.003026 0.045893 0.016933
v 0.003028 0.045188 0.013614
v 0.003022 0.047968 0.024129
v 0.003021 0.050796 0.031271
v 0.003028 0.054421 0.038378
v 0.003027 0.056334 0.041573
v 0.003022 0.061506 0.048987
v 0.003022 0.067609 0.056176
v 0.003029 0.074707 0.063134
v 0.003027 0.077553 0.065602
v 0.003021 0.087098 0.072846
v 0.003022 0.097794 0.079477
v 0.003023 0.109696 0.085431
v 0.003023 0.120797 0.089884
v 0.003021 0.136273 0.094606
v 0.003021 0.152733 0.097975
v 0.003028 0.170127 0.099870
v 0.003027 0.176498 0.100155
v 0.003020 0.195054 0.099763
v 0.003019 0.213434 0.097554
v 0.003028 0.231489 0.093495
v 0.003028 0.235497 0.092317
v 0.003020 0.250720 0.086808
v 0.003019 0.264793 0.080038
v 0.003029 0.276308 0.072984
v 0.003028 0.278806 0.071231
v 0.003020 0.288229 0.063723
v 0.003020 0.296486 0.055642
v 0.003022 0.302837 0.048012
v 0.003021 0.307479 0.041233
v 0.003020 0.311757 0.033501
v 0.003026 0.315145 0.025522
v 0.003026 0.316262 0.022213
v 0.003021 0.318156 0.014908
v 0.003020 0.319301 0.007515
v 0.003020 0.319690 -0.000000
v 0.003020 0.319295 -0.007578
v 0.003021 0.318198 -0.014705
v 0.003021 0.316377 -0.021837
v 0.003027 0.313794 -0.028998
v 0.003026 0.312346 -0.032273
v 0.003022 0.308466 -0.039606
v 0.003022 0.303736 -0.046796
v 0.003028 0.298099 -0.053849
v 0.003027 0.295614 -0.056583
v 0.003021 0.287907 -0.064006
v 0.003027 0.269194 -0.077526
v 0.003022 0.279122 -0.071000
v 0.003026 0.263751 -0.080605
v 0.003021 0.250670 -0.086829
v 0.003031 0.221049 -0.096084
v 0.003021 0.236438 -0.092023
v 0.003029 0.218164 -0.096682
v 0.003020 0.200362 -0.099315
v 0.003020 0.182089 -0.100227
v 0.003029 0.163477 -0.099341
v 0.003028 0.159380 -0.098896
v 0.003020 0.141653 -0.095884
v 0.003019 0.124681 -0.091222
v 0.003028 0.108574 -0.084927
v 0.003028 0.105508 -0.083489
v 0.003020 0.093019 -0.076685
v 0.003020 0.081770 -0.068981
v 0.003029 0.072869 -0.061450
v 0.003028 0.070749 -0.059411
v 0.003020 0.063705 -0.051735
v 0.003020 0.057704 -0.043688
v 0.003020 0.053202 -0.036161
v 0.003020 0.049518 -0.028285
v 0.003020 0.046899 -0.020743
v 0.003023 0.045082 -0.013032
v 0.001814 0.045745 0.013508
v 0.001814 0.046444 0.016803
v 0.001814 0.048503 0.023946
v 0.001814 0.051311 0.031038
v 0.001814 0.054913 0.038097
v 0.001814 0.056814 0.041273
v 0.001814 0.061954 0.048642
v 0.001814 0.068023 0.055791
v 0.001814 0.075085 0.062711
v 0.001814 0.077918 0.065168
v 0.001814 0.087417 0.072381
v 0.001814 0.098069 0.078984
v 0.001814 0.109926 0.084914
v 0.001814 0.120988 0.089352
v 0.001814 0.136412 0.094058
v 0.001814 0.152820 0.097417
v 0.001814 0.170161 0.099304
v 0.001814 0.176515 0.099589
v 0.001814 0.195015 0.099200
v 0.001814 0.213339 0.096997
v 0.001814 0.231335 0.092950
v 0.001814 0.235331 0.091775
v 0.001814 0.250502 0.086288
v 0.001814 0.264521 0.079543
v 0.001814 0.275988 0.072516
v 0.001814 0.278475 0.070771
v 0.001814 0.287856 0.063299
v 0.001814 0.296070 0.055261
v 0.001814 0.302386 0.047673
v 0.001814 0.306999 0.040934
v 0.001814 0.311250 0.033253
v 0.001814 0.314613 0.025330
v 0.001814 0.315721 0.022044
v 0.001814 0.317603 0.014794
v 0.001814 0.318740 0.007457
v 0.001814 0.319125 0.000000
v 0.001814 0.318733 -0.007519
v 0.001814 0.317644 -0.014592
v 0.001814 0.315837 -0.021671
v 0.001814 0.313271 -0.028780
v 0.001814 0.311833 -0.032034
v 0.001814 0.307980 -0.039318
v 0.001814 0.303278 -0.046464
v 0.001814 0.297672 -0.053474
v 0.001814 0.295201 -0.056195
v 0.001814 0.287535 -0.063581
v 0.001814 0.278791 -0.070543
v 0.001814 0.268904 -0.077039
v 0.001814 0.263483 -0.080107
v 0.001814 0.250452 -0.086309
v 0.001814 0.236268 -0.091484
v 0.001814 0.220930 -0.095529
v 0.001814 0.218053 -0.096125
v 0.001814 0.200306 -0.098753
v 0.001814 0.182088 -0.099663
v 0.001814 0.163533 -0.098776
v 0.001814 0.159447 -0.098333
v 0.001814 0.141775 -0.095333
v 0.001814 0.124858 -0.090686
v 0.001814 0.108809 -0.084411
v 0.001814 0.105754 -0.082978
v 0.001814 0.093314 -0.076203
v 0.001814 0.082114 -0.068533
v 0.001814 0.073257 -0.061037
v 0.001814 0.071147 -0.059008
v 0.001814 0.064139 -0.051374
v 0.001814 0.058174 -0.043375
v 0.001814 0.053700 -0.035896
v 0.001814 0.050042 -0.028073
v 0.001814 0.047441 -0.020585
v 0.001814 0.045639 -0.012932
v 0.000840 0.046619 0.013344
v 0.000840 0.047309 0.016599
v 0.000840 0.049344 0.023659
v 0.000840 0.052121 0.030672
v 0.000840 0.055685 0.037656
v 0.000840 0.057567 0.040800
v 0.000840 0.062658 0.048099
v 0.000840 0.068673 0.055185
v 0.000840 0.075678 0.062049
v 0.000840 0.078489 0.064488
v 0.000840 0.087921 0.071648
v 0.000840 0.098503 0.078208
v 0.000840 0.110288 0.084103
v 0.000840 0.121288 0.088516
v 0.000840 0.136631 0.093197
v 0.000840 0.152958 0.096539
v 0.000840 0.170216 0.098417
v 0.000840 0.176539 0.098700
v 0.000840 0.194953 0.098314
v 0.000840 0.213189 0.096121
v 0.000840 0.231094 0.092094
v 0.000840 0.235070 0.090926
v 0.000840 0.250158 0.085468
v 0.000840 0.264094 0.078764
v 0.000840 0.275486 0.071782
v 0.000840 0.277956 0.070049
v 0.000840 0.287268 0.062633
v 0.000840 0.295415 0.054659
v 0.000840 0.301675 0.047139
v 0.000840 0.306244 0.040466
v 0.000840 0.310451 0.032864
v 0.000840 0.313777 0.025027
v 0.000840 0.314873 0.021779
v 0.000840 0.316732 0.014613
v 0.000840 0.317856 0.007366
v 0.000840 0.318236 0.000000
v 0.000840 0.317850 -0.007427
v 0.000840 0.316773 -0.014414
v 0.000840 0.314987 -0.021410
v 0.000840 0.312450 -0.028439
v 0.000840 0.311028 -0.031657
v 0.000840 0.307215 -0.038866
v 0.000840 0.302559 -0.045942
v 0.000840 0.297004 -0.052889
v 0.000840 0.294554 -0.055586
v 0.000840 0.286949 -0.062913
v 0.000840 0.278269 -0.069823
v 0.000840 0.268449 -0.076275
v 0.000840 0.263062 -0.079324
v 0.000840 0.250108 -0.085489
v 0.000840 0.236002 -0.090636
v 0.000840 0.220742 -0.094660
v 0.000840 0.217880 -0.095254
v 0.000840 0.200219 -0.097869
v 0.000840 0.182087 -0.098774
v 0.000840 0.163619 -0.097892
v 0.000840 0.159553 -0.097450
v 0.000840 0.141967 -0.094465
v 0.000840 0.125137 -0.089842
v 0.000840 0.109178 -0.083602
v 0.000840 0.106141 -0.082177
v 0.000840 0.093777 -0.075445
v 0.000840 0.082654 -0.067828
v 0.000840 0.073865 -0.060388
v 0.000840 0.071772 -0.058375
v 0.000840 0.064823 -0.050807
v 0.000840 0.058913 -0.042882
v 0.000840 0.054484 -0.035479
v 0.000840 0.050866 -0.027740
v 0.000840 0.048294 -0.020337
v 0.000840 0.046514 -0.012774
v 0.000202 0.047757 0.013129
v 0.000202 0.048435 0.016333
v 0.000197 0.050454 0.023280
v 0.000198 0.053188 0.030190
v 0.000202 0.056690 0.037083
v 0.000203 0.058546 0.040186
v 0.000197 0.063586 0.047383
v 0.000198 0.069530 0.054388
v 0.000203 0.076449 0.061190
v 0.000203 0.079231 0.063603
v 0.000197 0.088585 0.070681
v 0.000197 0.099074 0.077185
v 0.000199 0.110764 0.083037
v 0.000198 0.121682 0.087415
v 0.000196 0.136920 0.092059
v 0.000197 0.153140 0.095380
v 0.000202 0.170288 0.097263
v 0.000203 0.176571 0.097545
v 0.000195 0.194870 0.097139
v 0.000195 0.212990 0.094960
v 0.000202 0.230782 0.090980
v 0.000204 0.234730 0.089824
v 0.000195 0.249702 0.084382
v 0.000195 0.263529 0.077731
v 0.000203 0.274834 0.070829
v 0.000204 0.277283 0.069115
v 0.000195 0.286488 0.061750
v 0.000195 0.294548 0.053863
v 0.000197 0.300737 0.046435
v 0.000197 0.305248 0.039847
v 0.000196 0.309394 0.032348
v 0.000201 0.312685 0.024631
v 0.000202 0.313769 0.021434
v 0.000196 0.315582 0.014375
v 0.000196 0.316686 0.007245
v 0.000196 0.317060 0.000000
v 0.000196 0.316681 -0.007305
v 0.000197 0.315624 -0.014180
v 0.000197 0.313867 -0.021066
v 0.000202 0.311381 -0.027994
v 0.000203 0.309981 -0.031166
v 0.000197 0.306206 -0.038268
v 0.000198 0.301613 -0.045254
v 0.000203 0.296135 -0.052128
v 0.000203 0.293714 -0.054794
v 0.000197 0.286176 -0.062030
v 0.000198 0.277583 -0.068875
v 0.000202 0.267857 -0.075281
v 0.000202 0.262514 -0.078303
v 0.000197 0.249655 -0.084406
v 0.000197 0.235652 -0.089518
v 0.000205 0.220499 -0.093536
v 0.000205 0.217657 -0.094127
v 0.000196 0.200103 -0.096698
v 0.000196 0.182085 -0.097598
v 0.000203 0.163730 -0.096743
v 0.000204 0.159691 -0.096307
v 0.000195 0.142222 -0.093315
v 0.000195 0.125508 -0.088722
v 0.000202 0.109657 -0.082549
v 0.000204 0.106642 -0.081141
v 0.000195 0.094392 -0.074440
v 0.000196 0.083370 -0.066893
v 0.000203 0.074654 -0.059545
v 0.000204 0.072581 -0.057556
v 0.000195 0.065730 -0.050056
v 0.000195 0.059893 -0.042230
v 0.000196 0.055523 -0.034926
v 0.000195 0.051957 -0.027298
v 0.000196 0.049423 -0.020008
v 0.000199 0.047661 -0.012567
v 0.013200 0.047734 -0.001004
v 0.013200 0.047734 0.001004
v 0.013200 0.056951 -0.024597
v 0.013200 0.054273 -0.029700
v 0.013200 0.060257 -0.031884
v 0.013200 0.057736 -0.036486
v 0.013200 0.064599 -0.039241
v 0.013200 0.059567 -0.039546
v 0.013200 0.069843 -0.046323
v 0.013200 0.064528 -0.046658
v 0.013200 0.074110 -0.051169
v 0.013200 0.070401 -0.053576
v 0.013200 0.081373 -0.058134
v 0.013200 0.261871 0.072301
v 0.013200 0.272475 0.065706
v 0.013200 0.276884 0.067911
v 0.013200 0.274708 0.064118
v 0.013200 0.285393 0.061137
v 0.013200 0.283293 0.057195
v 0.013200 0.292834 0.053968
v 0.013200 0.290767 0.049791
v 0.013200 0.295228 0.051332
v 0.013200 0.296468 0.042853
v 0.013200 0.300649 0.044554
v 0.013200 0.056569 0.034369
v 0.013200 0.053054 0.026854
v 0.013200 0.056221 0.022642
v 0.013200 0.267241 0.074247
v 0.013200 0.261945 0.077244
v 0.013200 0.248719 0.078729
v 0.013200 0.249196 0.083311
v 0.013200 0.234387 0.084011
v 0.013200 0.235296 0.088383
v 0.013200 0.230896 0.085064
v 0.013200 0.213596 0.089094
v 0.013200 0.077254 -0.060291
v 0.013200 0.080008 -0.062679
v 0.013200 0.090749 -0.065443
v 0.013200 0.089258 -0.069702
v 0.013200 0.101324 -0.072074
v 0.013200 0.099654 -0.076146
v 0.013200 0.103892 -0.073477
v 0.013200 0.116614 -0.079455
v 0.013200 0.054253 0.016153
v 0.013200 0.050561 0.019677
v 0.013200 0.053576 0.013167
v 0.013200 0.048837 0.012355
v 0.013200 0.052579 0.006599
v 0.013200 0.048170 0.007816
v 0.013200 0.052246 0.000102
v 0.013200 0.052246 0.000000
v 0.013200 0.052555 -0.006358
v 0.013200 0.047996 -0.006090
v 0.013200 0.053156 -0.010897
v 0.013200 0.048939 -0.012906
v 0.013200 0.054692 -0.017817
v 0.013200 0.049608 -0.016057
v 0.013200 0.051579 -0.022897
v 0.013200 0.111250 -0.081946
v 0.013200 0.122085 -0.086293
v 0.013200 0.131843 -0.084812
v 0.013200 0.137213 -0.090909
v 0.013200 0.148053 -0.088733
v 0.013200 0.153324 -0.094206
v 0.013200 0.152578 -0.089534
v 0.013200 0.170506 -0.091545
v 0.013200 0.305183 0.037663
v 0.013200 0.300549 0.036821
v 0.013200 0.308890 0.030656
v 0.013200 0.304365 0.029847
v 0.013200 0.310270 0.027532
v 0.013200 0.307371 0.022672
v 0.013200 0.312730 0.020717
v 0.013200 0.308280 0.019954
v 0.013200 0.314460 0.013942
v 0.013200 0.309981 0.013386
v 0.013200 0.315501 0.007182
v 0.013200 0.311008 0.006745
v 0.013200 0.315875 0.000000
v 0.013200 0.311356 0.000000
v 0.013200 0.315507 -0.007123
v 0.013200 0.058877 0.029089
v 0.013200 0.062267 0.035513
v 0.013200 0.060878 0.041573
v 0.013200 0.064056 0.038411
v 0.013200 0.066641 0.049300
v 0.013200 0.068888 0.045140
v 0.013200 0.073431 0.056695
v 0.013200 0.074594 0.051678
v 0.013200 0.075479 0.058665
v 0.013200 0.081239 0.058017
v 0.013200 0.084090 0.065953
v 0.013200 0.083656 0.060064
v 0.013200 0.095009 0.073431
v 0.013200 0.311110 -0.005676
v 0.013200 0.310793 -0.008580
v 0.013200 0.314420 -0.014135
v 0.013200 0.309622 -0.015023
v 0.013200 0.312620 -0.021074
v 0.013200 0.307795 -0.021450
v 0.013200 0.311557 -0.024223
v 0.013200 0.308329 -0.031828
v 0.013200 0.220244 0.092352
v 0.013200 0.217420 0.092938
v 0.013200 0.195896 0.091350
v 0.013200 0.199987 0.095519
v 0.013200 0.177968 0.091853
v 0.013200 0.182083 0.096413
v 0.013200 0.172115 0.091637
v 0.013200 0.163848 0.095542
v 0.013200 0.155348 0.089965
v 0.013200 0.159834 0.095106
v 0.013200 0.139501 0.086876
v 0.013200 0.142477 0.092160
v 0.013200 0.124637 0.082497
v 0.013200 0.125879 0.087601
v 0.013200 0.114003 0.078350
v 0.013200 0.092632 0.066734
v 0.013200 0.102730 0.072851
v 0.013200 0.107167 0.080051
v 0.013200 0.110157 0.081453
v 0.013200 0.293676 -0.053062
v 0.013200 0.288403 -0.052306
v 0.013200 0.285705 -0.060862
v 0.013200 0.281078 -0.059121
v 0.013200 0.276577 -0.068133
v 0.013200 0.272711 -0.065543
v 0.013200 0.274152 -0.069833
v 0.013200 0.262960 -0.076693
v 0.013200 0.305275 -0.027888
v 0.013200 0.303823 -0.030948
v 0.013200 0.304239 -0.039220
v 0.013200 0.300070 -0.037591
v 0.013200 0.299787 -0.045721
v 0.013200 0.295519 -0.044110
v 0.013200 0.290110 -0.050507
v 0.013200 0.170361 -0.096060
v 0.013200 0.176605 -0.096340
v 0.013200 0.188417 -0.091774
v 0.013200 0.194787 -0.095958
v 0.013200 0.205152 -0.090394
v 0.013200 0.212790 -0.093794
v 0.013200 0.220775 -0.087652
v 0.013200 0.230456 -0.089821
v 0.013200 0.235299 -0.083722
v 0.013200 0.234376 -0.088668
v 0.013200 0.248713 -0.078732
v 0.013200 0.249245 -0.083291
v 0.013200 0.261009 -0.072777
v 0.013200 0.263236 -0.071531
v 0.008800 0.072036 0.042644
v 0.010160 0.059819 0.021358
v 0.010160 0.057959 0.015224
v 0.010160 0.057320 0.012406
v 0.010160 0.062337 0.027468
v 0.010160 0.065560 0.033575
v 0.010160 0.067265 0.036337
v 0.010160 0.071882 0.042766
v 0.010160 0.077354 0.049037
v 0.010160 0.083751 0.055138
v 0.010160 0.086083 0.057113
v 0.010160 0.094763 0.063563
v 0.010160 0.104559 0.069497
v 0.010160 0.115525 0.074846
v 0.010160 0.125892 0.078888
v 0.010160 0.140407 0.083164
v 0.010160 0.172317 0.087822
v 0.010160 0.155905 0.086185
v 0.010160 0.178048 0.088034
v 0.010160 0.195601 0.087541
v 0.010160 0.229834 0.081394
v 0.010160 0.212923 0.085333
v 0.010160 0.260013 0.068963
v 0.010160 0.247220 0.075215
v 0.010160 0.233242 0.080366
v 0.010160 0.270297 0.062567
v 0.010160 0.287936 0.047224
v 0.010160 0.280748 0.054346
v 0.010160 0.272458 0.061031
v 0.010160 0.293398 0.040578
v 0.010160 0.297294 0.034821
v 0.010160 0.300923 0.028188
v 0.010160 0.303773 0.021387
v 0.010160 0.304633 0.018816
v 0.010160 0.306240 0.012613
v 0.010160 0.307208 0.006353
v 0.010160 0.307535 0.000000
v 0.010160 0.307303 -0.005346
v 0.010160 0.307005 -0.008082
v 0.010160 0.305901 -0.014158
v 0.010160 0.304174 -0.020231
v 0.010160 0.301787 -0.026328
v 0.010160 0.300409 -0.029233
v 0.010160 0.296837 -0.035555
v 0.010160 0.292490 -0.041780
v 0.010160 0.287306 -0.047912
v 0.010160 0.285666 -0.049640
v 0.010160 0.278611 -0.056203
v 0.010160 0.270525 -0.062409
v 0.010160 0.261339 -0.068214
v 0.010160 0.259176 -0.069424
v 0.010160 0.247214 -0.075218
v 0.010160 0.234133 -0.080083
v 0.010160 0.219943 -0.083923
v 0.010160 0.204661 -0.086605
v 0.010160 0.188279 -0.087956
v 0.010160 0.170742 -0.087732
v 0.010160 0.153195 -0.085764
v 0.010160 0.148769 -0.084980
v 0.010160 0.132926 -0.081148
v 0.010160 0.118069 -0.075922
v 0.010160 0.105688 -0.070105
v 0.010160 0.092939 -0.062312
v 0.010160 0.103194 -0.068742
v 0.010160 0.083881 -0.055251
v 0.010160 0.076890 -0.048548
v 0.010160 0.072796 -0.043900
v 0.010160 0.067783 -0.037128
v 0.010160 0.063648 -0.030123
v 0.010160 0.060510 -0.023209
v 0.010160 0.058374 -0.016796
v 0.010160 0.056924 -0.010266
v 0.010160 0.056358 -0.005988
v 0.010160 0.056067 0.000096
v 0.010160 0.056380 0.006215
v 0.011386 0.055813 0.006273
v 0.011386 0.055496 0.000097
v 0.011386 0.055790 -0.006043
v 0.011386 0.056361 -0.010360
v 0.011386 0.057824 -0.016948
v 0.011386 0.059979 -0.023417
v 0.011386 0.063141 -0.030386
v 0.011386 0.067307 -0.037444
v 0.011386 0.072355 -0.044262
v 0.011386 0.076475 -0.048939
v 0.011386 0.083506 -0.055681
v 0.011386 0.092612 -0.062780
v 0.011386 0.102915 -0.069239
v 0.011386 0.105420 -0.070609
v 0.011386 0.117851 -0.076450
v 0.011386 0.132764 -0.081695
v 0.011386 0.148662 -0.085540
v 0.011386 0.153102 -0.086327
v 0.011386 0.170707 -0.088301
v 0.011386 0.188300 -0.088526
v 0.011386 0.204734 -0.087171
v 0.011386 0.220067 -0.084480
v 0.011386 0.234307 -0.080627
v 0.011386 0.247437 -0.075743
v 0.011386 0.259450 -0.069925
v 0.011386 0.261622 -0.068710
v 0.011386 0.270851 -0.062877
v 0.011386 0.278980 -0.056638
v 0.011386 0.286074 -0.050038
v 0.011386 0.287725 -0.048300
v 0.011386 0.292943 -0.042128
v 0.011386 0.297320 -0.035859
v 0.011386 0.300919 -0.029490
v 0.011386 0.302308 -0.026561
v 0.011386 0.304715 -0.020413
v 0.011386 0.306456 -0.014287
v 0.011386 0.307571 -0.008157
v 0.011386 0.307872 -0.005395
v 0.011386 0.308106 0.000000
v 0.011386 0.307775 0.006412
v 0.011386 0.306798 0.012728
v 0.011386 0.305178 0.018986
v 0.011386 0.304310 0.021579
v 0.011386 0.301437 0.028436
v 0.011386 0.297780 0.035119
v 0.011386 0.293857 0.040918
v 0.011386 0.288359 0.047608
v 0.011386 0.281128 0.054772
v 0.011386 0.272794 0.061492
v 0.011386 0.270622 0.063036
v 0.011386 0.260290 0.069461
v 0.011386 0.247444 0.075740
v 0.011386 0.233413 0.080910
v 0.011386 0.229992 0.081942
v 0.011386 0.213023 0.085895
v 0.011386 0.195645 0.088110
v 0.011386 0.178036 0.088604
v 0.011386 0.172286 0.088392
v 0.011386 0.155822 0.086749
v 0.011386 0.140272 0.083718
v 0.011386 0.125704 0.079427
v 0.011386 0.115298 0.075369
v 0.011386 0.104286 0.069998
v 0.011386 0.094445 0.064037
v 0.011386 0.085720 0.057554
v 0.011386 0.083376 0.055568
v 0.011386 0.076942 0.049431
v 0.011386 0.071434 0.043120
v 0.011386 0.066785 0.036647
v 0.011386 0.065068 0.033864
v 0.011386 0.061820 0.027710
v 0.011386 0.059282 0.021550
v 0.011386 0.057406 0.015363
v 0.011386 0.056761 0.012520
v 0.012360 0.054928 0.006362
v 0.012360 0.054608 0.000098
v 0.012360 0.054905 -0.006129
v 0.012360 0.055485 -0.010507
v 0.012360 0.056968 -0.017186
v 0.012360 0.059151 -0.023739
v 0.012360 0.062353 -0.030795
v 0.012360 0.066567 -0.037935
v 0.012360 0.071668 -0.044825
v 0.012360 0.075828 -0.049549
v 0.012360 0.082923 -0.056352
v 0.012360 0.092102 -0.063508
v 0.012360 0.102480 -0.070014
v 0.012360 0.105002 -0.071393
v 0.012360 0.117513 -0.077272
v 0.012360 0.132512 -0.082547
v 0.012360 0.148496 -0.086413
v 0.012360 0.152959 -0.087204
v 0.012360 0.170652 -0.089188
v 0.012360 0.188332 -0.089414
v 0.012360 0.204848 -0.088053
v 0.012360 0.220261 -0.085348
v 0.012360 0.234578 -0.081473
v 0.012360 0.247786 -0.076560
v 0.012360 0.259876 -0.070705
v 0.012360 0.262064 -0.069481
v 0.012360 0.271360 -0.063606
v 0.012360 0.279553 -0.057317
v 0.012360 0.286711 -0.050658
v 0.012360 0.288377 -0.048903
v 0.012360 0.293647 -0.042670
v 0.012360 0.298072 -0.036333
v 0.012360 0.301713 -0.029888
v 0.012360 0.303119 -0.026924
v 0.012360 0.305557 -0.020697
v 0.012360 0.307322 -0.014488
v 0.012360 0.308452 -0.008272
v 0.012360 0.308757 -0.005472
v 0.012360 0.308995 0.000000
v 0.012360 0.308659 0.006503
v 0.012360 0.307669 0.012908
v 0.012360 0.306026 0.019251
v 0.012360 0.305147 0.021878
v 0.012360 0.302238 0.028822
v 0.012360 0.298537 0.035584
v 0.012360 0.294571 0.041447
v 0.012360 0.289017 0.048205
v 0.012360 0.281720 0.055434
v 0.012360 0.273318 0.062210
v 0.012360 0.271129 0.063766
v 0.012360 0.260723 0.070238
v 0.012360 0.247792 0.076558
v 0.012360 0.233680 0.081758
v 0.012360 0.230240 0.082796
v 0.012360 0.213180 0.086769
v 0.012360 0.195714 0.088996
v 0.012360 0.178018 0.089493
v 0.012360 0.172239 0.089279
v 0.012360 0.155692 0.087629
v 0.012360 0.140061 0.084582
v 0.012360 0.125413 0.080267
v 0.012360 0.114944 0.076185
v 0.012360 0.103860 0.070778
v 0.012360 0.093949 0.064774
v 0.012360 0.085156 0.058240
v 0.012360 0.082792 0.056238
v 0.012360 0.076300 0.050045
v 0.012360 0.070738 0.043673
v 0.012360 0.066039 0.037129
v 0.012360 0.064302 0.034315
v 0.012360 0.061015 0.028087
v 0.012360 0.058445 0.021849
v 0.012360 0.056544 0.015579
v 0.012360 0.055890 0.012697
v 0.012985 0.053814 0.006475
v 0.012985 0.053488 0.000100
v 0.012985 0.053791 -0.006238
v 0.012985 0.054380 -0.010692
v 0.012985 0.055888 -0.017485
v 0.012985 0.058107 -0.024146
v 0.012985 0.061359 -0.031312
v 0.012985 0.065634 -0.038554
v 0.012985 0.070802 -0.045536
v 0.012985 0.075013 -0.050317
v 0.012985 0.082188 -0.057197
v 0.012985 0.091460 -0.064426
v 0.012985 0.101932 -0.070991
v 0.012985 0.104475 -0.072382
v 0.012985 0.117086 -0.078307
v 0.012985 0.132195 -0.083621
v 0.012985 0.148286 -0.087513
v 0.012985 0.152778 -0.088309
v 0.012985 0.170583 -0.090306
v 0.012985 0.188372 -0.090533
v 0.012985 0.204992 -0.089163
v 0.012985 0.220505 -0.086441
v 0.012985 0.234920 -0.082539
v 0.012985 0.248226 -0.077590
v 0.012985 0.260413 -0.071687
v 0.012985 0.262620 -0.070453
v 0.012985 0.272000 -0.064524
v 0.012985 0.280276 -0.058172
v 0.012985 0.287513 -0.051439
v 0.012985 0.289199 -0.049664
v 0.012985 0.294535 -0.043353
v 0.012985 0.299019 -0.036929
v 0.012985 0.302714 -0.030391
v 0.012985 0.304142 -0.027381
v 0.012985 0.306618 -0.021054
v 0.012985 0.308413 -0.014742
v 0.012985 0.309562 -0.008419
v 0.012985 0.309873 -0.005569
v 0.012985 0.310114 0.000000
v 0.012985 0.309773 0.006618
v 0.012985 0.308765 0.013134
v 0.012985 0.307095 0.019585
v 0.012985 0.306202 0.022255
v 0.012985 0.303247 0.029308
v 0.012985 0.299491 0.036171
v 0.012985 0.295470 0.042114
v 0.012985 0.289847 0.048957
v 0.012985 0.282466 0.056270
v 0.012985 0.273977 0.063115
v 0.012985 0.271768 0.064686
v 0.012985 0.261267 0.071216
v 0.012985 0.248232 0.077588
v 0.012985 0.234015 0.082827
v 0.012985 0.230551 0.083872
v 0.012985 0.213377 0.087872
v 0.012985 0.195800 0.090112
v 0.012985 0.177994 0.090612
v 0.012985 0.172180 0.090398
v 0.012985 0.155529 0.088737
v 0.012985 0.139795 0.085670
v 0.012985 0.125045 0.081324
v 0.012985 0.114497 0.077212
v 0.012985 0.103324 0.071761
v 0.012985 0.093325 0.065704
v 0.012985 0.084445 0.059105
v 0.012985 0.082055 0.057081
v 0.012985 0.075491 0.050820
v 0.012985 0.069861 0.044368
v 0.012985 0.065099 0.037737
v 0.012985 0.063337 0.034883
v 0.012985 0.060001 0.028563
v 0.012985 0.057390 0.022225
v 0.012985 0.055457 0.015851
v 0.012985 0.054793 0.012920
v 0.012983 0.046522 -0.002245
v 0.013040 0.046685 -0.002077
v 0.013158 0.047189 -0.001560
v 0.013200 0.047714 -0.001025
v 0.012983 0.046522 -0.002245
v 0.012952 0.046437 -0.002333
v 0.012757 0.046024 -0.002761
v 0.012517 0.045647 -0.003155
v 0.011798 0.044895 -0.003945
v 0.012087 0.045151 -0.003675
v 0.012235 0.045303 -0.003514
v 0.012361 0.045447 -0.003364
v 0.012361 0.045447 -0.003364
v 0.010690 0.044247 -0.004632
v 0.011168 0.044474 -0.004390
v 0.011387 0.044603 -0.004254
v 0.011491 0.044670 -0.004183
v 0.009341 0.043911 -0.004991
v 0.009973 0.044018 -0.004876
v 0.010161 0.044067 -0.004825
v 0.010373 0.044131 -0.004756
v 0.009132 0.043893 0.005010
v 0.009459 0.043925 0.004976
v 0.011002 0.044388 0.004482
v 0.010665 0.044237 0.004643
v 0.010325 0.044115 0.004773
v 0.010161 0.044067 0.004825
v 0.009973 0.044018 0.004876
v 0.012010 0.045077 0.003752
v 0.011686 0.044808 0.004037
v 0.011387 0.044603 0.004254
v 0.011335 0.044571 0.004288
v 0.012904 0.046322 0.002452
v 0.012675 0.045884 0.002907
v 0.012389 0.045481 0.003328
v 0.012360 0.045446 0.003365
v 0.012087 0.045151 0.003675
v 0.013191 0.047481 0.001261
v 0.013112 0.046951 0.001804
v 0.012985 0.046522 0.002245
v 0.012985 0.046522 0.002245
v 0.012952 0.046437 0.002333
v 0.012378 0.045667 -0.006295
v 0.012997 0.046971 0.007952
v 0.012377 0.045846 0.008080
v 0.011402 0.044952 0.008181
v 0.010171 0.044377 0.008247
v 0.010168 0.044193 -0.006425
v 0.011425 0.044785 -0.006374
v 0.012985 0.046759 -0.006199
v 0.010172 0.045188 -0.013614
v 0.010174 0.045893 -0.016933
v 0.010178 0.047968 -0.024129
v 0.010179 0.050796 -0.031271
v 0.010172 0.054421 -0.038378
v 0.010173 0.056334 -0.041573
v 0.010178 0.061506 -0.048987
v 0.010178 0.067609 -0.056176
v 0.010171 0.074707 -0.063134
v 0.010173 0.077553 -0.065602
v 0.010179 0.087098 -0.072846
v 0.010178 0.097794 -0.079477
v 0.010177 0.109696 -0.085431
v 0.010177 0.120797 -0.089884
v 0.010179 0.136273 -0.094606
v 0.010172 0.170127 -0.099870
v 0.010179 0.152733 -0.097975
v 0.010173 0.176498 -0.100155
v 0.010180 0.195054 -0.099763
v 0.010172 0.231489 -0.093495
v 0.010181 0.213434 -0.097554
v 0.010172 0.235497 -0.092317
v 0.010180 0.250720 -0.086808
v 0.010181 0.264793 -0.080038
v 0.010171 0.276308 -0.072984
v 0.010172 0.278806 -0.071231
v 0.010180 0.288229 -0.063723
v 0.010180 0.296486 -0.055642
v 0.010178 0.302837 -0.048012
v 0.010179 0.307479 -0.041233
v 0.010180 0.311757 -0.033501
v 0.010174 0.315145 -0.025522
v 0.010174 0.316262 -0.022213
v 0.010179 0.318156 -0.014908
v 0.010180 0.319301 -0.007515
v 0.010180 0.319690 0.000000
v 0.010180 0.319295 0.007578
v 0.010179 0.318198 0.014705
v 0.010179 0.316377 0.021837
v 0.010173 0.313794 0.028998
v 0.010174 0.312346 0.032273
v 0.010178 0.308466 0.039606
v 0.010178 0.303736 0.046796
v 0.010172 0.298099 0.053849
v 0.010173 0.295614 0.056583
v 0.010179 0.287907 0.064007
v 0.010178 0.279122 0.071000
v 0.010173 0.269194 0.077526
v 0.010174 0.263751 0.080605
v 0.010179 0.250670 0.086829
v 0.010179 0.236438 0.092023
v 0.010169 0.221049 0.096084
v 0.010171 0.218164 0.096682
v 0.010180 0.200362 0.099315
v 0.010180 0.182089 0.100227
v 0.010171 0.163477 0.099341
v 0.010172 0.159380 0.098896
v 0.010180 0.141653 0.095884
v 0.010172 0.108574 0.084927
v 0.010181 0.124681 0.091222
v 0.010172 0.105508 0.083489
v 0.010180 0.093019 0.076685
v 0.010180 0.081770 0.068981
v 0.010171 0.072869 0.061450
v 0.010172 0.070749 0.059411
v 0.010180 0.063705 0.051735
v 0.010180 0.057704 0.043688
v 0.010180 0.053202 0.036161
v 0.010180 0.049518 0.028285
v 0.010180 0.046899 0.020743
v 0.010176 0.045082 0.013032
v 0.011386 0.045745 -0.013508
v 0.011386 0.046444 -0.016803
v 0.011386 0.048503 -0.023946
v 0.011386 0.051311 -0.031038
v 0.011386 0.054913 -0.038097
v 0.011386 0.056814 -0.041273
v 0.011386 0.061954 -0.048642
v 0.011386 0.068023 -0.055791
v 0.011386 0.075085 -0.062711
v 0.011386 0.077918 -0.065168
v 0.011386 0.087417 -0.072381
v 0.011386 0.098069 -0.078984
v 0.011386 0.109926 -0.084914
v 0.011386 0.120988 -0.089352
v 0.011386 0.136412 -0.094058
v 0.011386 0.152820 -0.097417
v 0.011386 0.170161 -0.099304
v 0.011386 0.176515 -0.099589
v 0.011386 0.195015 -0.099200
v 0.011386 0.213339 -0.096997
v 0.011386 0.231335 -0.092950
v 0.011386 0.235331 -0.091775
v 0.011386 0.250502 -0.086288
v 0.011386 0.264521 -0.079543
v 0.011386 0.275988 -0.072516
v 0.011386 0.278475 -0.070771
v 0.011386 0.287856 -0.063299
v 0.011386 0.296070 -0.055261
v 0.011386 0.302386 -0.047673
v 0.011386 0.306999 -0.040934
v 0.011386 0.311250 -0.033253
v 0.011386 0.314613 -0.025330
v 0.011386 0.315721 -0.022044
v 0.011386 0.317603 -0.014794
v 0.011386 0.318740 -0.007457
v 0.011386 0.319125 0.000000
v 0.011386 0.318733 0.007519
v 0.011386 0.317644 0.014592
v 0.011386 0.315837 0.021671
v 0.011386 0.313271 0.028780
v 0.011386 0.311833 0.032034
v 0.011386 0.307980 0.039318
v 0.011386 0.303278 0.046464
v 0.011386 0.297672 0.053474
v 0.011386 0.295201 0.056195
v 0.011386 0.287535 0.063582
v 0.011386 0.278791 0.070543
v 0.011386 0.268904 0.077039
v 0.011386 0.263483 0.080107
v 0.011386 0.250452 0.086309
v 0.011386 0.236268 0.091484
v 0.011386 0.220930 0.095529
v 0.011386 0.218053 0.096125
v 0.011386 0.200306 0.098753
v 0.011386 0.182088 0.099663
v 0.011386 0.163533 0.098776
v 0.011386 0.159447 0.098333
v 0.011386 0.141775 0.095333
v 0.011386 0.124858 0.090686
v 0.011386 0.108809 0.084411
v 0.011386 0.105754 0.082978
v 0.011386 0.093314 0.076203
v 0.011386 0.082114 0.068533
v 0.011386 0.073257 0.061037
v 0.011386 0.071147 0.059008
v 0.011386 0.064139 0.051374
v 0.011386 0.058174 0.043375
v 0.011386 0.053700 0.035896
v 0.011386 0.050042 0.028073
v 0.011386 0.047441 0.020585
v 0.011386 0.045639 0.012932
v 0.012360 0.046619 -0.013344
v 0.012360 0.047309 -0.016599
v 0.012360 0.049344 -0.023659
v 0.012360 0.052121 -0.030672
v 0.012360 0.055685 -0.037656
v 0.012360 0.057567 -0.040800
v 0.012360 0.062658 -0.048099
v 0.012360 0.068673 -0.055185
v 0.012360 0.075678 -0.062049
v 0.012360 0.078489 -0.064488
v 0.012360 0.087921 -0.071648
v 0.012360 0.098503 -0.078208
v 0.012360 0.110288 -0.084103
v 0.012360 0.121288 -0.088516
v 0.012360 0.136631 -0.093197
v 0.012360 0.152958 -0.096539
v 0.012360 0.170216 -0.098417
v 0.012360 0.176539 -0.098700
v 0.012360 0.194953 -0.098314
v 0.012360 0.213189 -0.096121
v 0.012360 0.231094 -0.092094
v 0.012360 0.235070 -0.090926
v 0.012360 0.250158 -0.085468
v 0.012360 0.264094 -0.078764
v 0.012360 0.275486 -0.071782
v 0.012360 0.277956 -0.070049
v 0.012360 0.287268 -0.062633
v 0.012360 0.295415 -0.054659
v 0.012360 0.301675 -0.047139
v 0.012360 0.306244 -0.040466
v 0.012360 0.310451 -0.032864
v 0.012360 0.313777 -0.025027
v 0.012360 0.314873 -0.021779
v 0.012360 0.316732 -0.014613
v 0.012360 0.317856 -0.007366
v 0.012360 0.318236 0.000000
v 0.012360 0.317850 0.007427
v 0.012360 0.316773 0.014414
v 0.012360 0.314987 0.021410
v 0.012360 0.312450 0.028439
v 0.012360 0.311028 0.031657
v 0.012360 0.307215 0.038866
v 0.012360 0.302559 0.045942
v 0.012360 0.297004 0.052889
v 0.012360 0.294554 0.055586
v 0.012360 0.286949 0.062913
v 0.012360 0.278269 0.069823
v 0.012360 0.268449 0.076275
v 0.012360 0.263062 0.079324
v 0.012360 0.250108 0.085489
v 0.012360 0.236002 0.090636
v 0.012360 0.220742 0.094660
v 0.012360 0.217880 0.095254
v 0.012360 0.200219 0.097869
v 0.012360 0.182087 0.098774
v 0.012360 0.163619 0.097892
v 0.012360 0.159553 0.097450
v 0.012360 0.141967 0.094465
v 0.012360 0.125137 0.089842
v 0.012360 0.109178 0.083602
v 0.012360 0.106141 0.082177
v 0.012360 0.093777 0.075445
v 0.012360 0.082654 0.067828
v 0.012360 0.073865 0.060388
v 0.012360 0.071772 0.058375
v 0.012360 0.064823 0.050807
v 0.012360 0.058913 0.042882
v 0.012360 0.054484 0.035479
v 0.012360 0.050866 0.027740
v 0.012360 0.048294 0.020337
v 0.012360 0.046514 0.012774
v 0.012998 0.047757 -0.013129
v 0.012998 0.048435 -0.016333
v 0.013003 0.050454 -0.023280
v 0.013002 0.053188 -0.030190
v 0.012998 0.056690 -0.037083
v 0.012997 0.058546 -0.040185
v 0.013003 0.063586 -0.047383
v 0.013002 0.069530 -0.054388
v 0.012997 0.076449 -0.061190
v 0.012997 0.079231 -0.063603
v 0.013003 0.088585 -0.070681
v 0.013003 0.099074 -0.077185
v 0.013001 0.110764 -0.083037
v 0.013002 0.121682 -0.087415
v 0.013004 0.136920 -0.092059
v 0.013003 0.153140 -0.095380
v 0.012998 0.170288 -0.097262
v 0.012997 0.176571 -0.097545
v 0.013005 0.194870 -0.097139
v 0.013005 0.212990 -0.094960
v 0.012998 0.230782 -0.090980
v 0.012996 0.234730 -0.089824
v 0.013005 0.249702 -0.084382
v 0.013005 0.263529 -0.077731
v 0.012997 0.274834 -0.070829
v 0.012996 0.277283 -0.069115
v 0.013005 0.286488 -0.061750
v 0.013005 0.294548 -0.053863
v 0.013003 0.300737 -0.046435
v 0.013003 0.305248 -0.039847
v 0.013004 0.309394 -0.032348
v 0.012999 0.312685 -0.024631
v 0.012998 0.313769 -0.021434
v 0.013004 0.315582 -0.014375
v 0.013004 0.316686 -0.007245
v 0.013004 0.317060 -0.000000
v 0.013004 0.316681 0.007305
v 0.013003 0.315624 0.014180
v 0.013003 0.313867 0.021066
v 0.012998 0.311381 0.027994
v 0.012997 0.309981 0.031166
v 0.013003 0.306206 0.038268
v 0.013002 0.301613 0.045254
v 0.012997 0.296135 0.052128
v 0.012997 0.293714 0.054794
v 0.013003 0.286176 0.062030
v 0.013002 0.277583 0.068875
v 0.012998 0.267857 0.075281
v 0.012998 0.262514 0.078303
v 0.013003 0.249655 0.084406
v 0.013003 0.235652 0.089518
v 0.012995 0.220499 0.093536
v 0.012995 0.217657 0.094127
v 0.013004 0.200103 0.096698
v 0.013004 0.182085 0.097598
v 0.012997 0.163730 0.096743
v 0.012996 0.159691 0.096307
v 0.013005 0.142222 0.093315
v 0.013005 0.125508 0.088722
v 0.012998 0.109657 0.082549
v 0.012996 0.106642 0.081141
v 0.013005 0.094392 0.074440
v 0.013004 0.083370 0.066893
v 0.012997 0.074654 0.059545
v 0.012996 0.072581 0.057556
v 0.013005 0.065730 0.050056
v 0.013005 0.059893 0.042230
v 0.013004 0.055523 0.034926
v 0.013005 0.051957 0.027298
v 0.013004 0.049423 0.020008
v 0.013001 0.047661 0.012567
v 0.000535 0.039051 -0.002921
v 0.000314 0.039051 -0.002483
v 0.000812 0.039051 -0.003330
v 0.000840 0.039051 -0.003365
v 0.000000 0.039051 -0.000924
v 0.000000 0.039051 -0.001004
v 0.004400 0.039051 -0.005021
v 0.004075 0.039051 -0.005010
v 0.003756 0.039051 -0.004977
v 0.001895 0.039051 -0.004301
v 0.002219 0.039051 -0.004491
v 0.003039 0.039051 -0.004825
v 0.002879 0.039051 -0.004774
v 0.002547 0.039051 -0.004647
v 0.001813 0.039051 -0.004254
v 0.001522 0.039051 -0.004043
v 0.001845 0.039051 -0.004269
v 0.001208 0.039051 -0.003766
v 0.003071 0.039051 -0.004829
v 0.003255 0.039051 -0.004880
v 0.000017 0.039051 -0.001300
v 0.000009 0.039051 -0.001054
v 0.000268 0.039051 -0.002368
v 0.000237 0.039051 -0.002284
v 0.000215 0.039051 -0.002245
v 0.000215 0.039051 -0.002245
v 0.001133 0.039051 -0.003691
v 0.000093 0.039051 -0.001820
v 0.000869 0.039051 -0.003391
v 0.011514 0.039051 -0.004161
v 0.011813 0.039051 -0.003929
v 0.008800 0.039051 -0.005021
v 0.008831 0.039051 -0.005017
v 0.013200 0.039051 -0.001024
v 0.013200 0.039051 -0.001004
v 0.013159 0.039051 -0.001539
v 0.011412 0.039051 -0.004231
v 0.013046 0.039051 -0.002039
v 0.011387 0.039051 -0.004254
v 0.012990 0.039051 -0.002202
v 0.012531 0.039051 -0.003127
v 0.012764 0.039051 -0.002744
v 0.012095 0.039051 -0.003666
v 0.012954 0.039051 -0.002330
v 0.012239 0.039051 -0.003510
v 0.012361 0.039051 -0.003364
v 0.012379 0.039051 -0.003331
v 0.013200 0.039051 -0.000924
v 0.013200 0.039051 0.001004
v 0.000000 0.039051 0.001004
v 0.004400 0.039051 0.005022
v 0.004500 0.039051 0.005022
v 0.012983 0.039051 -0.002245
v 0.008800 0.039051 0.005022
v 0.008700 0.039051 -0.005021
v 0.011173 0.039051 -0.004387
v 0.010707 0.039051 -0.004623
v 0.010161 0.039051 -0.004825
v 0.010190 0.039051 -0.004811
v 0.009444 0.039051 0.004977
v 0.009125 0.039051 0.005010
v 0.009977 0.039051 -0.004875
v 0.009359 0.039051 -0.004987
v 0.010397 0.039051 -0.004744
v 0.010653 0.039051 0.004647
v 0.010981 0.039051 0.004491
v 0.000839 0.039051 0.003364
v 0.000961 0.039051 0.003510
v 0.001105 0.039051 0.003666
v 0.000821 0.039051 0.003331
v 0.000821 0.039051 0.003331
v 0.012379 0.039051 -0.003331
v 0.000041 0.039051 0.001539
v 0.000154 0.039051 0.002039
v 0.003039 0.039051 0.004825
v 0.003010 0.039051 0.004811
v 0.003223 0.039051 0.004875
v 0.000246 0.039051 0.002330
v 0.000436 0.039051 0.002744
v 0.002803 0.039051 0.004744
v 0.003841 0.039051 0.004987
v 0.004369 0.039051 0.005017
v 0.002493 0.039051 0.004623
v 0.000669 0.039051 0.003127
v 0.000208 0.039051 0.002202
v 0.000208 0.039051 0.002202
v 0.000215 0.039051 0.002245
v 0.001387 0.039051 0.003929
v 0.000000 0.039051 0.001024
v 0.001813 0.039051 0.004254
v 0.002027 0.039051 0.004387
v 0.001787 0.039051 0.004231
v 0.001686 0.039051 0.004161
v 0.009945 0.039051 0.004880
v 0.010129 0.039051 0.004829
v 0.011305 0.039051 0.004301
v 0.013183 0.039051 0.001300
v 0.013107 0.039051 0.001820
v 0.012665 0.039051 0.002921
v 0.012886 0.039051 0.002483
v 0.013191 0.039051 0.001054
v 0.012985 0.039051 0.002245
v 0.012985 0.039051 0.002245
v 0.012963 0.039051 0.002284
v 0.012932 0.039051 0.002368
v 0.012067 0.039051 0.003691
v 0.012331 0.039051 0.003391
v 0.012360 0.039051 0.003365
v 0.010161 0.039051 0.004825
v 0.010321 0.039051 0.004774
v 0.011992 0.039051 0.003766
v 0.012388 0.039051 0.003330
v 0.011387 0.039051 0.004254
v 0.011355 0.039051 0.004269
v 0.011678 0.039051 0.004043
vt 0.000000 0.000000
vt 0.000000 0.000000
vt 0.000000 0.000000
vt 0.000000 0.000000
vt 0.000000 0.000000
vt 0.000000 0.000000
vt 0.000000 0.000000
vt 0.000000 0.000000
vt 0.000000 0.000000
vt 0.000000 0.000000
vt 0.000000 0.000000
vt 0.000000 0.000000
vt 0.000000 0.000000
vt 0.000000 0.000000
vt 0.000000 0.000000
vt 0.000000 0.000000
vt 0.000000 0.000000
vt 0.000000 0.000000
vt 0.000000 0.000000
vt 0.000000 0.000000
vt 0.000000 0.000000
vt 0.000000 0.000000
vt 0.000000 0.000000
vt 0.000000 0.000000
vt 0.000000 0.000000
vt 0.000000 0.000000
vt 0.000000 0.000000
vt 0.000000 0.000000
vt 0.000000 0.000000
vt 0.000000 0.000000
vt 0.000000 0.000000
vt 0.000000 0.000000
vt 0.000000 0.000000
vt 0.000000 0.000000
vt 0.000000 0.000000
vt 0.000000 0.000000
vt 0.000000 0.000000
vt 0.000000 0.000000
vt 0.000000 0.000000
vt 0.000000 0.000000
vt 0.000000 0.000000
vt 0.000000 0.000000
vt 0.000000 0.000000
vt 0.000000 0.000000
vt 0.000000 0.000000
vt 0.000000 0.000000
vt 0.000000 0.000000
vt 0.000000 0.000000
vt 0.000000 0.000000
vt 0.000000 0.000000
vt 0.000000 0.000000
vt 0.000000 0.000000
vt 0.000000 0.000000
vt 0.000000 0.000000
vt 0.000000 0.000000
vt 0.000000 0.000000
vt 0.000000 0.000000
vt 0.000000 0.000000
vt 0.000000 0.000000
vt 0.000000 0.000000
vt 0.000000 0.000000
vt 0.000000 0.000000
vt 0.000000 0.000000
vt 0.000000 0.000000
vt 0.000000 0.000000
vt 0.000000 0.000000
vt 0.000000 0.000000
vt 0.000000 0.000000
vt 0.000000 0.000000
vt 0.000000 0.000000
vt 0.000000 0.000000
vt 0.000000 0.000000
vt 0.000000 0.000000
vt 0.000000 0.000000
vt 0.000000 0.000000
vt 0.000000 0.000000
vt 0.000000 0.000000
vt 0.000000 0.000000
vt 0.000000 0.000000
vt 0.000000 0.000000
vt 0.000000 0.000000
vt 0.000000 0.000000
vt 0.000000 0.000000
vt 0.000000 0.000000
vt 0.000000 0.000000
vt 0.000000 0.000000
vt 0.000000 0.000000
vt 0.000000 0.000000
vt 0.000000 0.000000
vt 0.000000 0.000000
vt 0.000000 0.000000
vt 0.000000 0.000000
vt 0.000000 0.000000
vt 0.000000 0.000000
vt 0.000000 0.000000
vt 0.000000 0.000000
vt 0.000000 0.000000
vt 0.000000 0.000000
vt 0.000000 0.000000
vt 0.000000 0.000000
vt 0.000000 0.000000
vt 0.000000 0.000000
vt 0.000000 0.000000
vt 0.000000 0.000000
vt 0.000000 0.000000
vt 0.000000 0.000000
vt 0.000000 0.000000
vt 0.000000 0.000000
vt 0.000000 0.000000
vt 0.000000 0.000000
vt 0.000000 0.000000
vt 0.000000 0.000000
vt 0.000000 0.000000
vt 0.000000 0.000000
vt 0.000000 0.000000
vt 0.000000 0.000000
vt 0.000000 0.000000
vt 0.000000 0.000000
vt 0.000000 0.000000
vt 0.000000 0.000000
vt 0.000000 0.000000
vt 0.000000 0.000000
vt 0.000000 0.000000
vt 0.000000 0.000000
vt 0.000000 0.000000
vt 0.000000 0.000000
vt 0.000000 0.000000
vt 0.000000 0.000000
vt 0.000000 0.000000
vt 0.000000 0.000000
vt 0.000000 0.000000
vt 0.000000 0.000000
vt 0.000000 0.000000
vt 0.000000 0.000000
vt 0.000000 0.000000
vt 0.000000 0.000000
vt 0.000000 0.000000
vt 0.000000 0.000000
vt 0.000000 0.000000
vt 0.000000 0.000000
vt 0.000000 0.000000
vt 0.000000 0.000000
vt 0.000000 0.000000
vt 0.000000 0.000000
vt 0.000000 0.000000
vt 0.000000 0.000000
vt 0.000000 0.000000
vt 0.000000 0.000000
vt 0.000000 0.000000
vt 0.000000 0.000000
vt 0.000000 0.000000
vt 0.000000 0.000000
vt 0.000000 0.000000
vt 0.000000 0.000000
vt 0.000000 0.000000
vt 0.000000 0.000000
vt 0.000000 0.000000
vt 0.000000 0.000000
vt 0.000000 0.000000
vt 0.000000 0.000000
vt 0.000000 0.000000
vt 0.000000 0.000000
vt 0.000000 0.000000
vt 0.000000 0.000000
vt 0.000000 0.000000
vt 0.000000 0.000000
vt 0.000000 0.000000
vt 0.000000 0.000000
vt 0.000000 0.000000
vt 0.000000 0.000000
vt 0.000000 0.000000
vt 0.000000 0.000000
vt 0.000000 0.000000
vt 0.000000 0.000000
vt 0.000000 0.000000
vt 0.000000 0.000000
vt 0.000000 0.000000
vt 0.000000 0.000000
vt 0.000000 0.000000
vt 0.000000 0.000000
vt 0.000000 0.000000
vt 0.000000 0.000000
vt 0.000000 0.000000
vt 0.000000 0.000000
vt 0.000000 0.000000
vt 0.000000 0.000000
vt 0.000000 0.000000
vt 0.000000 0.000000
vt 0.000000 0.000000
vt 0.000000 0.000000
vt 0.000000 0.000000
vt 0.000000 0.000000
vt 0.000000 0.000000
vt 0.000000 0.000000
vt 0.000000 0.000000
vt 0.000000 0.000000
vt 0.000000 0.000000
vt 0.000000 0.000000
vt 0.000000 0.000000
vt 0.000000 0.000000
vt 0.000000 0.000000
vt 0.000000 0.000000
vt 0.000000 0.000000
vt 0.000000 0.000000
vt 0.000000 0.000000
vt 0.000000 0.000000
vt 0.000000 0.000000
vt 0.000000 0.000000
vt 0.000000 0.000000
vt 0.000000 0.000000
vt 0.000000 0.000000
vt 0.000000 0.000000
vt 0.000000 0.000000
vt 0.000000 0.000000
vt 0.000000 0.000000
vt 0.000000 0.000000
vt 0.000000 0.000000
vt 0.000000 0.000000
vt 0.000000 0.000000
vt 0.000000 0.000000
vt 0.000000 0.000000
vt 0.000000 0.000000
vt 0.000000 0.000000
vt 0.000000 0.000000
vt 0.000000 0.000000
vt 0.000000 0.000000
vt 0.000000 0.000000
vt 0.000000 0.000000
vt 0.000000 0.000000
vt 0.000000 0.000000
vt 0.000000 0.000000
vt 0.000000 0.000000
vt 0.000000 0.000000
vt 0.000000 0.000000
vt 0.000000 0.000000
vt 0.000000 0.000000
vt 0.000000 0.000000
vt 0.000000 0.000000
vt 0.000000 0.000000
vt 0.000000 0.000000
vt 0.000000 0.000000
vt 0.000000 0.000000
vt 0.000000 0.000000
vt 0.000000 0.000000
vt 0.000000 0.000000
vt 0.000000 0.000000
vt 0.000000 0.000000
vt 0.000000 0.000000
vt 0.000000 0.000000
vt 0.000000 0.000000
vt 0.000000 0.000000
vt 0.000000 0.000000
vt 0.000000 0.000000
vt 0.000000 0.000000
vt 0.000000 0.000000
vt 0.000000 0.000000
vt 0.000000 0.000000
vt 0.000000 0.000000
vt 0.000000 0.000000
vt 0.000000 0.000000
vt 0.000000 0.000000
vt 0.000000 0.000000
vt 0.000000 0.000000
vt 0.000000 0.000000
vt 0.000000 0.000000
vt 0.000000 0.000000
vt 0.000000 0.000000
vt 0.000000 0.000000
vt 0.000000 0.000000
vt 0.000000 0.000000
vt 0.000000 0.000000
vt 0.000000 0.000000
vt 0.000000 0.000000
vt 0.000000 0.000000
vt 0.000000 0.000000
vt 0.000000 0.000000
vt 0.000000 0.000000
vt 0.000000 0.000000
vt 0.000000 0.000000
vt 0.000000 0.000000
vt 0.000000 0.000000
vt 0.000000 0.000000
vt 0.000000 0.000000
vt 0.000000 0.000000
vt 0.000000 0.000000
vt 0.000000 0.000000
vt 0.000000 0.000000
vt 0.000000 0.000000
vt 0.000000 0.000000
vt 0.000000 0.000000
vt 0.000000 0.000000
vt 0.000000 0.000000
vt 0.000000 0.000000
vt 0.000000 0.000000
vt 0.000000 0.000000
vt 0.000000 0.000000
vt 0.000000 0.000000
vt 0.000000 0.000000
vt 0.000000 0.000000
vt 0.000000 0.000000
vt 0.000000 0.000000
vt 0.000000 0.000000
vt 0.000000 0.000000
vt 0.000000 0.000000
vt 0.000000 0.000000
vt 0.000000 0.000000
vt 0.000000 0.000000
vt 0.000000 0.000000
vt 0.000000 0.000000
vt 0.000000 0.000000
vt 0.000000 0.000000
vt 0.000000 0.000000
vt 0.000000 0.000000
vt 0.000000 0.000000
vt 0.000000 0.000000
vt 0.000000 0.000000
vt 0.000000 0.000000
vt 0.000000 0.000000
vt 0.000000 0.000000
vt 0.000000 0.000000
vt 0.000000 0.000000
vt 0.000000 0.000000
vt 0.000000 0.000000
vt 0.000000 0.000000
vt 0.000000 0.000000
vt 0.000000 0.000000
vt 0.000000 0.000000
vt 0.000000 0.000000
vt 0.000000 0.000000
vt 0.000000 0.000000
vt 0.000000 0.000000
vt 0.000000 0.000000
vt 0.000000 0.000000
vt 0.000000 0.000000
vt 0.000000 0.000000
vt 0.000000 0.000000
vt 0.000000 0.000000
vt 0.000000 0.000000
vt 0.000000 0.000000
vt 0.000000 0.000000
vt 0.000000 0.000000
vt 0.000000 0.000000
vt 0.000000 0.000000
vt 0.000000 0.000000
vt 0.000000 0.000000
vt 0.000000 0.000000
vt 0.000000 0.000000
vt 0.000000 0.000000
vt 0.000000 0.000000
vt 0.000000 0.000000
vt 0.000000 0.000000
vt 0.000000 0.000000
vt 0.000000 0.000000
vt 0.000000 0.000000
vt 0.000000 0.000000
vt 0.000000 0.000000
vt 0.000000 0.000000
vt 0.000000 0.000000
vt 0.000000 0.000000
vt 0.000000 0.000000
vt 0.000000 0.000000
vt 0.000000 0.000000
vt 0.000000 0.000000
vt 0.000000 0.000000
vt 0.000000 0.000000
vt 0.000000 0.000000
vt 0.000000 0.000000
vt 0.000000 0.000000
vt 0.000000 0.000000
vt 0.000000 0.000000
vt 0.000000 0.000000
vt 0.000000 0.000000
vt 0.000000 0.000000
vt 0.000000 0.000000
vt 0.000000 0.000000
vt 0.000000 0.000000
vt 0.000000 0.000000
vt 0.000000 0.000000
vt 0.000000 0.000000
vt 0.000000 0.000000
vt 0.000000 0.000000
vt 0.000000 0.000000
vt 0.000000 0.000000
vt 0.000000 0.000000
vt 0.000000 0.000000
vt 0.000000 0.000000
vt 0.000000 0.000000
vt 0.000000 0.000000
vt 0.000000 0.000000
vt 0.000000 0.000000
vt 0.000000 0.000000
vt 0.000000 0.000000
vt 0.000000 0.000000
vt 0.000000 0.000000
vt 0.000000 0.000000
vt 0.000000 0.000000
vt 0.000000 0.000000
vt 0.000000 0.000000
vt 0.000000 0.000000
vt 0.000000 0.000000
vt 0.000000 0.000000
vt 0.000000 0.000000
vt 0.000000 0.000000
vt 0.000000 0.000000
vt 0.000000 0.000000
vt 0.000000 0.000000
vt 0.000000 0.000000
vt 0.000000 0.000000
vt 0.000000 0.000000
vt 0.000000 0.000000
vt 0.000000 0.000000
vt 0.000000 0.000000
vt 0.000000 0.000000
vt 0.000000 0.000000
vt 0.000000 0.000000
vt 0.000000 0.000000
vt 0.000000 0.000000
vt 0.000000 0.000000
vt 0.000000 0.000000
vt 0.000000 0.000000
vt 0.000000 0.000000
vt 0.000000 0.000000
vt 0.000000 0.000000
vt 0.000000 0.000000
vt 0.000000 0.000000
vt 0.000000 0.000000
vt 0.000000 0.000000
vt 0.000000 0.000000
vt 0.000000 0.000000
vt 0.000000 0.000000
vt 0.000000 0.000000
vt 0.000000 0.000000
vt 0.000000 0.000000
vt 0.000000 0.000000
vt 0.000000 0.000000
vt 0.000000 0.000000
vt 0.000000 0.000000
vt 0.000000 0.000000
vt 0.000000 0.000000
vt 0.000000 0.000000
vt 0.000000 0.000000
vt 0.000000 0.000000
vt 0.000000 0.000000
vt 0.000000 0.000000
vt 0.000000 0.000000
vt 0.000000 0.000000
vt 0.000000 0.000000
vt 0.000000 0.000000
vt 0.000000 0.000000
vt 0.000000 0.000000
vt 0.000000 0.000000
vt 0.000000 0.000000
vt 0.000000 0.000000
vt 0.000000 0.000000
vt 0.000000 0.000000
vt 0.000000 0.000000
vt 0.000000 0.000000
vt 0.000000 0.000000
vt 0.000000 0.000000
vt 0.000000 0.000000
vt 0.000000 0.000000
vt 0.000000 0.000000
vt 0.000000 0.000000
vt 0.000000 0.000000
vt 0.000000 0.000000
vt 0.000000 0.000000
vt 0.000000 0.000000
vt 0.000000 0.000000
vt 0.000000 0.000000
vt 0.000000 0.000000
vt 0.000000 0.000000
vt 0.000000 0.000000
vt 0.000000 0.000000
vt 0.000000 0.000000
vt 0.000000 0.000000
vt 0.000000 0.000000
vt 0.000000 0.000000
vt 0.000000 0.000000
vt 0.000000 0.000000
vt 0.000000 0.000000
vt 0.000000 0.000000
vt 0.000000 0.000000
vt 0.000000 0.000000
vt 0.000000 0.000000
vt 0.000000 0.000000
vt 0.000000 0.000000
vt 0.000000 0.000000
vt 0.000000 0.000000
vt 0.000000 0.000000
vt 0.000000 0.000000
vt 0.000000 0.000000
vt 0.000000 0.000000
vt 0.000000 0.000000
vt 0.000000 0.000000
vt 0.000000 0.000000
vt 0.000000 0.000000
vt 0.000000 0.000000
vt 0.000000 0.000000
vt 0.000000 0.000000
vt 0.000000 0.000000
vt 0.000000 0.000000
vt 0.000000 0.000000
vt 0.000000 0.000000
vt 0.000000 0.000000
vt 0.000000 0.000000
vt 0.000000 0.000000
vt 0.000000 0.000000
vt 0.000000 0.000000
vt 0.000000 0.000000
vt 0.000000 0.000000
vt 0.000000 0.000000
vt 0.000000 0.000000
vt 0.000000 0.000000
vt 0.000000 0.000000
vt 0.000000 0.000000
vt 0.000000 0.000000
vt 0.000000 0.000000
vt 0.000000 0.000000
vt 0.000000 0.000000
vt 0.000000 0.000000
vt 0.000000 0.000000
vt 0.000000 0.000000
vt 0.000000 0.000000
vt 0.000000 0.000000
vt 0.000000 0.000000
vt 0.000000 0.000000
vt 0.000000 0.000000
vt 0.000000 0.000000
vt 0.000000 0.000000
vt 0.000000 0.000000
vt 0.000000 0.000000
vt 0.000000 0.000000
vt 0.000000 0.000000
vt 0.000000 0.000000
vt 0.000000 0.000000
vt 0.000000 0.000000
vt 0.000000 0.000000
vt 0.000000 0.000000
vt 0.000000 0.000000
vt 0.000000 0.000000
vt 0.000000 0.000000
vt 0.000000 0.000000
vt 0.000000 0.000000
vt 0.000000 0.000000
vt 0.000000 0.000000
vt 0.000000 0.000000
vt 0.000000 0.000000
vt 0.000000 0.000000
vt 0.000000 0.000000
vt 0.000000 0.000000
vt 0.000000 0.000000
vt 0.000000 0.000000
vt 0.000000 0.000000
vt 0.000000 0.000000
vt 0.000000 0.000000
vt 0.000000 0.000000
vt 0.000000 0.000000
vt 0.000000 0.000000
vt 0.000000 0.000000
vt 0.000000 0.000000
vt 0.000000 0.000000
vt 0.000000 0.000000
vt 0.000000 0.000000
vt 0.000000 0.000000
vt 0.000000 0.000000
vt 0.000000 0.000000
vt 0.000000 0.000000
vt 0.000000 0.000000
vt 0.000000 0.000000
vt 0.000000 0.000000
vt 0.000000 0.000000
vt 0.000000 0.000000
vt 0.000000 0.000000
vt 0.000000 0.000000
vt 0.000000 0.000000
vt 0.000000 0.000000
vt 0.000000 0.000000
vt 0.000000 0.000000
vt 0.000000 0.000000
vt 0.000000 0.000000
vt 0.000000 0.000000
vt 0.000000 0.000000
vt 0.000000 0.000000
vt 0.000000 0.000000
vt 0.000000 0.000000
vt 0.000000 0.000000
vt 0.000000 0.000000
vt 0.000000 0.000000
vt 0.000000 0.000000
vt 0.000000 0.000000
vt 0.000000 0.000000
vt 0.000000 0.000000
vt 0.000000 0.000000
vt 0.000000 0.000000
vt 0.000000 0.000000
vt 0.000000 0.000000
vt 0.000000 0.000000
vt 0.000000 0.000000
vt 0.000000 0.000000
vt 0.000000 0.000000
vt 0.000000 0.000000
vt 0.000000 0.000000
vt 0.000000 0.000000
vt 0.000000 0.000000
vt 0.000000 0.000000
vt 0.000000 0.000000
vt 0.000000 0.000000
vt 0.000000 0.000000
vt 0.000000 0.000000
vt 0.000000 0.000000
vt 0.000000 0.000000
vt 0.000000 0.000000
vt 0.000000 0.000000
vt 0.000000 0.000000
vt 0.000000 0.000000
vt 0.000000 0.000000
vt 0.000000 0.000000
vt 0.000000 0.000000
vt 0.000000 0.000000
vt 0.000000 0.000000
vt 0.000000 0.000000
vt 0.000000 0.000000
vt 0.000000 0.000000
vt 0.000000 0.000000
vt 0.000000 0.000000
vt 0.000000 0.000000
vt 0.000000 0.000000
vt 0.000000 0.000000
vt 0.000000 0.000000
vt 0.000000 0.000000
vt 0.000000 0.000000
vt 0.000000 0.000000
vt 0.000000 0.000000
vt 0.000000 0.000000
vt 0.000000 0.000000
vt 0.000000 0.000000
vt 0.000000 0.000000
vt 0.000000 0.000000
vt 0.000000 0.000000
vt 0.000000 0.000000
vt 0.000000 0.000000
vt 0.000000 0.000000
vt 0.000000 0.000000
vt 0.000000 0.000000
vt 0.000000 0.000000
vt 0.000000 0.000000
vt 0.000000 0.000000
vt 0.000000 0.000000
vt 0.000000 0.000000
vt 0.000000 0.000000
vt 0.000000 0.000000
vt 0.000000 0.000000
vt 0.000000 0.000000
vt 0.000000 0.000000
vt 0.000000 0.000000
vt 0.000000 0.000000
vt 0.000000 0.000000
vt 0.000000 0.000000
vt 0.000000 0.000000
vt 0.000000 0.000000
vt 0.000000 0.000000
vt 0.000000 0.000000
vt 0.000000 0.000000
vt 0.000000 0.000000
vt 0.000000 0.000000
vt 0.000000 0.000000
vt 0.000000 0.000000
vt 0.000000 0.000000
vt 0.000000 0.000000
vt 0.000000 0.000000
vt 0.000000 0.000000
vt 0.000000 0.000000
vt 0.000000 0.000000
vt 0.000000 0.000000
vt 0.000000 0.000000
vt 0.000000 0.000000
vt 0.000000 0.000000
vt 0.000000 0.000000
vt 0.000000 0.000000
vt 0.000000 0.000000
vt 0.000000 0.000000
vt 0.000000 0.000000
vt 0.000000 0.000000
vt 0.000000 0.000000
vt 0.000000 0.000000
vt 0.000000 0.000000
vt 0.000000 0.000000
vt 0.000000 0.000000
vt 0.000000 0.000000
vt 0.000000 0.000000
vt 0.000000 0.000000
vt 0.000000 0.000000
vt 0.000000 0.000000
vt 0.000000 0.000000
vt 0.000000 0.000000
vt 0.000000 0.000000
vt 0.000000 0.000000
vt 0.000000 0.000000
vt 0.000000 0.000000
vt 0.000000 0.000000
vt 0.000000 0.000000
vt 0.000000 0.000000
vt 0.000000 0.000000
vt 0.000000 0.000000
vt 0.000000 0.000000
vt 0.000000 0.000000
vt 0.000000 0.000000
vt 0.000000 0.000000
vt 0.000000 0.000000
vt 0.000000 0.000000
vt 0.000000 0.000000
vt 0.000000 0.000000
vt 0.000000 0.000000
vt 0.000000 0.000000
vt 0.000000 0.000000
vt 0.000000 0.000000
vt 0.000000 0.000000
vt 0.000000 0.000000
vt 0.000000 0.000000
vt 0.000000 0.000000
vt 0.000000 0.000000
vt 0.000000 0.000000
vt 0.000000 0.000000
vt 0.000000 0.000000
vt 0.000000 0.000000
vt 0.000000 0.000000
vt 0.000000 0.000000
vt 0.000000 0.000000
vt 0.000000 0.000000
vt 0.000000 0.000000
vt 0.000000 0.000000
vt 0.000000 0.000000
vt 0.000000 0.000000
vt 0.000000 0.000000
vt 0.000000 0.000000
vt 0.000000 0.000000
vt 0.000000 0.000000
vt 0.000000 0.000000
vt 0.000000 0.000000
vt 0.000000 0.000000
vt 0.000000 0.000000
vt 0.000000 0.000000
vt 0.000000 0.000000
vt 0.000000 0.000000
vt 0.000000 0.000000
vt 0.000000 0.000000
vt 0.000000 0.000000
vt 0.000000 0.000000
vt 0.000000 0.000000
vt 0.000000 0.000000
vt 0.000000 0.000000
vt 0.000000 0.000000
vt 0.000000 0.000000
vt 0.000000 0.000000
vt 0.000000 0.000000
vt 0.000000 0.000000
vt 0.000000 0.000000
vt 0.000000 0.000000
vt 0.000000 0.000000
vt 0.000000 0.000000
vt 0.000000 0.000000
vt 0.000000 0.000000
vt 0.000000 0.000000
vt 0.000000 0.000000
vt 0.000000 0.000000
vt 0.000000 0.000000
vt 0.000000 0.000000
vt 0.000000 0.000000
vt 0.000000 0.000000
vt 0.000000 0.000000
vt 0.000000 0.000000
vt 0.000000 0.000000
vt 0.000000 0.000000
vt 0.000000 0.000000
vt 0.000000 0.000000
vt 0.000000 0.000000
vt 0.000000 0.000000
vt 0.000000 0.000000
vt 0.000000 0.000000
vt 0.000000 0.000000
vt 0.000000 0.000000
vt 0.000000 0.000000
vt 0.000000 0.000000
vt 0.000000 0.000000
vt 0.000000 0.000000
vt 0.000000 0.000000
vt 0.000000 0.000000
vt 0.000000 0.000000
vt 0.000000 0.000000
vt 0.000000 0.000000
vt 0.000000 0.000000
vt 0.000000 0.000000
vt 0.000000 0.000000
vt 0.000000 0.000000
vt 0.000000 0.000000
vt 0.000000 0.000000
vt 0.000000 0.000000
vt 0.000000 0.000000
vt 0.000000 0.000000
vt 0.000000 0.000000
vt 0.000000 0.000000
vt 0.000000 0.000000
vt 0.000000 0.000000
vt 0.000000 0.000000
vt 0.000000 0.000000
vt 0.000000 0.000000
vt 0.000000 0.000000
vt 0.000000 0.000000
vt 0.000000 0.000000
vt 0.000000 0.000000
vt 0.000000 0.000000
vt 0.000000 0.000000
vt 0.000000 0.000000
vt 0.000000 0.000000
vt 0.000000 0.000000
vt 0.000000 0.000000
vt 0.000000 0.000000
vt 0.000000 0.000000
vt 0.000000 0.000000
vt 0.000000 0.000000
vt 0.000000 0.000000
vt 0.000000 0.000000
vt 0.000000 0.000000
vt 0.000000 0.000000
vt 0.000000 0.000000
vt 0.000000 0.000000
vt 0.000000 0.000000
vt 0.000000 0.000000
vt 0.000000 0.000000
vt 0.000000 0.000000
vt 0.000000 0.000000
vt 0.000000 0.000000
vt 0.000000 0.000000
vt 0.000000 0.000000
vt 0.000000 0.000000
vt 0.000000 0.000000
vt 0.000000 0.000000
vt 0.000000 0.000000
vt 0.000000 0.000000
vt 0.000000 0.000000
vt 0.000000 0.000000
vt 0.000000 0.000000
vt 0.000000 0.000000
vt 0.000000 0.000000
vt 0.000000 0.000000
vt 0.000000 0.000000
vt 0.000000 0.000000
vt 0.000000 0.000000
vt 0.000000 0.000000
vt 0.000000 0.000000
vt 0.000000 0.000000
vt 0.000000 0.000000
vt 0.000000 0.000000
vt 0.000000 0.000000
vt 0.000000 0.000000
vt 0.000000 0.000000
vt 0.000000 0.000000
vt 0.000000 0.000000
vt 0.000000 0.000000
vt 0.000000 0.000000
vt 0.000000 0.000000
vt 0.000000 0.000000
vt 0.000000 0.000000
vt 0.000000 0.000000
vt 0.000000 0.000000
vt 0.000000 0.000000
vt 0.000000 0.000000
vt 0.000000 0.000000
vt 0.000000 0.000000
vt 0.000000 0.000000
vt 0.000000 0.000000
vt 0.000000 0.000000
vt 0.000000 0.000000
vt 0.000000 0.000000
vt 0.000000 0.000000
vt 0.000000 0.000000
vt 0.000000 0.000000
vt 0.000000 0.000000
vt 0.000000 0.000000
vt 0.000000 0.000000
vt 0.000000 0.000000
vt 0.000000 0.000000
vt 0.000000 0.000000
vt 0.000000 0.000000
vt 0.000000 0.000000
vt 0.000000 0.000000
vt 0.000000 0.000000
vt 0.000000 0.000000
vt 0.000000 0.000000
vt 0.000000 0.000000
vt 0.000000 0.000000
vt 0.000000 0.000000
vt 0.000000 0.000000
vt 0.000000 0.000000
vt 0.000000 0.000000
vt 0.000000 0.000000
vt 0.000000 0.000000
vt 0.000000 0.000000
vt 0.000000 0.000000
vt 0.000000 0.000000
vt 0.000000 0.000000
vt 0.000000 0.000000
vt 0.000000 0.000000
vt 0.000000 0.000000
vt 0.000000 0.000000
vt 0.000000 0.000000
vt 0.000000 0.000000
vt 0.000000 0.000000
vt 0.000000 0.000000
vt 0.000000 0.000000
vt 0.000000 0.000000
vt 0.000000 0.000000
vt 0.000000 0.000000
vt 0.000000 0.000000
vt 0.000000 0.000000
vt 0.000000 0.000000
vt 0.000000 0.000000
vt 0.000000 0.000000
vt 0.000000 0.000000
vt 0.000000 0.000000
vt 0.000000 0.000000
vt 0.000000 0.000000
vt 0.000000 0.000000
vt 0.000000 0.000000
vt 0.000000 0.000000
vt 0.000000 0.000000
vt 0.000000 0.000000
vt 0.000000 0.000000
vt 0.000000 0.000000
vt 0.000000 0.000000
vt 0.000000 0.000000
vt 0.000000 0.000000
vt 0.000000 0.000000
vt 0.000000 0.000000
vt 0.000000 0.000000
vt 0.000000 0.000000
vt 0.000000 0.000000
vt 0.000000 0.000000
vt 0.000000 0.000000
vt 0.000000 0.000000
vt 0.000000 0.000000
vt 0.000000 0.000000
vt 0.000000 0.000000
vt 0.000000 0.000000
vt 0.000000 0.000000
vt 0.000000 0.000000
vt 0.000000 0.000000
vt 0.000000 0.000000
vt 0.000000 0.000000
vt 0.000000 0.000000
vt 0.000000 0.000000
vt 0.000000 0.000000
vt 0.000000 0.000000
vt 0.000000 0.000000
vt 0.000000 0.000000
vt 0.000000 0.000000
vt 0.000000 0.000000
vt 0.000000 0.000000
vt 0.000000 0.000000
vt 0.000000 0.000000
vt 0.000000 0.000000
vt 0.000000 0.000000
vt 0.000000 0.000000
vt 0.000000 0.000000
vt 0.000000 0.000000
vt 0.000000 0.000000
vt 0.000000 0.000000
vt 0.000000 0.000000
vt 0.000000 0.000000
vt 0.000000 0.000000
vt 0.000000 0.000000
vt 0.000000 0.000000
vt 0.000000 0.000000
vt 0.000000 0.000000
vt 0.000000 0.000000
vt 0.000000 0.000000
vt 0.000000 0.000000
vt 0.000000 0.000000
vt 0.000000 0.000000
vt 0.000000 0.000000
vt 0.000000 0.000000
vt 0.000000 0.000000
vt 0.000000 0.000000
vt 0.000000 0.000000
vt 0.000000 0.000000
vt 0.000000 0.000000
vt 0.000000 0.000000
vt 0.000000 0.000000
vt 0.000000 0.000000
vt 0.000000 0.000000
vt 0.000000 0.000000
vt 0.000000 0.000000
vt 0.000000 0.000000
vt 0.000000 0.000000
vt 0.000000 0.000000
vt 0.000000 0.000000
vt 0.000000 0.000000
vt 0.000000 0.000000
vt 0.000000 0.000000
vt 0.000000 0.000000
vt 0.000000 0.000000
vt 0.000000 0.000000
vt 0.000000 0.000000
vt 0.000000 0.000000
vt 0.000000 0.000000
vt 0.000000 0.000000
vt 0.000000 0.000000
vt 0.000000 0.000000
vt 0.000000 0.000000
vt 0.000000 0.000000
vt 0.000000 0.000000
vt 0.000000 0.000000
vt 0.000000 0.000000
vt 0.000000 0.000000
vt 0.000000 0.000000
vt 0.000000 0.000000
vt 0.000000 0.000000
vt 0.000000 0.000000
vt 0.000000 0.000000
vt 0.000000 0.000000
vt 0.000000 0.000000
vt 0.000000 0.000000
vt 0.000000 0.000000
vt 0.000000 0.000000
vt 0.000000 0.000000
vt 0.000000 0.000000
vt 0.000000 0.000000
vt 0.000000 0.000000
vt 0.000000 0.000000
vt 0.000000 0.000000
vt 0.000000 0.000000
vt 0.000000 0.000000
vt 0.000000 0.000000
vt 0.000000 0.000000
vt 0.000000 0.000000
vt 0.000000 0.000000
vt 0.000000 0.000000
vt 0.000000 0.000000
vt 0.000000 0.000000
vt 0.000000 0.000000
vt 0.000000 0.000000
vt 0.000000 0.000000
vt 0.000000 0.000000
vt 0.000000 0.000000
vt 0.000000 0.000000
vt 0.000000 0.000000
vt 0.000000 0.000000
vt 0.000000 0.000000
vt 0.000000 0.000000
vt 0.000000 0.000000
vt 0.000000 0.000000
vt 0.000000 0.000000
vt 0.000000 0.000000
vt 0.000000 0.000000
vt 0.000000 0.000000
vt 0.000000 0.000000
vt 0.000000 0.000000
vt 0.000000 0.000000
vt 0.000000 0.000000
vt 0.000000 0.000000
vt 0.000000 0.000000
vt 0.000000 0.000000
vt 0.000000 0.000000
vt 0.000000 0.000000
vt 0.000000 0.000000
vt 0.000000 0.000000
vt 0.000000 0.000000
vt 0.000000 0.000000
vt 0.000000 0.000000
vt 0.000000 0.000000
vt 0.000000 0.000000
vt 0.000000 0.000000
vt 0.000000 0.000000
vt 0.000000 0.000000
vt 0.000000 0.000000
vt 0.000000 0.000000
vt 0.000000 0.000000
vt 0.000000 0.000000
vt 0.000000 0.000000
vt 0.000000 0.000000
vt 0.000000 0.000000
vt 0.000000 0.000000
vt 0.000000 0.000000
vt 0.000000 0.000000
vt 0.000000 0.000000
vt 0.000000 0.000000
vt 0.000000 0.000000
vt 0.000000 0.000000
vt 0.000000 0.000000
vt 0.000000 0.000000
vt 0.000000 0.000000
vt 0.000000 0.000000
vt 0.000000 0.000000
vt 0.000000 0.000000
vt 0.000000 0.000000
vt 0.000000 0.000000
vt 0.000000 0.000000
vt 0.000000 0.000000
vt 0.000000 0.000000
vt 0.000000 0.000000
vt 0.000000 0.000000
vt 0.000000 0.000000
vt 0.000000 0.000000
vt 0.000000 0.000000
vt 0.000000 0.000000
vt 0.000000 0.000000
vt 0.000000 0.000000
vt 0.000000 0.000000
vt 0.000000 0.000000
vt 0.000000 0.000000
vt 0.000000 0.000000
vt 0.000000 0.000000
vt 0.000000 0.000000
vt 0.000000 0.000000
vt 0.000000 0.000000
vt 0.000000 0.000000
vt 0.000000 0.000000
vt 0.000000 0.000000
vt 0.000000 0.000000
vt 0.000000 0.000000
vt 0.000000 0.000000
vt 0.000000 0.000000
vt 0.000000 0.000000
vt 0.000000 0.000000
vt 0.000000 0.000000
vt 0.000000 0.000000
vt 0.000000 0.000000
vt 0.000000 0.000000
vt 0.000000 0.000000
vt 0.000000 0.000000
vt 0.000000 0.000000
vt 0.000000 0.000000
vt 0.000000 0.000000
vt 0.000000 0.000000
vt 0.000000 0.000000
vt 0.000000 0.000000
vt 0.000000 0.000000
vt 0.000000 0.000000
vt 0.000000 0.000000
vt 0.000000 0.000000
vt 0.000000 0.000000
vt 0.000000 0.000000
vt 0.000000 0.000000
vt 0.000000 0.000000
vt 0.000000 0.000000
vt 0.000000 0.000000
vt 0.000000 0.000000
vt 0.000000 0.000000
vt 0.000000 0.000000
vt 0.000000 0.000000
vt 0.000000 0.000000
vt 0.000000 0.000000
vt 0.000000 0.000000
vt 0.000000 0.000000
vt 0.000000 0.000000
vt 0.000000 0.000000
vt 0.000000 0.000000
vt 0.000000 0.000000
vt 0.000000 0.000000
vt 0.000000 0.000000
vt 0.000000 0.000000
vt 0.000000 0.000000
vt 0.000000 0.000000
vt 0.000000 0.000000
vt 0.000000 0.000000
vt 0.000000 0.000000
vt 0.000000 0.000000
vt 0.000000 0.000000
vt 0.000000 0.000000
vt 0.000000 0.000000
vt 0.000000 0.000000
vt 0.000000 0.000000
vt 0.000000 0.000000
vt 0.000000 0.000000
vt 0.000000 0.000000
vt 0.000000 0.000000
vt 0.000000 0.000000
vt 0.000000 0.000000
vt 0.000000 0.000000
vt 0.000000 0.000000
vt 0.000000 0.000000
vt 0.000000 0.000000
vt 0.000000 0.000000
vt 0.000000 0.000000
vt 0.000000 0.000000
vt 0.000000 0.000000
vt 0.000000 0.000000
vt 0.000000 0.000000
vt 0.000000 0.000000
vt 0.000000 0.000000
vt 0.000000 0.000000
vt 0.000000 0.000000
vt 0.000000 0.000000
vt 0.000000 0.000000
vt 0.000000 0.000000
vt 0.000000 0.000000
vt 0.000000 0.000000
vt 0.000000 0.000000
vt 0.000000 0.000000
vt 0.000000 0.000000
vt 0.000000 0.000000
vt 0.000000 0.000000
vt 0.000000 0.000000
vt 0.000000 0.000000
vt 0.000000 0.000000
vt 0.000000 0.000000
vt 0.000000 0.000000
vt 0.000000 0.000000
vt 0.000000 0.000000
vt 0.000000 0.000000
vt 0.000000 0.000000
vt 0.000000 0.000000
vt 0.000000 0.000000
vt 0.000000 0.000000
vt 0.000000 0.000000
vt 0.000000 0.000000
vt 0.000000 0.000000
vt 0.000000 0.000000
vt 0.000000 0.000000
vt 0.000000 0.000000
vt 0.000000 0.000000
vt 0.000000 0.000000
vt 0.000000 0.000000
vt 0.000000 0.000000
vt 0.000000 0.000000
vt 0.000000 0.000000
vt 0.000000 0.000000
vt 0.000000 0.000000
vt 0.000000 0.000000
vt 0.000000 0.000000
vt 0.000000 0.000000
vt 0.000000 0.000000
vt 0.000000 0.000000
vt 0.000000 0.000000
vt 0.000000 0.000000
vt 0.000000 0.000000
vt 0.000000 0.000000
vt 0.000000 0.000000
vt 0.000000 0.000000
vt 0.000000 0.000000
vt 0.000000 0.000000
vt 0.000000 0.000000
vt 0.000000 0.000000
vt 0.000000 0.000000
vt 0.000000 0.000000
vt 0.000000 0.000000
vt 0.000000 0.000000
vt 0.000000 0.000000
vt 0.000000 0.000000
vt 0.000000 0.000000
vt 0.000000 0.000000
vt 0.000000 0.000000
vt 0.000000 0.000000
vt 0.000000 0.000000
vt 0.000000 0.000000
vt 0.000000 0.000000
vt 0.000000 0.000000
vt 0.000000 0.000000
vt 0.000000 0.000000
vt 0.000000 0.000000
vt 0.000000 0.000000
vt 0.000000 0.000000
vt 0.000000 0.000000
vt 0.000000 0.000000
vt 0.000000 0.000000
vt 0.000000 0.000000
vt 0.000000 0.000000
vt 0.000000 0.000000
vt 0.000000 0.000000
vt 0.000000 0.000000
vt 0.000000 0.000000
vt 0.000000 0.000000
vt 0.000000 0.000000
vt 0.000000 0.000000
vt 0.000000 0.000000
vt 0.000000 0.000000
vt 0.000000 0.000000
vt 0.000000 0.000000
vt 0.000000 0.000000
vt 0.000000 0.000000
vt 0.000000 0.000000
vt 0.000000 0.000000
vt 0.000000 0.000000
vt 0.000000 0.000000
vt 0.000000 0.000000
vt 0.000000 0.000000
vt 0.000000 0.000000
vt 0.000000 0.000000
vt 0.000000 0.000000
vt 0.000000 0.000000
vt 0.000000 0.000000
vt 0.000000 0.000000
vt 0.000000 0.000000
vt 0.000000 0.000000
vt 0.000000 0.000000
vt 0.000000 0.000000
vt 0.000000 0.000000
vt 0.000000 0.000000
vt 0.000000 0.000000
vt 0.000000 0.000000
vt 0.000000 0.000000
vt 0.000000 0.000000
vt 0.000000 0.000000
vt 0.000000 0.000000
vt 0.000000 0.000000
vt 0.000000 0.000000
vt 0.000000 0.000000
vt 0.000000 0.000000
vt 0.000000 0.000000
vt 0.000000 0.000000
vt 0.000000 0.000000
vt 0.000000 0.000000
vt 0.000000 0.000000
vt 0.000000 0.000000
vt 0.000000 0.000000
vt 0.000000 0.000000
vt 0.000000 0.000000
vt 0.000000 0.000000
vt 0.000000 0.000000
vt 0.000000 0.000000
vt 0.000000 0.000000
vt 0.000000 0.000000
vt 0.000000 0.000000
vt 0.000000 0.000000
vt 0.000000 0.000000
vt 0.000000 0.000000
vt 0.000000 0.000000
vt 0.000000 0.000000
vt 0.000000 0.000000
vt 0.000000 0.000000
vt 0.000000 0.000000
vt 0.000000 0.000000
vt 0.000000 0.000000
vt 0.000000 0.000000
vt 0.000000 0.000000
vt 0.000000 0.000000
vt 0.000000 0.000000
vt 0.000000 0.000000
vt 0.000000 0.000000
vt 0.000000 0.000000
vt 0.000000 0.000000
vt 0.000000 0.000000
vt 0.000000 0.000000
vt 0.000000 0.000000
vt 0.000000 0.000000
vt 0.000000 0.000000
vt 0.000000 0.000000
vt 0.000000 0.000000
vt 0.000000 0.000000
vt 0.000000 0.000000
vt 0.000000 0.000000
vt 0.000000 0.000000
vt 0.000000 0.000000
vt 0.000000 0.000000
vt 0.000000 0.000000
vt 0.000000 0.000000
vt 0.000000 0.000000
vt 0.000000 0.000000
vt 0.000000 0.000000
vt 0.000000 0.000000
vt 0.000000 0.000000
vt 0.000000 0.000000
vt 0.000000 0.000000
vt 0.000000 0.000000
vt 0.000000 0.000000
vt 0.000000 0.000000
vt 0.000000 0.000000
vt 0.000000 0.000000
vt 0.000000 0.000000
vt 0.000000 0.000000
vt 0.000000 0.000000
vt 0.000000 0.000000
vt 0.000000 0.000000
vt 0.000000 0.000000
vt 0.000000 0.000000
vt 0.000000 0.000000
vt 0.000000 0.000000
vt 0.000000 0.000000
vt 0.000000 0.000000
vt 0.000000 0.000000
vt 0.000000 0.000000
vt 0.000000 0.000000
vt 0.000000 0.000000
vt 0.000000 0.000000
vt 0.000000 0.000000
vt 0.000000 0.000000
vt 0.000000 0.000000
vt 0.000000 0.000000
vt 0.000000 0.000000
vt 0.000000 0.000000
vt 0.000000 0.000000
vt 0.000000 0.000000
vt 0.000000 0.000000
vt 0.000000 0.000000
vt 0.000000 0.000000
vt 0.000000 0.000000
vt 0.000000 0.000000
vt 0.000000 0.000000
vt 0.000000 0.000000
vt 0.000000 0.000000
vt 0.000000 0.000000
vt 0.000000 0.000000
vt 0.000000 0.000000
vt 0.000000 0.000000
vt 0.000000 0.000000
vt 0.000000 0.000000
vt 0.000000 0.000000
vt 0.000000 0.000000
vt 0.000000 0.000000
vt 0.000000 0.000000
vt 0.000000 0.000000
vt 0.000000 0.000000
vt 0.000000 0.000000
vt 0.000000 0.000000
vt 0.000000 0.000000
vt 0.000000 0.000000
vt 0.000000 0.000000
vt 0.000000 0.000000
vt 0.000000 0.000000
vt 0.000000 0.000000
vt 0.000000 0.000000
vt 0.000000 0.000000
vt 0.000000 0.000000
vt 0.000000 0.000000
vt 0.000000 0.000000
vt 0.000000 0.000000
vt 0.000000 0.000000
vt 0.000000 0.000000
vt 0.000000 0.000000
vt 0.000000 0.000000
vt 0.000000 0.000000
vt 0.000000 0.000000
vt 0.000000 0.000000
vt 0.000000 0.000000
vt 0.000000 0.000000
vt 0.000000 0.000000
vt 0.000000 0.000000
vt 0.000000 0.000000
vt 0.000000 0.000000
vt 0.000000 0.000000
vt 0.000000 0.000000
vt 0.000000 0.000000
vt 0.000000 0.000000
vt 0.000000 0.000000
vt 0.000000 0.000000
vt 0.000000 0.000000
vt 0.000000 0.000000
vt 0.000000 0.000000
vt 0.000000 0.000000
vt 0.000000 0.000000
vt 0.000000 0.000000
vt 0.000000 0.000000
vt 0.000000 0.000000
vt 0.000000 0.000000
vt 0.000000 0.000000
vt 0.000000 0.000000
vt 0.000000 0.000000
vt 0.000000 0.000000
vt 0.000000 0.000000
vt 0.000000 0.000000
vt 0.000000 0.000000
vt 0.000000 0.000000
vt 0.000000 0.000000
vt 0.000000 0.000000
vt 0.000000 0.000000
vt 0.000000 0.000000
vt 0.000000 0.000000
vt 0.000000 0.000000
vt 0.000000 0.000000
vt 0.000000 0.000000
vt 0.000000 0.000000
vt 0.000000 0.000000
vt 0.000000 0.000000
vt 0.000000 0.000000
vt 0.000000 0.000000
vt 0.000000 0.000000
vt 0.000000 0.000000
vt 0.000000 0.000000
vt 0.000000 0.000000
vt 0.000000 0.000000
vt 0.000000 0.000000
vt 0.000000 0.000000
vt 0.000000 0.000000
vt 0.000000 0.000000
vt 0.000000 0.000000
vt 0.000000 0.000000
vt 0.000000 0.000000
vt 0.000000 0.000000
vt 0.000000 0.000000
vt 0.000000 0.000000
vt 0.000000 0.000000
vt 0.000000 0.000000
vt 0.000000 0.000000
vt 0.000000 0.000000
vt 0.000000 0.000000
vt 0.000000 0.000000
vt 0.000000 0.000000
vt 0.000000 0.000000
vt 0.000000 0.000000
vt 0.000000 0.000000
vt 0.000000 0.000000
vt 0.000000 0.000000
vt 0.000000 0.000000
vt 0.000000 0.000000
vt 0.000000 0.000000
vt 0.000000 0.000000
vt 0.000000 0.000000
vt 0.000000 0.000000
vt 0.000000 0.000000
vt 0.000000 0.000000
vt 0.000000 0.000000
vt 0.000000 0.000000
vt 0.000000 0.000000
vt 0.000000 0.000000
vt 0.000000 0.000000
vt 0.000000 0.000000
vt 0.000000 0.000000
vt 0.000000 0.000000
vt 0.000000 0.000000
vt 0.000000 0.000000
vt 0.000000 0.000000
vt 0.000000 0.000000
vt 0.000000 0.000000
vt 0.000000 0.000000
vt 0.000000 0.000000
vt 0.000000 0.000000
vt 0.000000 0.000000
vt 0.000000 0.000000
vt 0.000000 0.000000
vt 0.000000 0.000000
vt 0.000000 0.000000
vt 0.000000 0.000000
vt 0.000000 0.000000
vt 0.000000 0.000000
vt 0.000000 0.000000
vt 0.000000 0.000000
vt 0.000000 0.000000
vt 0.000000 0.000000
vt 0.000000 0.000000
vt 0.000000 0.000000
vt 0.000000 0.000000
vt 0.000000 0.000000
vt 0.000000 0.000000
vt 0.000000 0.000000
vt 0.000000 0.000000
vt 0.000000 0.000000
vt 0.000000 0.000000
vt 0.000000 0.000000
vt 0.000000 0.000000
vt 0.000000 0.000000
vt 0.000000 0.000000
vt 0.000000 0.000000
vt 0.000000 0.000000
vt 0.000000 0.000000
vt 0.000000 0.000000
vt 0.000000 0.000000
vt 0.000000 0.000000
vt 0.000000 0.000000
vt 0.000000 0.000000
vt 0.000000 0.000000
vt 0.000000 0.000000
vt 0.000000 0.000000
vt 0.000000 0.000000
vt 0.000000 0.000000
vt 0.000000 0.000000
vt 0.000000 0.000000
vt 0.000000 0.000000
vt 0.000000 0.000000
vt 0.000000 0.000000
vt 0.000000 0.000000
vt 0.000000 0.000000
vt 0.000000 0.000000
vt 0.000000 0.000000
vt 0.000000 0.000000
vt 0.000000 0.000000
vt 0.000000 0.000000
vt 0.000000 0.000000
vt 0.000000 0.000000
vt 0.000000 0.000000
vt 0.000000 0.000000
vt 0.000000 0.000000
vt 0.000000 0.000000
vt 0.000000 0.000000
vt 0.000000 0.000000
vt 0.000000 0.000000
vt 0.000000 0.000000
vt 0.000000 0.000000
vt 0.000000 0.000000
vt 0.000000 0.000000
vt 0.000000 0.000000
vt 0.000000 0.000000
vt 0.000000 0.000000
vt 0.000000 0.000000
vt 0.000000 0.000000
vt 0.000000 0.000000
vt 0.000000 0.000000
vt 0.000000 0.000000
vt 0.000000 0.000000
vt 0.000000 0.000000
vt 0.000000 0.000000
vt 0.000000 0.000000
vt 0.000000 0.000000
vt 0.000000 0.000000
vt 0.000000 0.000000
vt 0.000000 0.000000
vt 0.000000 0.000000
vt 0.000000 0.000000
vt 0.000000 0.000000
vt 0.000000 0.000000
vt 0.000000 0.000000
vt 0.000000 0.000000
vt 0.000000 0.000000
vt 0.000000 0.000000
vt 0.000000 0.000000
vt 0.000000 0.000000
vt 0.000000 0.000000
vt 0.000000 0.000000
vt 0.000000 0.000000
vt 0.000000 0.000000
vt 0.000000 0.000000
vt 0.000000 0.000000
vt 0.000000 0.000000
vt 0.000000 0.000000
vt 0.000000 0.000000
vt 0.000000 0.000000
vt 0.000000 0.000000
vt 0.000000 0.000000
vt 0.000000 0.000000
vt 0.000000 0.000000
vt 0.000000 0.000000
vt 0.000000 0.000000
vt 0.000000 0.000000
vt 0.000000 0.000000
vt 0.000000 0.000000
vt 0.000000 0.000000
vt 0.000000 0.000000
vt 0.000000 0.000000
vt 0.000000 0.000000
vt 0.000000 0.000000
vt 0.000000 0.000000
vt 0.000000 0.000000
vt 0.000000 0.000000
vt 0.000000 0.000000
vt 0.000000 0.000000
vt 0.000000 0.000000
vt 0.000000 0.000000
vt 0.000000 0.000000
vt 0.000000 0.000000
vt 0.000000 0.000000
vt 0.000000 0.000000
vt 0.000000 0.000000
vt 0.000000 0.000000
vt 0.000000 0.000000
vt 0.000000 0.000000
vt 0.000000 0.000000
vt 0.000000 0.000000
vt 0.000000 0.000000
vt 0.000000 0.000000
vt 0.000000 0.000000
vt 0.000000 0.000000
vt 0.000000 0.000000
vt 0.000000 0.000000
vt 0.000000 0.000000
vt 0.000000 0.000000
vt 0.000000 0.000000
vt 0.000000 0.000000
vt 0.000000 0.000000
vt 0.000000 0.000000
vt 0.000000 0.000000
vt 0.000000 0.000000
vt 0.000000 0.000000
vt 0.000000 0.000000
vt 0.000000 0.000000
vt 0.000000 0.000000
vt 0.000000 0.000000
vt 0.000000 0.000000
vt 0.000000 0.000000
vt 0.000000 0.000000
vt 0.000000 0.000000
vt 0.000000 0.000000
vt 0.000000 0.000000
vt 0.000000 0.000000
vt 0.000000 0.000000
vt 0.000000 0.000000
vt 0.000000 0.000000
vt 0.000000 0.000000
vt 0.000000 0.000000
vt 0.000000 0.000000
vt 0.000000 0.000000
vt 0.000000 0.000000
vt 0.000000 0.000000
vt 0.000000 0.000000
vt 0.000000 0.000000
vt 0.000000 0.000000
vt 0.000000 0.000000
vt 0.000000 0.000000
vt 0.000000 0.000000
vt 0.000000 0.000000
vt 0.000000 0.000000
vt 0.000000 0.000000
vt 0.000000 0.000000
vt 0.000000 0.000000
vt 0.000000 0.000000
vt 0.000000 0.000000
vt 0.000000 0.000000
vt 0.000000 0.000000
vt 0.000000 0.000000
vt 0.000000 0.000000
vt 0.000000 0.000000
vt 0.000000 0.000000
vt 0.000000 0.000000
vt 0.000000 0.000000
vt 0.000000 0.000000
vt 0.000000 0.000000
vt 0.000000 0.000000
vt 0.000000 0.000000
vt 0.000000 0.000000
vt 0.000000 0.000000
vt 0.000000 0.000000
vt 0.000000 0.000000
vt 0.000000 0.000000
vt 0.000000 0.000000
vt 0.000000 0.000000
vt 0.000000 0.000000
vt 0.000000 0.000000
vt 0.000000 0.000000
vt 0.000000 0.000000
vt 0.000000 0.000000
vt 0.000000 0.000000
vt 0.000000 0.000000
vt 0.000000 0.000000
vt 0.000000 0.000000
vt 0.000000 0.000000
vt 0.000000 0.000000
vt 0.000000 0.000000
vt 0.000000 0.000000
vt 0.000000 0.000000
vt 0.000000 0.000000
vt 0.000000 0.000000
vt 0.000000 0.000000
vt 0.000000 0.000000
vt 0.000000 0.000000
vt 0.000000 0.000000
vt 0.000000 0.000000
vt 0.000000 0.000000
vt 0.000000 0.000000
vt 0.000000 0.000000
vt 0.000000 0.000000
vt 0.000000 0.000000
vt 0.000000 0.000000
vt 0.000000 0.000000
vt 0.000000 0.000000
vt 0.000000 0.000000
vt 0.000000 0.000000
vt 0.000000 0.000000
vt 0.000000 0.000000
vt 0.000000 0.000000
vt 0.000000 0.000000
vt 0.000000 0.000000
vt 0.000000 0.000000
vt 0.000000 0.000000
vt 0.000000 0.000000
vt 0.000000 0.000000
vt 0.000000 0.000000
vt 0.000000 0.000000
vt 0.000000 0.000000
vt 0.000000 0.000000
vt 0.000000 0.000000
vt 0.000000 0.000000
vt 0.000000 0.000000
vt 0.000000 0.000000
vt 0.000000 0.000000
vt 0.000000 0.000000
vt 0.000000 0.000000
vt 0.000000 0.000000
vt 0.000000 0.000000
vt 0.000000 0.000000
vt 0.000000 0.000000
vt 0.000000 0.000000
vt 0.000000 0.000000
vt 0.000000 0.000000
vt 0.000000 0.000000
vt 0.000000 0.000000
vt 0.000000 0.000000
vt 0.000000 0.000000
vt 0.000000 0.000000
vt 0.000000 0.000000
vt 0.000000 0.000000
vt 0.000000 0.000000
vt 0.000000 0.000000
vt 0.000000 0.000000
vt 0.000000 0.000000
vt 0.000000 0.000000
vt 0.000000 0.000000
vt 0.000000 0.000000
vt 0.000000 0.000000
vt 0.000000 0.000000
vt 0.000000 0.000000
vt 0.000000 0.000000
vt 0.000000 0.000000
vt 0.000000 0.000000
vt 0.000000 0.000000
vt 0.000000 0.000000
vt 0.000000 0.000000
vt 0.000000 0.000000
vt 0.000000 0.000000
vt 0.000000 0.000000
vt 0.000000 0.000000
vt 0.000000 0.000000
vt 0.000000 0.000000
vt 0.000000 0.000000
vt 0.000000 0.000000
vt 0.000000 0.000000
vt 0.000000 0.000000
vt 0.000000 0.000000
vt 0.000000 0.000000
vt 0.000000 0.000000
vt 0.000000 0.000000
vt 0.000000 0.000000
vt 0.000000 0.000000
vt 0.000000 0.000000
vt 0.000000 0.000000
vt 0.000000 0.000000
vt 0.000000 0.000000
vt 0.000000 0.000000
vt 0.000000 0.000000
vt 0.000000 0.000000
vt 0.000000 0.000000
vt 0.000000 0.000000
vt 0.000000 0.000000
vt 0.000000 0.000000
vt 0.000000 0.000000
vt 0.000000 0.000000
vt 0.000000 0.000000
vt 0.000000 0.000000
vt 0.000000 0.000000
vt 0.000000 0.000000
vt 0.000000 0.000000
vt 0.000000 0.000000
vt 0.000000 0.000000
vt 0.000000 0.000000
vt 0.000000 0.000000
vt 0.000000 0.000000
vt 0.000000 0.000000
vt 0.000000 0.000000
vt 0.000000 0.000000
vt 0.000000 0.000000
vt 0.000000 0.000000
vt 0.000000 0.000000
vt 0.000000 0.000000
vt 0.000000 0.000000
vt 0.000000 0.000000
vt 0.000000 0.000000
vt 0.000000 0.000000
vt 0.000000 0.000000
vt 0.000000 0.000000
vt 0.000000 0.000000
vt 0.000000 0.000000
vt 0.000000 0.000000
vt 0.000000 0.000000
vt 0.000000 0.000000
vt 0.000000 0.000000
vt 0.000000 0.000000
vt 0.000000 0.000000
vt 0.000000 0.000000
vt 0.000000 0.000000
vt 0.000000 0.000000
vt 0.000000 0.000000
vt 0.000000 0.000000
vt 0.000000 0.000000
vt 0.000000 0.000000
vt 0.000000 0.000000
vt 0.000000 0.000000
vt 0.000000 0.000000
vt 0.000000 0.000000
vt 0.000000 0.000000
vt 0.000000 0.000000
vt 0.000000 0.000000
vt 0.000000 0.000000
vt 0.000000 0.000000
vt 0.000000 0.000000
vt 0.000000 0.000000
vt 0.000000 0.000000
vt 0.000000 0.000000
vt 0.000000 0.000000
vt 0.000000 0.000000
vt 0.000000 0.000000
vt 0.000000 0.000000
vt 0.000000 0.000000
vt 0.000000 0.000000
vt 0.000000 0.000000
vt 0.000000 0.000000
vt 0.000000 0.000000
vt 0.000000 0.000000
vt 0.000000 0.000000
vt 0.000000 0.000000
vt 0.000000 0.000000
vt 0.000000 0.000000
vt 0.000000 0.000000
vt 0.000000 0.000000
vt 0.000000 0.000000
vt 0.000000 0.000000
vt 0.000000 0.000000
vt 0.000000 0.000000
vt 0.000000 0.000000
vt 0.000000 0.000000
vt 0.000000 0.000000
vt 0.000000 0.000000
vt 0.000000 0.000000
vt 0.000000 0.000000
vt 0.000000 0.000000
vt 0.000000 0.000000
vt 0.000000 0.000000
vt 0.000000 0.000000
vt 0.000000 0.000000
vt 0.000000 0.000000
vt 0.000000 0.000000
vt 0.000000 0.000000
vt 0.000000 0.000000
vt 0.000000 0.000000
vt 0.000000 0.000000
vt 0.000000 0.000000
vt 0.000000 0.000000
vt 0.000000 0.000000
vt 0.000000 0.000000
vt 0.000000 0.000000
vt 0.000000 0.000000
vt 0.000000 0.000000
vt 0.000000 0.000000
vt 0.000000 0.000000
vt 0.000000 0.000000
vt 0.000000 0.000000
vt 0.000000 0.000000
vt 0.000000 0.000000
vt 0.000000 0.000000
vt 0.000000 0.000000
vt 0.000000 0.000000
vt 0.000000 0.000000
vt 0.000000 0.000000
vt 0.000000 0.000000
vt 0.000000 0.000000
vt 0.000000 0.000000
vt 0.000000 0.000000
vt 0.000000 0.000000
vt 0.000000 0.000000
vt 0.000000 0.000000
vt 0.000000 0.000000
vt 0.000000 0.000000
vt 0.000000 0.000000
vt 0.000000 0.000000
vt 0.000000 0.000000
vt 0.000000 0.000000
vt 0.000000 0.000000
vt 0.000000 0.000000
vt 0.000000 0.000000
vt 0.000000 0.000000
vt 0.000000 0.000000
vt 0.000000 0.000000
vt 0.000000 0.000000
vt 0.000000 0.000000
vt 0.000000 0.000000
vt 0.000000 0.000000
vt 0.000000 0.000000
vt 0.000000 0.000000
vt 0.000000 0.000000
vt 0.000000 0.000000
vt 0.000000 0.000000
vt 0.000000 0.000000
vt 0.000000 0.000000
vt 0.000000 0.000000
vt 0.000000 0.000000
vt 0.000000 0.000000
vt 0.000000 0.000000
vt 0.000000 0.000000
vt 0.000000 0.000000
vt 0.000000 0.000000
vt 0.000000 0.000000
vt 0.000000 0.000000
vt 0.000000 0.000000
vt 0.000000 0.000000
vt 0.000000 0.000000
vt 0.000000 0.000000
vt 0.000000 0.000000
vt 0.000000 0.000000
vt 0.000000 0.000000
vt 0.000000 0.000000
vt 0.000000 0.000000
vt 0.000000 0.000000
vt 0.000000 0.000000
vt 0.000000 0.000000
vt 0.000000 0.000000
vt 0.000000 0.000000
vt 0.000000 0.000000
vt 0.000000 0.000000
vt 0.000000 0.000000
vt 0.000000 0.000000
vt 0.000000 0.000000
vt 0.000000 0.000000
vt 0.000000 0.000000
vt 0.000000 0.000000
vt 0.000000 0.000000
vt 0.000000 0.000000
vt 0.000000 0.000000
vt 0.000000 0.000000
vt 0.000000 0.000000
vt 0.000000 0.000000
vt 0.000000 0.000000
vt 0.000000 0.000000
vt 0.000000 0.000000
vt 0.000000 0.000000
vt 0.000000 0.000000
vt 0.000000 0.000000
vt 0.000000 0.000000
vt 0.000000 0.000000
vt 0.000000 0.000000
vt 0.000000 0.000000
vt 0.000000 0.000000
vt 0.000000 0.000000
vt 0.000000 0.000000
vt 0.000000 0.000000
vt 0.000000 0.000000
vt 0.000000 0.000000
vt 0.000000 0.000000
vt 0.000000 0.000000
vt 0.000000 0.000000
vt 0.000000 0.000000
vt 0.000000 0.000000
vt 0.000000 0.000000
vt 0.000000 0.000000
vt 0.000000 0.000000
vt 0.000000 0.000000
vt 0.000000 0.000000
vt 0.000000 0.000000
vt 0.000000 0.000000
vt 0.000000 0.000000
vt 0.000000 0.000000
vt 0.000000 0.000000
vt 0.000000 0.000000
vt 0.000000 0.000000
vt 0.000000 0.000000
vt 0.000000 0.000000
vt 0.000000 0.000000
vt 0.000000 0.000000
vt 0.000000 0.000000
vt 0.000000 0.000000
vt 0.000000 0.000000
vt 0.000000 0.000000
vt 0.000000 0.000000
vt 0.000000 0.000000
vt 0.000000 0.000000
vt 0.000000 0.000000
vt 0.000000 0.000000
vt 0.000000 0.000000
vt 0.000000 0.000000
vt 0.000000 0.000000
vt 0.000000 0.000000
vt 0.000000 0.000000
vt 0.000000 0.000000
vt 0.000000 0.000000
vt 0.000000 0.000000
vt 0.000000 0.000000
vt 0.000000 0.000000
vt 0.000000 0.000000
vt 0.000000 0.000000
vt 0.000000 0.000000
vt 0.000000 0.000000
vt 0.000000 0.000000
vt 0.000000 0.000000
vt 0.000000 0.000000
vt 0.000000 0.000000
vt 0.000000 0.000000
vt 0.000000 0.000000
vt 0.000000 0.000000
vt 0.000000 0.000000
vt 0.000000 0.000000
vt 0.000000 0.000000
vt 0.000000 0.000000
vt 0.000000 0.000000
vt 0.000000 0.000000
vt 0.000000 0.000000
vt 0.000000 0.000000
vt 0.000000 0.000000
vt 0.000000 0.000000
vt 0.000000 0.000000
vt 0.000000 0.000000
vt 0.000000 0.000000
vt 0.000000 0.000000
vt 0.000000 0.000000
vt 0.000000 0.000000
vt 0.000000 0.000000
vt 0.000000 0.000000
vt 0.000000 0.000000
vt 0.000000 0.000000
vt 0.000000 0.000000
vt 0.000000 0.000000
vt 0.000000 0.000000
vt 0.000000 0.000000
vt 0.000000 0.000000
vt 0.000000 0.000000
vt 0.000000 0.000000
vt 0.000000 0.000000
vt 0.000000 0.000000
vt 0.000000 0.000000
vt 0.000000 0.000000
vt 0.000000 0.000000
vt 0.000000 0.000000
vt 0.000000 0.000000
vt 0.000000 0.000000
vt 0.000000 0.000000
vt 0.000000 0.000000
vt 0.000000 0.000000
vt 0.000000 0.000000
vt 0.000000 0.000000
vt 0.000000 0.000000
vt 0.000000 0.000000
vt 0.000000 0.000000
vt 0.000000 0.000000
vt 0.000000 0.000000
vt 0.000000 0.000000
vt 0.000000 0.000000
vt 0.000000 0.000000
vt 0.000000 0.000000
vt 0.000000 0.000000
vt 0.000000 0.000000
vt 0.000000 0.000000
vt 0.000000 0.000000
vt 0.000000 0.000000
vt 0.000000 0.000000
vt 0.000000 0.000000
vt 0.000000 0.000000
vt 0.000000 0.000000
vt 0.000000 0.000000
vt 0.000000 0.000000
vt 0.000000 0.000000
vt 0.000000 0.000000
vt 0.000000 0.000000
vt 0.000000 0.000000
vt 0.000000 0.000000
vt 0.000000 0.000000
vt 0.000000 0.000000
vt 0.000000 0.000000
vt 0.000000 0.000000
vt 0.000000 0.000000
vt 0.000000 0.000000
vt 0.000000 0.000000
vt 0.000000 0.000000
vt 0.000000 0.000000
vt 0.000000 0.000000
vt 0.000000 0.000000
vt 0.000000 0.000000
vt 0.000000 0.000000
vt 0.000000 0.000000
vt 0.000000 0.000000
vt 0.000000 0.000000
vt 0.000000 0.000000
vt 0.000000 0.000000
vt 0.000000 0.000000
vt 0.000000 0.000000
vt 0.000000 0.000000
vt 0.000000 0.000000
vt 0.000000 0.000000
vt 0.000000 0.000000
vt 0.000000 0.000000
vt 0.000000 0.000000
vt 0.000000 0.000000
vt 0.000000 0.000000
vt 0.000000 0.000000
vt 0.000000 0.000000
vt 0.000000 0.000000
vt 0.000000 0.000000
vt 0.000000 0.000000
vt 0.000000 0.000000
vt 0.000000 0.000000
vt 0.000000 0.000000
vt 0.000000 0.000000
vt 0.000000 0.000000
vt 0.000000 0.000000
vt 0.000000 0.000000
vt 0.000000 0.000000
vt 0.000000 0.000000
vt 0.000000 0.000000
vt 0.000000 0.000000
vt 0.000000 0.000000
vt 0.000000 0.000000
vt 0.000000 0.000000
vt 0.000000 0.000000
vt 0.000000 0.000000
vt 0.000000 0.000000
vt 0.000000 0.000000
vt 0.000000 0.000000
vt 0.000000 0.000000
vt 0.000000 0.000000
vt 0.000000 0.000000
vt 0.000000 0.000000
vt 0.000000 0.000000
vt 0.000000 0.000000
vt 0.000000 0.000000
vt 0.000000 0.000000
vt 0.000000 0.000000
vt 0.000000 0.000000
vt 0.000000 0.000000
vt 0.000000 0.000000
vt 0.000000 0.000000
vt 0.000000 0.000000
vt 0.000000 0.000000
vt 0.000000 0.000000
vt 0.000000 0.000000
vt 0.000000 0.000000
vt 0.000000 0.000000
vt 0.000000 0.000000
vt 0.000000 0.000000
vt 0.000000 0.000000
vt 0.000000 0.000000
vt 0.000000 0.000000
vt 0.000000 0.000000
vt 0.000000 0.000000
vt 0.000000 0.000000
vt 0.000000 0.000000
vt 0.000000 0.000000
vt 0.000000 0.000000
vt 0.000000 0.000000
vt 0.000000 0.000000
vt 0.000000 0.000000
vt 0.000000 0.000000
vt 0.000000 0.000000
vt 0.000000 0.000000
vt 0.000000 0.000000
vt 0.000000 0.000000
vt 0.000000 0.000000
vt 0.000000 0.000000
vt 0.000000 0.000000
vt 0.000000 0.000000
vt 0.000000 0.000000
vt 0.000000 0.000000
vt 0.000000 0.000000
vt 0.000000 0.000000
vt 0.000000 0.000000
vt 0.000000 0.000000
vt 0.000000 0.000000
vt 0.000000 0.000000
vt 0.000000 0.000000
vt 0.000000 0.000000
vt 0.000000 0.000000
vt 0.000000 0.000000
vt 0.000000 0.000000
vt 0.000000 0.000000
vt 0.000000 0.000000
vt 0.000000 0.000000
vt 0.000000 0.000000
vt 0.000000 0.000000
vt 0.000000 0.000000
vt 0.000000 0.000000
vt 0.000000 0.000000
vt 0.000000 0.000000
vt 0.000000 0.000000
vt 0.000000 0.000000
vt 0.000000 0.000000
vt 0.000000 0.000000
vt 0.000000 0.000000
vt 0.000000 0.000000
vt 0.000000 0.000000
vt 0.000000 0.000000
vt 0.000000 0.000000
vt 0.000000 0.000000
vt 0.000000 0.000000
vt 0.000000 0.000000
vt 0.000000 0.000000
vt 0.000000 0.000000
vt 0.000000 0.000000
vt 0.000000 0.000000
vt 0.000000 0.000000
vt 0.000000 0.000000
vt 0.000000 0.000000
vt 0.000000 0.000000
vt 0.000000 0.000000
vt 0.000000 0.000000
vt 0.000000 0.000000
vt 0.000000 0.000000
vt 0.000000 0.000000
vt 0.000000 0.000000
vt 0.000000 0.000000
vt 0.000000 0.000000
vt 0.000000 0.000000
vt 0.000000 0.000000
vt 0.000000 0.000000
vt 0.000000 0.000000
vt 0.000000 0.000000
vt 0.000000 0.000000
vt 0.000000 0.000000
vt 0.000000 0.000000
vt 0.000000 0.000000
vt 0.000000 0.000000
vt 0.000000 0.000000
vt 0.000000 0.000000
vt 0.000000 0.000000
vt 0.000000 0.000000
vt 0.000000 0.000000
vt 0.000000 0.000000
vt 0.000000 0.000000
vt 0.000000 0.000000
vt 0.000000 0.000000
vt 0.000000 0.000000
vt 0.000000 0.000000
vt 0.000000 0.000000
vt 0.000000 0.000000
vt 0.000000 0.000000
vt 0.507732 0.620607
vt 0.508195 0.620633
vt 0.508736 0.620731
vt 0.508897 0.620776
vt 0.508922 0.620787
vt 0.509104 0.620846
vt 0.509375 0.620952
vt 0.509783 0.621159
vt 0.509971 0.621276
vt 0.509993 0.621296
vt 0.510081 0.621356
vt 0.510343 0.621560
vt 0.510590 0.621790
vt 0.510716 0.621927
vt 0.510823 0.622054
vt 0.510839 0.622083
vt 0.510839 0.622084
vt 0.510972 0.622262
vt 0.511176 0.622597
vt 0.511342 0.622960
vt 0.511367 0.623034
vt 0.511374 0.623072
vt 0.511423 0.623214
vt 0.511522 0.623652
vt 0.511558 0.624104
vt 0.511558 0.624121
vt 0.511558 0.624191
vt 0.511558 0.625879
vt 0.511550 0.625923
vt 0.511543 0.626138
vt 0.511477 0.626594
vt 0.511370 0.626966
vt 0.511369 0.626966
vt 0.511351 0.626999
vt 0.511323 0.627073
vt 0.511283 0.627174
vt 0.511090 0.627558
vt 0.510847 0.627915
vt 0.510822 0.627946
vt 0.510797 0.627970
vt 0.510566 0.628232
vt 0.510500 0.628298
vt 0.510225 0.628540
vt 0.509970 0.628725
vt 0.509943 0.628738
vt 0.509899 0.628766
vt 0.509615 0.628932
vt 0.509328 0.629069
vt 0.509037 0.629180
vt 0.508896 0.629224
vt 0.508869 0.629228
vt 0.508708 0.629273
vt 0.508269 0.629358
vt 0.507990 0.629387
vt 0.507705 0.629397
vt 0.503940 0.629397
vt 0.503853 0.629397
vt 0.503826 0.629393
vt 0.503363 0.629367
vt 0.502822 0.629268
vt 0.502661 0.629224
vt 0.502636 0.629213
vt 0.502454 0.629154
vt 0.502183 0.629048
vt 0.501775 0.628841
vt 0.501587 0.628724
vt 0.501565 0.628704
vt 0.501477 0.628644
vt 0.501214 0.628440
vt 0.500968 0.628210
vt 0.500841 0.628073
vt 0.500735 0.627946
vt 0.500719 0.627917
vt 0.500719 0.627916
vt 0.500586 0.627738
vt 0.500381 0.627403
vt 0.500216 0.627040
vt 0.500188 0.626966
vt 0.500182 0.626928
vt 0.500182 0.626928
vt 0.500135 0.626785
vt 0.500036 0.626348
vt 0.500000 0.625896
vt 0.500000 0.625879
vt 0.500000 0.624191
vt 0.500000 0.624121
vt 0.500008 0.624077
vt 0.500015 0.623862
vt 0.500081 0.623406
vt 0.500188 0.623034
vt 0.500188 0.623034
vt 0.500207 0.623001
vt 0.500234 0.622927
vt 0.500275 0.622826
vt 0.500468 0.622442
vt 0.500711 0.622085
vt 0.500735 0.622054
vt 0.500761 0.622030
vt 0.500992 0.621768
vt 0.501057 0.621702
vt 0.501333 0.621460
vt 0.501587 0.621275
vt 0.501615 0.621262
vt 0.501659 0.621234
vt 0.501943 0.621068
vt 0.502230 0.620931
vt 0.502521 0.620820
vt 0.502661 0.620776
vt 0.502689 0.620772
vt 0.502850 0.620727
vt 0.503289 0.620642
vt 0.503568 0.620613
vt 0.503853 0.620603
vt 0.507618 0.620603
vt 0.507705 0.620603
vt 0.000000 0.000000
vt 0.000000 0.000000
vt 0.000000 0.000000
vt 0.000000 0.000000
vt 0.000000 0.000000
vn -1.0000 0.0000 0.0000
vn 0.0000 -1.0000 0.0000
vn 1.0000 -0.0000 0.0000
vn 0.0000 1.0000 0.0000
vn 0.0000 0.6417 0.7670
vn 0.0000 0.3454 0.9385
vn 0.0000 0.8262 -0.5633
vn 0.0000 -0.9512 0.3084
vn 0.0000 -0.9998 -0.0191
vn 0.0000 0.9545 -0.2981
vn 0.0791 0.9968 0.0081
vn 0.0000 0.9983 0.0585
vn 0.0022 0.9984 0.0567
vn -0.0003 0.9945 0.1046
vn -0.0015 0.9987 0.0511
vn 0.0000 1.0000 0.0007
vn 0.0000 1.0000 -0.0082
vn 0.0123 0.9987 -0.0485
vn 0.0131 0.9466 -0.3221
vn -0.0075 0.9278 -0.3730
vn 0.0000 0.9312 -0.3645
vn 0.0000 0.7617 -0.6479
vn 0.0000 0.8048 -0.5935
vn 0.0481 0.7800 -0.6240
vn -0.0025 0.7964 -0.6048
vn 0.0010 0.7625 -0.6470
vn 0.0313 0.5363 -0.8434
vn 0.0271 0.5381 -0.8424
vn 0.0000 0.5745 -0.8185
vn -0.0103 0.5823 -0.8129
vn 0.0067 0.5545 -0.8322
vn 0.0000 0.5623 -0.8269
vn 0.0013 -0.4882 -0.8727
vn -0.0057 -0.5057 -0.8627
vn -0.0038 -0.6125 -0.7904
vn 0.0000 -0.5607 -0.8280
vn 0.0000 -0.5877 -0.8091
vn 0.0557 -0.5981 -0.7995
vn 0.0076 -0.6125 -0.7904
vn -0.0128 -0.6074 -0.7943
vn 0.0186 -0.5795 -0.8148
vn -0.0012 -0.5872 -0.8094
vn 0.0008 -0.5610 -0.8278
vn 0.0075 -0.5547 -0.8320
vn 0.0000 -0.5443 -0.8389
vn 0.0000 -0.5169 -0.8560
vn 0.0302 -0.5310 -0.8468
vn 0.0000 -0.5109 -0.8596
vn 0.0547 -0.7745 -0.6302
vn -0.0047 -0.8185 -0.5745
vn 0.0011 -0.7851 -0.6194
vn 0.0000 -0.7863 -0.6179
vn 0.0000 -0.7571 -0.6533
vn 0.0504 -0.9378 -0.3435
vn 0.0027 -0.9603 -0.2789
vn -0.0008 -0.9443 -0.3291
vn 0.0000 -0.9437 -0.3307
vn 0.0000 -0.9268 -0.3756
vn 0.0000 -0.7545 0.6563
vn 0.0000 -0.7914 0.6113
vn 0.0000 -0.5109 0.8596
vn 0.0000 -0.4836 0.8753
vn -0.0010 -0.4888 0.8724
vn 0.0071 -0.5093 0.8606
vn 0.0450 -0.5275 0.8483
vn 0.0216 -0.5382 0.8425
vn -0.0109 -0.5718 0.8203
vn 0.0000 -0.5625 0.8268
vn 0.0000 0.5535 0.8329
vn 0.0000 0.5020 0.8649
vn 0.1044 0.7766 0.6213
vn -0.0144 0.7533 0.6575
vn 0.0007 0.7885 0.6150
vn 0.0000 0.9565 0.2918
vn 0.0000 0.9229 0.3850
vn 0.0091 0.9249 0.3801
vn -0.0017 0.9426 0.3338
vn 0.0000 0.9444 0.3287
vn 0.0000 0.9478 0.3187
vn 0.0043 0.9592 0.2827
vn 0.0125 0.9576 0.2879
vn -0.0050 0.9703 0.2420
vn -0.0114 -0.1510 0.9885
vn 0.0536 -0.1250 0.9907
vn 0.0000 -0.1699 0.9855
vn 0.0000 -0.1749 0.9846
vn -0.0003 -0.1758 0.9844
vn 0.0140 -0.2268 0.9738
vn 0.0000 -0.2277 0.9737
vn 0.0265 0.9432 -0.3311
vn 0.0000 0.9619 -0.2735
vn -0.0024 0.9652 -0.2615
vn 0.0129 0.9752 -0.2211
vn 0.0131 0.9752 -0.2209
vn 0.0000 0.9825 -0.1864
vn 0.0000 0.9855 -0.1694
vn -0.0040 0.9905 -0.1372
vn 0.0017 0.9914 -0.1312
vn -0.0021 0.9983 -0.0585
vn 0.0000 0.9984 -0.0567
vn -0.0027 0.8296 -0.5584
vn 0.0058 0.8509 -0.5253
vn 0.0141 0.8554 -0.5177
vn 0.0000 0.8693 -0.4942
vn 0.0000 0.8821 -0.4710
vn -0.0077 0.8915 -0.4530
vn 0.0150 0.9062 -0.4226
vn 0.0000 0.9149 -0.4037
vn 0.0000 0.6484 -0.7613
vn -0.0004 0.6487 -0.7610
vn 0.0005 0.6659 -0.7460
vn 0.0000 0.6665 -0.7455
vn 0.0000 0.7017 -0.7125
vn 0.0056 0.6992 -0.7149
vn -0.0033 0.7397 -0.6729
vn 0.0000 0.7373 -0.6756
vn 0.0436 0.6305 -0.7749
vn 0.0838 0.6216 -0.7788
vn 0.0000 0.6065 -0.7951
vn -0.0599 0.6300 -0.7743
vn 0.0106 0.6132 -0.7898
vn -0.0037 0.6463 -0.7631
vn 0.0000 0.4894 -0.8721
vn 0.0000 0.5126 -0.8586
vn 0.0000 0.4363 -0.8998
vn -0.0111 0.4406 -0.8977
vn 0.0017 0.4797 -0.8774
vn -0.0043 0.4946 -0.8691
vn 0.0347 0.3404 -0.9397
vn -0.0132 0.3917 -0.9200
vn 0.0306 0.3814 -0.9239
vn 0.0000 0.3956 -0.9184
vn 0.0054 0.4006 -0.9162
vn -0.0091 0.3816 -0.9243
vn -0.0424 0.3630 -0.9308
vn 0.0000 0.3515 -0.9362
vn 0.0276 0.3398 -0.9401
vn 0.0000 0.3145 -0.9492
vn 0.0000 0.2920 -0.9564
vn -0.0157 0.2688 -0.9631
vn 0.0385 0.2388 -0.9703
vn 0.0000 0.2161 -0.9764
vn 0.0124 0.1744 -0.9846
vn -0.0018 0.1838 -0.9830
vn -0.0565 0.1835 -0.9814
vn -0.0095 0.1704 -0.9853
vn 0.0000 0.1924 -0.9813
vn 0.0010 0.1912 -0.9816
vn 0.0000 0.1618 -0.9868
vn -0.0081 0.1666 -0.9860
vn 0.0234 0.1164 -0.9929
vn 0.0000 0.1242 -0.9923
vn 0.0000 0.0700 -0.9975
vn 0.0000 -0.0109 -0.9999
vn 0.0585 0.0056 -0.9983
vn 0.1346 0.0198 -0.9907
vn 0.0000 0.0364 -0.9993
vn -0.0061 0.0744 -0.9972
vn 0.0082 0.0345 -0.9994
vn 0.0165 0.0369 -0.9992
vn -0.0131 -0.0005 -0.9999
vn -0.0293 0.0056 -0.9996
vn 0.0000 -0.0494 -0.9988
vn -0.0460 -0.0289 -0.9985
vn 0.0786 -0.1035 -0.9915
vn -0.0040 -0.0822 -0.9966
vn 0.0000 -0.1295 -0.9916
vn 0.0000 -0.3236 -0.9462
vn 0.0000 -0.2077 -0.9782
vn -0.0042 -0.2068 -0.9784
vn 0.0007 -0.1720 -0.9851
vn -0.0143 -0.1533 -0.9881
vn 0.0000 -0.1483 -0.9889
vn 0.1349 -0.1704 -0.9761
vn 0.1491 -0.1720 -0.9738
vn -0.0212 -0.2010 -0.9794
vn 0.0000 -0.2276 -0.9737
vn 0.0000 -0.2578 -0.9662
vn 0.0216 -0.2713 -0.9623
vn 0.0030 -0.2888 -0.9574
vn -0.0041 -0.3207 -0.9472
vn -0.0054 -0.4610 -0.8874
vn 0.0000 -0.4642 -0.8857
vn 0.0000 -0.4173 -0.9088
vn -0.0000 -0.3836 -0.9235
vn 0.0447 -0.3668 -0.9292
vn 0.0484 -0.3674 -0.9288
vn 0.0000 -0.3515 -0.9362
vn -0.0232 -0.3671 -0.9299
vn -0.0214 -0.3678 -0.9297
vn 0.0000 -0.7528 -0.6582
vn 0.0060 -0.7562 -0.6543
vn -0.0038 -0.7252 -0.6886
vn -0.0050 -0.7240 -0.6898
vn 0.0000 -0.7117 -0.7024
vn 0.0000 -0.6764 -0.7365
vn 0.0267 -0.6865 -0.7266
vn -0.0083 -0.6461 -0.7632
vn 0.0000 -0.6357 -0.7719
vn 0.0000 -0.6238 -0.7816
vn 0.0000 -0.7968 -0.6042
vn 0.0334 -0.8083 -0.5878
vn 0.0000 -0.8237 -0.5670
vn 0.0000 -0.8447 -0.5352
vn -0.0005 -0.8478 -0.5304
vn 0.0083 -0.8706 -0.4919
vn -0.0052 -0.8751 -0.4839
vn 0.0000 -0.8953 -0.4455
vn 0.0000 -0.8988 -0.4383
vn 0.0021 -0.9050 -0.4254
vn -0.0154 -0.9203 -0.3910
vn 0.0000 -0.9260 -0.3776
vn 0.0000 -0.9517 -0.3071
vn 0.0208 -0.9569 -0.2897
vn 0.0000 -0.9634 -0.2681
vn 0.0000 -0.9727 -0.2321
vn -0.0021 -0.9755 -0.2201
vn 0.0130 -0.9838 -0.1788
vn 0.0108 -0.9990 0.0437
vn -0.0025 -1.0000 0.0000
vn 0.0009 -0.9999 -0.0109
vn 0.0000 -0.9998 -0.0193
vn 0.0000 -0.9985 -0.0542
vn -0.0074 -0.9980 -0.0623
vn 0.0032 -0.9941 -0.1085
vn -0.0000 -0.9932 -0.1166
vn 0.0001 -0.9860 -0.1666
vn 0.0000 -0.9987 0.0515
vn 0.0004 -0.9987 0.0515
vn 0.0000 -0.9962 0.0876
vn 0.0000 -0.9955 0.0949
vn -0.0031 -0.9941 0.1088
vn 0.0130 -0.9887 0.1492
vn 0.0000 -0.9866 0.1629
vn 0.0000 -0.9800 0.1988
vn -0.0013 -0.9775 0.2108
vn 0.0134 -0.9680 0.2507
vn -0.0016 -0.9645 0.2640
vn 0.0000 -0.9542 0.2991
vn 0.0035 -0.9479 0.3187
vn -0.0022 -0.9436 0.3312
vn 0.0064 -0.9290 0.3700
vn 0.0000 -0.9271 0.3747
vn 0.0014 -0.9081 0.4187
vn 0.0000 -0.9141 0.4055
vn 0.0000 -0.9271 0.3748
vn 0.0000 -0.8297 0.5583
vn 0.0081 -0.8266 0.5627
vn -0.0038 -0.8591 0.5118
vn 0.0000 -0.8562 0.5167
vn 0.0000 -0.8839 0.4678
vn 0.0099 -0.8801 0.4748
vn -0.0038 -0.9034 0.4287
vn 0.0353 -0.6876 0.7253
vn 0.0016 -0.7252 0.6886
vn 0.0000 -0.7356 0.6774
vn 0.0000 -0.7390 0.6737
vn -0.0026 -0.7549 0.6559
vn 0.0321 -0.7722 0.6346
vn 0.0145 -0.7808 0.6246
vn -0.0076 -0.8051 0.5931
vn 0.0024 -0.7962 0.6050
vn 0.0000 -0.7996 0.6006
vn 0.0006 -0.5617 0.8273
vn 0.0000 -0.5728 0.8197
vn 0.0000 -0.5813 0.8137
vn 0.0983 -0.6212 0.7775
vn 0.0000 -0.6405 0.7679
vn -0.0114 -0.7020 0.7121
vn 0.0000 -0.6628 0.7488
vn 0.0000 -0.6524 0.7579
vn 0.0082 -0.6378 0.7701
vn -0.0456 -0.6089 0.7919
vn -0.0568 -0.6115 0.7892
vn -0.0059 -0.5910 0.8067
vn 0.0000 -0.5961 0.8029
vn 0.0372 -0.6121 0.7899
vn 0.0000 -0.3876 0.9218
vn -0.0001 -0.4365 0.8997
vn 0.0021 -0.4359 0.9000
vn 0.0000 -0.4803 0.8771
vn 0.0000 -0.2897 0.9571
vn 0.0000 -0.2790 0.9603
vn -0.0021 -0.2486 0.9686
vn 0.0680 -0.2186 0.9734
vn -0.0067 -0.1956 0.9807
vn 0.0000 -0.1758 0.9844
vn -0.0466 -0.3434 0.9380
vn 0.0000 -0.3331 0.9429
vn -0.0022 -0.2925 0.9563
vn 0.0064 -0.3309 0.9437
vn 0.1022 -0.3391 0.9352
vn 0.0133 -0.3678 0.9298
vn 0.0000 -0.3787 0.9255
vn -0.0067 -0.3679 0.9299
vn 0.0000 0.0161 0.9999
vn 0.0165 0.0056 0.9998
vn 0.1107 -0.0221 0.9936
vn 0.0000 -0.0327 0.9995
vn -0.0575 0.0056 0.9983
vn -0.0640 0.0037 0.9979
vn 0.0277 -0.0275 0.9992
vn 0.0000 -0.0507 0.9987
vn 0.0000 -0.0712 0.9975
vn -0.0122 -0.0969 0.9952
vn 0.0456 -0.1245 0.9912
vn 0.0000 -0.1472 0.9891
vn -0.0069 0.0248 0.9997
vn 0.0000 0.0323 0.9995
vn 0.0000 0.0527 0.9986
vn -0.0032 0.0483 0.9988
vn 0.0151 0.0992 0.9949
vn -0.0107 0.1068 0.9942
vn 0.0000 0.1490 0.9888
vn 0.0000 0.1568 0.9876
vn 0.0038 0.1668 0.9860
vn -0.0062 0.1744 0.9847
vn 0.0009 0.1838 0.9830
vn -0.0065 0.2229 0.9748
vn 0.0000 0.2241 0.9746
vn -0.0678 0.2928 0.9538
vn 0.0502 0.3223 0.9453
vn 0.0000 0.2711 0.9626
vn 0.0000 0.2480 0.9688
vn -0.0265 0.2168 0.9759
vn 0.1413 0.1925 0.9711
vn 0.0776 0.1832 0.9800
vn 0.0000 0.1650 0.9863
vn 0.0095 0.5073 0.8617
vn -0.0017 0.4797 0.8774
vn 0.0014 0.4702 0.8825
vn 0.0000 0.4659 0.8848
vn 0.0000 0.4300 0.9028
vn -0.0343 0.4156 0.9089
vn 0.0199 0.3803 0.9246
vn 0.0248 0.3815 0.9240
vn 0.0000 0.3686 0.9296
vn -0.0029 0.3716 0.9284
vn 0.0018 0.3816 0.9243
vn -0.0219 0.4210 0.9068
vn 0.0000 0.4250 0.9052
vn 0.0010 0.6390 0.7692
vn -0.0058 0.6311 0.7757
vn 0.0680 0.5951 0.8008
vn 0.0874 0.5363 0.8395
vn 0.0078 0.5170 0.8559
vn 0.0000 0.5566 0.8308
vn -0.0006 0.5644 0.8255
vn 0.0159 0.5912 0.8064
vn 0.0000 0.5975 0.8019
vn -0.0405 0.6076 0.7932
vn 0.0000 0.7472 0.6646
vn 0.0056 0.7497 0.6618
vn -0.0005 0.7227 0.6911
vn 0.0000 0.7250 0.6888
vn 0.0000 0.6901 0.7237
vn -0.0017 0.6895 0.7243
vn 0.0003 0.6501 0.7598
vn 0.0000 0.6495 0.7604
vn -0.0019 0.6311 0.7757
vn 0.0000 0.7918 0.6108
vn 0.0000 0.8136 0.5815
vn 0.0075 0.8169 0.5767
vn -0.0030 0.8442 0.5360
vn 0.0000 0.8474 0.5309
vn 0.0000 0.8584 0.5130
vn -0.0061 0.8715 0.4904
vn 0.0180 0.8843 0.4666
vn -0.0006 0.8970 0.4420
vn 0.0000 0.9059 0.4235
vn 0.0000 0.9194 0.3933
vn 0.0425 0.9341 0.3544
vn 0.0000 0.9732 0.2298
vn 0.0000 0.9782 0.2077
vn -0.0044 0.9816 0.1909
vn 0.0140 0.9879 0.1542
vn 0.0000 0.9905 0.1372
vn 0.0000 0.9947 0.1028
vn 0.0000 0.0000 1.0000
vn 0.0000 -0.0728 -0.9973
vn 0.0000 -0.8719 -0.4896
vn 0.0000 -0.8790 -0.4769
vn 0.0000 -0.9248 -0.3805
vn 0.0000 -0.9969 -0.0784
vn -0.0040 -0.9959 -0.0908
vn 0.0135 -0.9911 -0.1327
vn 0.0000 -0.9894 -0.1450
vn 0.0000 -0.9841 -0.1774
vn 0.0114 -0.9440 -0.3298
vn -0.0407 -0.9342 -0.3544
vn 0.0000 -0.9530 -0.3031
vn 0.0000 -0.9596 -0.2812
vn 0.0016 -0.9666 -0.2565
vn -0.0236 -0.9731 -0.2291
vn -0.0036 -0.9782 -0.2076
vn 0.0000 -0.9835 -0.1811
vn 0.0169 -0.9033 -0.4286
vn -0.0290 -0.8934 -0.4483
vn 0.0000 -0.9170 -0.3988
vn -0.0073 -0.8580 -0.5136
vn -0.0156 -0.8541 -0.5199
vn 0.0076 -0.8324 -0.5541
vn 0.0000 -0.8248 -0.5655
vn 0.0000 -0.8048 -0.5936
vn -0.0168 -0.7938 -0.6080
vn 0.0126 -0.7710 -0.6367
vn 0.0000 -0.7598 -0.6502
vn 0.0000 -0.7408 -0.6717
vn -0.0134 -0.7263 -0.6873
vn 0.0213 -0.7026 -0.7113
vn -0.0580 -0.6149 -0.7865
vn 0.0074 -0.6931 -0.7208
vn 0.0000 -0.6784 -0.7347
vn 0.0000 -0.6703 -0.7421
vn -0.0041 -0.6552 -0.7554
vn 0.0374 -0.6404 -0.7672
vn 0.0000 -0.5984 -0.8012
vn 0.0000 -0.5774 -0.8164
vn -0.0442 -0.5311 -0.8461
vn 0.0489 -0.5546 -0.8307
vn 0.0000 -0.5095 -0.8605
vn 0.0000 -0.4924 -0.8704
vn -0.0180 -0.4473 -0.8942
vn 0.0525 -0.4653 -0.8836
vn 0.0042 -0.4247 -0.9053
vn -0.0023 -0.4035 -0.9150
vn 0.0000 -0.4072 -0.9134
vn 0.0000 -0.3686 -0.9296
vn -0.0308 -0.3566 -0.9337
vn 0.0082 -0.3175 -0.9482
vn 0.0000 -0.3059 -0.9521
vn 0.0000 -0.2720 -0.9623
vn -0.0330 -0.2565 -0.9660
vn 0.0156 -0.2191 -0.9756
vn 0.0000 -0.2039 -0.9790
vn 0.0000 -0.1734 -0.9849
vn -0.0284 -0.1553 -0.9875
vn 0.0270 -0.1193 -0.9925
vn 0.0099 -0.1080 -0.9941
vn 0.0000 -0.0904 -0.9959
vn -0.0267 -0.0448 -0.9986
vn -0.0355 -0.0411 -0.9985
vn 0.0150 -0.0014 -0.9999
vn 0.0000 0.0133 -0.9999
vn 0.0000 0.0475 -0.9989
vn -0.0273 0.0616 -0.9977
vn 0.0216 0.1018 -0.9946
vn 0.0000 0.1160 -0.9932
vn 0.0000 0.1513 -0.9885
vn -0.0195 0.1643 -0.9862
vn 0.0255 0.2047 -0.9785
vn 0.0291 0.2029 -0.9788
vn 0.0000 0.2259 -0.9741
vn 0.0000 0.2556 -0.9668
vn -0.0181 0.2700 -0.9627
vn -0.0034 0.2821 -0.9594
vn 0.0054 0.3194 -0.9476
vn 0.0000 0.3222 -0.9467
vn 0.0000 0.3659 -0.9306
vn 0.0003 0.3658 -0.9307
vn -0.0004 0.4160 -0.9094
vn 0.0000 0.4158 -0.9094
vn 0.0000 0.4628 -0.8864
vn 0.0054 0.4592 -0.8883
vn -0.0104 0.5102 -0.8600
vn 0.0401 0.4921 -0.8696
vn 0.0000 0.5259 -0.8506
vn 0.0000 0.5524 -0.8336
vn -0.0117 0.5633 -0.8262
vn -0.0012 0.5744 -0.8186
vn 0.0023 0.6063 -0.7952
vn 0.0000 0.6075 -0.7943
vn 0.0000 0.6451 -0.7641
vn 0.0021 0.6437 -0.7653
vn -0.0034 0.6857 -0.7279
vn 0.0000 0.6843 -0.7292
vn 0.0000 0.7230 -0.6908
vn 0.0057 0.7189 -0.6951
vn -0.0034 0.7402 -0.6724
vn 0.0126 0.7594 -0.6505
vn 0.0000 0.7671 -0.6415
vn 0.0000 0.7908 -0.6120
vn -0.0050 0.7956 -0.6058
vn 0.0109 0.8228 -0.5682
vn 0.0000 0.8274 -0.5616
vn 0.0000 0.8473 -0.5311
vn -0.0018 0.8529 -0.5220
vn 0.0170 0.8746 -0.4845
vn 0.0000 0.8800 -0.4750
vn 0.0000 0.8985 -0.4390
vn -0.0001 0.9021 -0.4316
vn 0.0138 0.9205 -0.3906
vn 0.0382 0.9140 -0.4038
vn -0.0207 0.9403 -0.3397
vn 0.0000 0.9323 -0.3617
vn 0.0000 0.9478 -0.3188
vn -0.0019 0.9486 -0.3165
vn 0.0027 0.9638 -0.2668
vn 0.0000 0.9644 -0.2643
vn 0.0000 0.9758 -0.2187
vn -0.0008 0.9761 -0.2173
vn 0.0017 0.9863 -0.1652
vn 0.0000 0.9865 -0.1638
vn 0.0000 0.9934 -0.1151
vn 0.0002 0.9933 -0.1156
vn -0.0006 0.9981 -0.0608
vn 0.0000 0.9981 -0.0613
vn 0.0000 1.0000 -0.0093
vn 0.0000 0.9990 0.0453
vn 0.0000 0.9953 0.0971
vn 0.0001 0.9953 0.0967
vn -0.0007 0.9885 0.1514
vn 0.0000 0.9885 0.1509
vn 0.0000 0.9799 0.1994
vn -0.0000 0.9797 0.2004
vn 0.0022 0.9689 0.2474
vn -0.0042 0.9679 0.2512
vn 0.0002 0.9544 0.2987
vn 0.0000 0.9536 0.3012
vn 0.0000 0.9466 0.3224
vn 0.0163 0.9387 0.3445
vn -0.0102 0.9275 0.3736
vn 0.0000 0.9187 0.3949
vn 0.0000 0.9099 0.4148
vn -0.0031 0.9065 0.4223
vn 0.0114 0.8857 0.4642
vn 0.0000 0.8820 0.4713
vn 0.0000 0.8624 0.5061
vn -0.0016 0.8570 0.5153
vn 0.0159 0.8353 0.5495
vn -0.0060 0.8274 0.5615
vn 0.0000 0.8067 0.5909
vn 0.0000 0.8021 0.5972
vn 0.0068 0.7786 0.6274
vn -0.0204 0.7684 0.6396
vn 0.0006 0.7436 0.6686
vn 0.0000 0.7358 0.6772
vn 0.0000 0.7317 0.6817
vn -0.0113 0.6986 0.7154
vn 0.0045 0.6938 0.7201
vn -0.0003 0.6578 0.7532
vn 0.0000 0.6593 0.7519
vn 0.0000 0.6218 0.7831
vn -0.0039 0.6206 0.7841
vn 0.0007 0.5787 0.8155
vn 0.0000 0.5775 0.8164
vn 0.0000 0.5677 0.8232
vn 0.0071 0.5413 0.8408
vn -0.0354 0.5222 0.8521
vn 0.0016 0.4949 0.8689
vn 0.0000 0.4793 0.8777
vn 0.0000 0.4756 0.8796
vn -0.0088 0.4323 0.9017
vn 0.0006 0.4298 0.9029
vn -0.0000 0.3831 0.9237
vn 0.0000 0.3833 0.9236
vn 0.0000 0.3394 0.9407
vn -0.0095 0.3366 0.9416
vn 0.0020 0.2880 0.9576
vn 0.0000 0.2852 0.9585
vn 0.0000 0.2735 0.9619
vn 0.0079 0.2437 0.9698
vn -0.0512 0.2199 0.9742
vn -0.0213 0.2029 0.9790
vn 0.0000 0.1827 0.9832
vn 0.0000 0.1696 0.9855
vn 0.0023 0.1343 0.9909
vn -0.0428 0.1192 0.9919
vn 0.0048 0.0802 0.9968
vn 0.0000 0.0661 0.9978
vn 0.0000 0.0318 0.9995
vn -0.0385 0.0171 0.9991
vn 0.0120 -0.0227 0.9997
vn 0.0000 -0.0374 0.9993
vn 0.0000 -0.0719 0.9974
vn 0.0381 -0.0542 0.9978
vn -0.0436 -0.1079 0.9932
vn -0.0441 -0.1081 0.9932
vn 0.0004 -0.1371 0.9906
vn 0.0000 -0.1551 0.9879
vn 0.0000 -0.1856 0.9826
vn -0.0392 -0.2006 0.9789
vn 0.0100 -0.2390 0.9710
vn 0.0000 -0.2542 0.9672
vn 0.0000 -0.2880 0.9576
vn -0.0257 -0.2996 0.9537
vn 0.0138 -0.3397 0.9404
vn 0.0000 -0.3515 0.9362
vn 0.0000 -0.3900 0.9208
vn 0.0075 -0.3864 0.9223
vn -0.0042 -0.4247 0.9053
vn -0.0334 -0.4495 0.8927
vn 0.0000 -0.4359 0.9000
vn 0.0000 -0.4932 0.8699
vn 0.0412 -0.4757 0.8786
vn -0.0521 -0.5393 0.8405
vn 0.0000 -0.5229 0.8524
vn 0.0000 -0.5622 0.8270
vn 0.0073 -0.5832 0.8123
vn -0.0326 -0.6044 0.7960
vn 0.0018 -0.6268 0.7792
vn 0.0000 -0.6442 0.7649
vn 0.0000 -0.6645 0.7473
vn 0.0145 -0.6563 0.7544
vn -0.0137 -0.6931 0.7207
vn -0.0190 -0.6961 0.7177
vn 0.0000 -0.7137 0.7005
vn 0.0000 -0.7282 0.6853
vn 0.0072 -0.7474 0.6643
vn -0.0235 -0.7621 0.6470
vn 0.0022 -0.7827 0.6225
vn 0.0000 -0.7937 0.6083
vn 0.0000 -0.8140 0.5809
vn -0.0185 -0.8217 0.5697
vn 0.0051 -0.8445 0.5355
vn 0.0000 -0.8519 0.5237
vn 0.0000 -0.8627 0.5057
vn 0.0069 -0.8699 0.4932
vn -0.0245 -0.8952 0.4449
vn 0.0000 -0.8888 0.4583
vn 0.0000 -0.9095 0.4157
vn 0.0032 -0.9175 0.3976
vn -0.0371 -0.9372 0.3468
vn 0.0045 -0.9297 0.3682
vn 0.0000 -0.9472 0.3206
vn 0.0000 -0.9542 0.2990
vn -0.0392 -0.9684 0.2464
vn 0.0158 -0.9615 0.2745
vn 0.0000 -0.9752 0.2214
vn 0.0000 -0.9807 0.1955
vn 0.0025 -0.9799 0.1993
vn -0.0049 -0.9894 0.1454
vn 0.0000 -0.9969 0.0784
vn 0.0040 -0.9959 0.0908
vn 0.0015 -0.9953 0.0968
vn -0.0045 -0.9893 0.1457
vn 0.0000 0.0000 -1.0000
vn -0.9752 -0.0004 0.2212
vn -0.9969 -0.0000 0.0786
vn -0.8535 -0.0003 0.5210
vn -0.9098 -0.0000 0.4151
vn -0.9380 0.0000 0.3468
vn -0.9373 -0.0011 0.3486
vn -0.7343 -0.0000 0.6788
vn -0.7676 0.0000 0.6410
vn -0.7828 -0.0010 0.6223
vn -0.4516 -0.0001 0.8922
vn -0.5285 0.0000 0.8490
vn -0.5652 -0.0009 0.8250
vn -0.0563 -0.0006 0.9984
vn -0.1788 -0.0001 0.9839
vn -0.2647 0.0000 0.9643
vn -0.3076 -0.0008 0.9515
vn -0.1320 0.9667 0.2192
vn -0.1431 0.9632 0.2274
vn -0.1430 0.9471 0.2872
vn -0.1070 0.9537 0.2811
vn -0.1431 0.9347 0.3254
vn -0.1430 0.9151 0.3771
vn -0.1386 0.9160 0.3765
vn -0.1431 0.8966 0.4190
vn -0.1430 0.8753 0.4619
vn -0.1431 0.8495 0.5077
vn -0.1326 0.8434 0.5206
vn -0.1431 0.8387 0.5255
vn -0.1429 0.8039 0.5773
vn -0.0966 0.8131 0.5740
vn -0.1431 0.7804 0.6087
vn -0.1430 0.7457 0.6508
vn -0.1431 0.7149 0.6844
vn -0.1421 0.6832 0.7163
vn -0.1430 0.6830 0.7163
vn -0.1431 0.6397 0.7552
vn -0.1322 0.6444 0.7532
vn -0.1431 0.6324 0.7613
vn -0.1429 0.5903 0.7944
vn -0.1430 0.5903 0.7944
vn -0.1431 0.5509 0.8222
vn -0.1332 0.5135 0.8477
vn -0.1430 0.5117 0.8472
vn -0.1431 0.4654 0.8735
vn -0.0777 0.4371 0.8960
vn -0.1430 0.4256 0.8936
vn -0.1431 0.3765 0.9153
vn -0.0676 0.3624 0.9296
vn -0.1431 0.3418 0.9288
vn -0.1430 0.2797 0.9494
vn -0.0178 0.2934 0.9558
vn -0.1431 0.2455 0.9588
vn -0.1430 0.1894 0.9714
vn -0.1063 0.1934 0.9753
vn -0.1431 0.1474 0.9787
vn -0.1430 0.0982 0.9848
vn -0.1431 0.0478 0.9886
vn -0.1296 0.0366 0.9909
vn -0.1431 0.0319 0.9892
vn -0.1430 -0.0278 0.9893
vn -0.0689 -0.0222 0.9974
vn -0.1431 -0.0705 0.9872
vn -0.1429 -0.1252 0.9818
vn -0.1275 -0.1242 0.9840
vn -0.1431 -0.1731 0.9745
vn -0.1429 -0.2245 0.9639
vn -0.1431 -0.2761 0.9504
vn -0.1410 -0.2859 0.9478
vn -0.1431 -0.2867 0.9473
vn -0.1429 -0.3422 0.9287
vn -0.0877 -0.3396 0.9365
vn -0.1431 -0.3836 0.9123
vn -0.1429 -0.4346 0.8892
vn -0.1135 -0.4337 0.8939
vn -0.1431 -0.4786 0.8663
vn -0.1429 -0.5227 0.8405
vn -0.1431 -0.5660 0.8119
vn -0.1398 -0.5739 0.8069
vn -0.1431 -0.5753 0.8053
vn -0.1429 -0.6213 0.7705
vn -0.1090 -0.6205 0.7766
vn -0.1431 -0.6560 0.7411
vn -0.1429 -0.6966 0.7031
vn -0.1247 -0.6965 0.7066
vn -0.1431 -0.7313 0.6668
vn -0.1429 -0.7647 0.6284
vn -0.1431 -0.7968 0.5871
vn -0.1310 -0.8211 0.5555
vn -0.1430 -0.8212 0.5525
vn -0.1431 -0.8502 0.5066
vn -0.0880 -0.8738 0.4782
vn -0.1430 -0.8748 0.4630
vn -0.1431 -0.8988 0.4144
vn -0.0804 -0.9193 0.3852
vn -0.1430 -0.9195 0.3662
vn -0.1431 -0.9386 0.3141
vn -0.1403 -0.9385 0.3155
vn -0.1431 -0.9444 0.2960
vn -0.1430 -0.9581 0.2481
vn -0.1429 -0.9581 0.2481
vn -0.1431 -0.9699 0.1968
vn -0.1275 -0.9802 0.1516
vn -0.1430 -0.9786 0.1477
vn -0.1431 -0.9852 0.0939
vn -0.1128 -0.9923 0.0511
vn -0.1430 -0.9888 0.0432
vn -0.1431 -0.9896 -0.0108
vn -0.1118 -0.9928 -0.0431
vn -0.1430 -0.9883 -0.0536
vn -0.1431 -0.9839 -0.1074
vn -0.1429 -0.9738 -0.1770
vn -0.1430 -0.9738 -0.1770
vn -0.1431 -0.9627 -0.2297
vn -0.1202 -0.9549 -0.2715
vn -0.1429 -0.9504 -0.2761
vn -0.1431 -0.9340 -0.3273
vn -0.1009 -0.9265 -0.3626
vn -0.1431 -0.9173 -0.3717
vn -0.1431 -0.8941 -0.4243
vn -0.1346 -0.8968 -0.4215
vn -0.1431 -0.8860 -0.4410
vn -0.1429 -0.8617 -0.4869
vn -0.1430 -0.8617 -0.4869
vn -0.1431 -0.8361 -0.5296
vn -0.1300 -0.8130 -0.5676
vn -0.1430 -0.8101 -0.5686
vn -0.1431 -0.7782 -0.6115
vn -0.0977 -0.7600 -0.6425
vn -0.1430 -0.7493 -0.6466
vn -0.1431 -0.7177 -0.6815
vn -0.1431 -0.7044 -0.6952
vn -0.1046 -0.6774 -0.7281
vn -0.1430 -0.6695 -0.7289
vn -0.1431 -0.6292 -0.7640
vn -0.0763 -0.6071 -0.7910
vn -0.1430 -0.5929 -0.7925
vn -0.1431 -0.5490 -0.8235
vn -0.0558 -0.5334 -0.8440
vn -0.1431 -0.5116 -0.8472
vn -0.1431 -0.4831 -0.8638
vn -0.1431 -0.4562 -0.8783
vn -0.0285 -0.4357 -0.8996
vn -0.1431 -0.4130 -0.8994
vn -0.1431 -0.3634 -0.9206
vn -0.0280 -0.3485 -0.9369
vn -0.1431 -0.3203 -0.9365
vn -0.1430 -0.2585 -0.9554
vn -0.0310 -0.2712 -0.9620
vn -0.1431 -0.2253 -0.9637
vn -0.1430 -0.1711 -0.9748
vn -0.1310 -0.1724 -0.9763
vn -0.1431 -0.1281 -0.9814
vn -0.1430 -0.0813 -0.9864
vn -0.1431 -0.0287 -0.9893
vn -0.0657 0.0128 -0.9978
vn -0.1430 0.0197 -0.9895
vn -0.1431 0.0737 -0.9870
vn -0.0204 0.1114 -0.9936
vn -0.1430 0.1230 -0.9821
vn -0.1431 0.1726 -0.9745
vn -0.1431 0.1892 -0.9714
vn -0.0995 0.2339 -0.9671
vn -0.1430 0.2366 -0.9610
vn -0.1431 0.2890 -0.9466
vn -0.0562 0.3313 -0.9419
vn -0.1430 0.3371 -0.9306
vn -0.1431 0.3877 -0.9106
vn -0.0520 0.4247 -0.9039
vn -0.1430 0.4318 -0.8905
vn -0.1431 0.4748 -0.8684
vn -0.1431 0.4896 -0.8601
vn -0.0948 0.5288 -0.8434
vn -0.1430 0.5311 -0.8352
vn -0.1431 0.5763 -0.8046
vn -0.0689 0.6134 -0.7868
vn -0.1430 0.6174 -0.7735
vn -0.1431 0.6591 -0.7384
vn -0.0750 0.6901 -0.7198
vn -0.1430 0.6945 -0.7052
vn -0.1430 0.7427 -0.6541
vn -0.0712 0.7379 -0.6712
vn -0.1431 0.7546 -0.6404
vn -0.1429 0.7954 -0.5889
vn -0.0688 0.7945 -0.6033
vn -0.1431 0.8177 -0.5575
vn -0.1429 0.8523 -0.5031
vn -0.0780 0.8529 -0.5162
vn -0.1431 0.8730 -0.4662
vn -0.1429 0.9013 -0.4090
vn -0.0868 0.9029 -0.4210
vn -0.1431 0.9183 -0.3692
vn -0.1429 0.9390 -0.3128
vn -0.1116 0.9408 -0.3202
vn -0.1431 0.9520 -0.2707
vn -0.1429 0.9662 -0.2146
vn -0.1227 0.9679 -0.2193
vn -0.1431 0.9754 -0.1677
vn -0.1431 0.9812 -0.1298
vn -0.1396 0.9890 -0.0480
vn -0.1429 0.9886 -0.0473
vn -0.1430 0.9812 -0.1298
vn -0.1431 0.9897 0.0008
vn -0.1429 0.9884 0.0506
vn -0.1430 0.9884 0.0506
vn -0.1431 0.9843 0.1036
vn -0.1258 0.9808 0.1489
vn -0.1430 0.9779 0.1527
vn -0.1431 0.9681 0.2056
vn -0.4213 0.8966 0.1361
vn -0.4214 0.9057 0.0464
vn -0.4214 0.9059 -0.0433
vn -0.4216 0.8990 -0.1189
vn -0.4213 0.8854 -0.1966
vn -0.4213 0.8853 -0.1966
vn -0.4213 0.8604 -0.2866
vn -0.4214 0.8604 -0.2866
vn -0.4213 0.8259 -0.3748
vn -0.4213 0.8258 -0.3748
vn -0.4213 0.7810 -0.4610
vn -0.4213 0.7289 -0.5396
vn -0.4214 0.7289 -0.5396
vn -0.4216 0.6805 -0.5993
vn -0.4213 0.6277 -0.6546
vn -0.4214 0.6276 -0.6546
vn -0.4213 0.5576 -0.7153
vn -0.4213 0.4817 -0.7684
vn -0.4214 0.4817 -0.7684
vn -0.4218 0.4349 -0.7956
vn -0.4218 0.4350 -0.7956
vn -0.4214 0.3857 -0.8208
vn -0.4214 0.3856 -0.8208
vn -0.4213 0.3009 -0.8555
vn -0.4214 0.2132 -0.8815
vn -0.4218 0.1581 -0.8928
vn -0.4214 0.1011 -0.9012
vn -0.4214 0.0116 -0.9068
vn -0.4214 -0.0745 -0.9038
vn -0.4214 -0.1567 -0.8932
vn -0.4214 -0.2369 -0.8754
vn -0.4214 -0.3162 -0.8500
vn -0.4214 -0.3953 -0.8162
vn -0.4218 -0.4426 -0.7913
vn -0.4215 -0.4845 -0.7666
vn -0.4214 -0.4845 -0.7666
vn -0.4214 -0.5521 -0.7194
vn -0.4214 -0.6177 -0.6640
vn -0.4218 -0.6575 -0.6243
vn -0.4215 -0.6925 -0.5855
vn -0.4214 -0.6925 -0.5855
vn -0.4214 -0.7436 -0.5191
vn -0.4214 -0.7436 -0.5192
vn -0.4214 -0.7896 -0.4461
vn -0.4217 -0.8192 -0.3887
vn -0.4214 -0.8445 -0.3306
vn -0.4214 -0.8723 -0.2480
vn -0.4214 -0.8923 -0.1622
vn -0.4217 -0.9014 -0.0984
vn -0.4215 -0.9060 -0.0393
vn -0.4213 -0.9057 0.0467
vn -0.4213 -0.8962 0.1386
vn -0.4214 -0.8962 0.1386
vn -0.4214 -0.8779 0.2274
vn -0.4217 -0.8599 0.2877
vn -0.4213 -0.8365 0.3505
vn -0.4213 -0.8364 0.3505
vn -0.4214 -0.7956 0.4354
vn -0.4215 -0.7511 0.5082
vn -0.4213 -0.7007 0.5758
vn -0.4214 -0.7007 0.5758
vn -0.4213 -0.6383 0.6443
vn -0.4213 -0.6383 0.6442
vn -0.4214 -0.5693 0.7060
vn -0.4218 -0.5255 0.7389
vn -0.4214 -0.4789 0.7701
vn -0.4213 -0.3982 0.8148
vn -0.4214 -0.3136 0.8510
vn -0.4214 -0.3136 0.8509
vn -0.4218 -0.2619 0.8681
vn -0.4213 -0.2057 0.8833
vn -0.4213 -0.1147 0.8996
vn -0.4214 -0.1147 0.8996
vn -0.4214 -0.0254 0.9065
vn -0.4218 0.0335 0.9061
vn -0.4217 0.0335 0.9061
vn -0.4214 0.0900 0.9024
vn -0.4214 0.1735 0.8901
vn -0.4214 0.2562 0.8699
vn -0.4214 0.2563 0.8699
vn -0.4215 0.3294 0.8449
vn -0.4216 0.3294 0.8449
vn -0.4215 0.3976 0.8150
vn -0.4214 0.3976 0.8151
vn -0.4214 0.4699 0.7756
vn -0.4214 0.4699 0.7757
vn -0.4214 0.5409 0.7279
vn -0.4218 0.5860 0.6919
vn -0.4215 0.6259 0.6562
vn -0.4214 0.6259 0.6562
vn -0.4214 0.6833 0.5963
vn -0.4214 0.7366 0.5290
vn -0.4217 0.7716 0.4763
vn -0.4214 0.8020 0.4232
vn -0.4214 0.8020 0.4233
vn -0.4214 0.8385 0.3455
vn -0.4214 0.8679 0.2632
vn -0.4217 0.8843 0.2005
vn -0.4214 0.8966 0.1361
vn -0.6738 0.7305 0.1109
vn -0.6738 0.7379 0.0378
vn -0.6738 0.7380 0.0378
vn -0.6738 0.7381 -0.0353
vn -0.6740 0.7323 -0.0969
vn -0.6738 0.7214 -0.1602
vn -0.6738 0.7011 -0.2335
vn -0.6737 0.6729 -0.3054
vn -0.6737 0.6364 -0.3756
vn -0.6738 0.5939 -0.4397
vn -0.6740 0.5544 -0.4882
vn -0.6738 0.5114 -0.5334
vn -0.6738 0.5114 -0.5333
vn -0.6737 0.4543 -0.5828
vn -0.6738 0.4543 -0.5828
vn -0.6738 0.3925 -0.6261
vn -0.6738 0.3925 -0.6260
vn -0.6742 0.3543 -0.6480
vn -0.6738 0.3142 -0.6688
vn -0.6737 0.2452 -0.6971
vn -0.6738 0.2452 -0.6971
vn -0.6738 0.1737 -0.7182
vn -0.6742 0.1288 -0.7272
vn -0.6738 0.0824 -0.7343
vn -0.6738 0.0095 -0.7389
vn -0.6738 0.0095 -0.7388
vn -0.6739 -0.0607 -0.7364
vn -0.6739 -0.1277 -0.7277
vn -0.6739 -0.1930 -0.7132
vn -0.6739 -0.2576 -0.6925
vn -0.6738 -0.2576 -0.6925
vn -0.6738 -0.3221 -0.6650
vn -0.6742 -0.3605 -0.6445
vn -0.6742 -0.3605 -0.6446
vn -0.6739 -0.3947 -0.6245
vn -0.6739 -0.3947 -0.6246
vn -0.6739 -0.4499 -0.5861
vn -0.6738 -0.4499 -0.5861
vn -0.6738 -0.5033 -0.5410
vn -0.6742 -0.5356 -0.5085
vn -0.6739 -0.5642 -0.4770
vn -0.6739 -0.6058 -0.4230
vn -0.6738 -0.6058 -0.4230
vn -0.6738 -0.6433 -0.3635
vn -0.6742 -0.6673 -0.3166
vn -0.6738 -0.6881 -0.2693
vn -0.6738 -0.6880 -0.2693
vn -0.6738 -0.7107 -0.2020
vn -0.6738 -0.7107 -0.2021
vn -0.6738 -0.7270 -0.1321
vn -0.6742 -0.7342 -0.0801
vn -0.6739 -0.7381 -0.0320
vn -0.6738 -0.7380 0.0380
vn -0.6738 -0.7302 0.1130
vn -0.6738 -0.7302 0.1129
vn -0.6738 -0.7153 0.1853
vn -0.6738 -0.7153 0.1852
vn -0.6742 -0.7004 0.2344
vn -0.6737 -0.6816 0.2856
vn -0.6737 -0.6482 0.3547
vn -0.6738 -0.6482 0.3547
vn -0.6739 -0.6119 0.4140
vn -0.6738 -0.5709 0.4691
vn -0.6737 -0.5201 0.5250
vn -0.6738 -0.5201 0.5249
vn -0.6738 -0.4638 0.5752
vn -0.6742 -0.4280 0.6018
vn -0.6738 -0.3902 0.6275
vn -0.6737 -0.3245 0.6639
vn -0.6738 -0.3245 0.6639
vn -0.6738 -0.2555 0.6933
vn -0.6742 -0.2133 0.7071
vn -0.6742 -0.2133 0.7070
vn -0.6737 -0.1676 0.7197
vn -0.6738 -0.1676 0.7197
vn -0.6738 -0.0934 0.7330
vn -0.6738 -0.0207 0.7386
vn -0.6742 0.0273 0.7380
vn -0.6739 0.0733 0.7352
vn -0.6739 0.1414 0.7252
vn -0.6738 0.1414 0.7252
vn -0.6738 0.2088 0.7088
vn -0.6740 0.2684 0.6883
vn -0.6739 0.3239 0.6640
vn -0.6739 0.3239 0.6641
vn -0.6739 0.3828 0.6319
vn -0.6738 0.3828 0.6320
vn -0.6738 0.4407 0.5931
vn -0.6742 0.4773 0.5636
vn -0.6739 0.5099 0.5346
vn -0.6739 0.5100 0.5346
vn -0.6739 0.5567 0.4858
vn -0.6738 0.5567 0.4858
vn -0.6738 0.6002 0.4310
vn -0.6742 0.6285 0.3880
vn -0.6739 0.6535 0.3448
vn -0.6738 0.6535 0.3448
vn -0.6738 0.6832 0.2815
vn -0.6738 0.7071 0.2144
vn -0.6742 0.7203 0.1633
vn -0.8730 0.4823 0.0732
vn -0.8730 0.4871 0.0249
vn -0.8730 0.4872 -0.0233
vn -0.8731 0.4833 -0.0639
vn -0.8729 0.4762 -0.1058
vn -0.8730 0.4628 -0.1542
vn -0.8730 0.4628 -0.1541
vn -0.8729 0.4443 -0.2016
vn -0.8729 0.4442 -0.2016
vn -0.8729 0.4201 -0.2480
vn -0.8729 0.3921 -0.2903
vn -0.8730 0.3920 -0.2902
vn -0.8731 0.3659 -0.3222
vn -0.8730 0.3376 -0.3521
vn -0.8729 0.3000 -0.3848
vn -0.8729 0.2999 -0.3847
vn -0.8730 0.2591 -0.4133
vn -0.8732 0.2338 -0.4276
vn -0.8730 0.2074 -0.4415
vn -0.8729 0.1619 -0.4602
vn -0.8730 0.1619 -0.4602
vn -0.8730 0.1147 -0.4741
vn -0.8732 0.0850 -0.4799
vn -0.8730 0.0544 -0.4848
vn -0.8730 0.0544 -0.4847
vn -0.8730 0.0062 -0.4877
vn -0.8730 -0.0401 -0.4861
vn -0.8730 -0.0843 -0.4804
vn -0.8730 -0.1274 -0.4708
vn -0.8730 -0.1700 -0.4571
vn -0.8730 -0.2126 -0.4390
vn -0.8732 -0.2379 -0.4253
vn -0.8730 -0.2606 -0.4122
vn -0.8730 -0.2606 -0.4123
vn -0.8730 -0.2969 -0.3869
vn -0.8730 -0.2970 -0.3869
vn -0.8730 -0.3322 -0.3571
vn -0.8732 -0.3534 -0.3356
vn -0.8730 -0.3724 -0.3149
vn -0.8730 -0.3725 -0.3149
vn -0.8730 -0.3999 -0.2792
vn -0.8730 -0.4247 -0.2399
vn -0.8732 -0.4404 -0.2089
vn -0.8732 -0.4404 -0.2090
vn -0.8730 -0.4542 -0.1778
vn -0.8730 -0.4692 -0.1334
vn -0.8730 -0.4799 -0.0872
vn -0.8732 -0.4845 -0.0529
vn -0.8730 -0.4872 -0.0211
vn -0.8729 -0.4872 0.0251
vn -0.8729 -0.4821 0.0746
vn -0.8730 -0.4821 0.0746
vn -0.8730 -0.4722 0.1223
vn -0.8732 -0.4622 0.1547
vn -0.8729 -0.4500 0.1885
vn -0.8729 -0.4499 0.1885
vn -0.8729 -0.4279 0.2342
vn -0.8730 -0.4279 0.2342
vn -0.8730 -0.4039 0.2733
vn -0.8730 -0.3769 0.3097
vn -0.8729 -0.3434 0.3466
vn -0.8729 -0.3433 0.3465
vn -0.8730 -0.3062 0.3797
vn -0.8732 -0.2824 0.3971
vn -0.8732 -0.2825 0.3972
vn -0.8730 -0.2576 0.4142
vn -0.8729 -0.2142 0.4383
vn -0.8730 -0.1687 0.4577
vn -0.8732 -0.1408 0.4666
vn -0.8729 -0.1107 0.4751
vn -0.8730 -0.0617 0.4839
vn -0.8730 -0.0137 0.4876
vn -0.8732 0.0180 0.4870
vn -0.8730 0.0484 0.4853
vn -0.8730 0.0933 0.4787
vn -0.8730 0.1378 0.4679
vn -0.8731 0.1771 0.4543
vn -0.8730 0.2138 0.4383
vn -0.8730 0.2527 0.4171
vn -0.8730 0.2527 0.4172
vn -0.8730 0.2909 0.3915
vn -0.8732 0.3150 0.3719
vn -0.8730 0.3366 0.3529
vn -0.8730 0.3675 0.3207
vn -0.8730 0.3962 0.2845
vn -0.8732 0.4147 0.2560
vn -0.8730 0.4313 0.2276
vn -0.8730 0.4314 0.2276
vn -0.8730 0.4510 0.1858
vn -0.8730 0.4668 0.1415
vn -0.8732 0.4754 0.1078
vn -0.9853 0.1709 -0.0083
vn -0.9853 0.1695 -0.0224
vn -0.9852 0.1671 -0.0371
vn -0.9852 0.1624 -0.0541
vn -0.9852 0.1559 -0.0707
vn -0.9852 0.1474 -0.0870
vn -0.9852 0.1376 -0.1018
vn -0.9852 0.1375 -0.1018
vn -0.9853 0.1283 -0.1130
vn -0.9852 0.1184 -0.1235
vn -0.9852 0.1052 -0.1350
vn -0.9852 0.0909 -0.1450
vn -0.9853 0.0820 -0.1500
vn -0.9852 0.0728 -0.1549
vn -0.9853 0.0728 -0.1549
vn -0.9852 0.0568 -0.1615
vn -0.9852 0.0568 -0.1614
vn -0.9852 0.0402 -0.1663
vn -0.9853 0.0298 -0.1683
vn -0.9852 0.0191 -0.1701
vn -0.9852 0.0022 -0.1711
vn -0.9853 -0.0141 -0.1705
vn -0.9853 -0.0296 -0.1685
vn -0.9853 -0.0447 -0.1651
vn -0.9853 -0.0447 -0.1652
vn -0.9853 -0.0597 -0.1604
vn -0.9853 -0.0746 -0.1540
vn -0.9852 -0.0746 -0.1540
vn -0.9853 -0.0834 -0.1492
vn -0.9853 -0.0914 -0.1446
vn -0.9853 -0.1042 -0.1357
vn -0.9853 -0.1166 -0.1253
vn -0.9852 -0.1166 -0.1253
vn -0.9853 -0.1240 -0.1177
vn -0.9853 -0.1307 -0.1105
vn -0.9853 -0.1403 -0.0979
vn -0.9853 -0.1490 -0.0842
vn -0.9852 -0.1490 -0.0842
vn -0.9853 -0.1545 -0.0733
vn -0.9853 -0.1593 -0.0624
vn -0.9853 -0.1646 -0.0468
vn -0.9852 -0.1646 -0.0468
vn -0.9852 -0.1684 -0.0306
vn -0.9853 -0.1700 -0.0185
vn -0.9853 -0.1709 -0.0074
vn -0.9852 -0.1709 0.0088
vn -0.9852 -0.1691 0.0262
vn -0.9852 -0.1657 0.0429
vn -0.9853 -0.1621 0.0542
vn -0.9852 -0.1579 0.0661
vn -0.9852 -0.1501 0.0822
vn -0.9853 -0.1417 0.0959
vn -0.9852 -0.1322 0.1086
vn -0.9853 -0.1322 0.1086
vn -0.9852 -0.1205 0.1216
vn -0.9852 -0.1074 0.1332
vn -0.9853 -0.0991 0.1393
vn -0.9852 -0.0904 0.1453
vn -0.9853 -0.0904 0.1453
vn -0.9852 -0.0752 0.1538
vn -0.9852 -0.0592 0.1606
vn -0.9853 -0.0592 0.1606
vn -0.9853 -0.0494 0.1637
vn -0.9853 -0.0494 0.1636
vn -0.9852 -0.0388 0.1667
vn -0.9852 -0.0216 0.1698
vn -0.9852 -0.0048 0.1711
vn -0.9853 0.0063 0.1708
vn -0.9853 0.0170 0.1703
vn -0.9853 0.0327 0.1679
vn -0.9853 0.0484 0.1641
vn -0.9853 0.0621 0.1594
vn -0.9853 0.0750 0.1538
vn -0.9853 0.0886 0.1463
vn -0.9853 0.0887 0.1463
vn -0.9853 0.1021 0.1373
vn -0.9852 0.1021 0.1374
vn -0.9853 0.1105 0.1304
vn -0.9853 0.1181 0.1238
vn -0.9853 0.1289 0.1125
vn -0.9853 0.1390 0.0998
vn -0.9852 0.1390 0.0998
vn -0.9853 0.1455 0.0898
vn -0.9853 0.1513 0.0799
vn -0.9853 0.1582 0.0652
vn -0.9853 0.1638 0.0497
vn -0.9852 0.1638 0.0497
vn -0.9853 0.1667 0.0378
vn -0.9852 0.1692 0.0257
vn -0.9852 0.1709 0.0087
vn -0.9852 0.1709 0.0088
vn -0.9853 0.1709 0.0001
vn -0.9854 0.1703 -0.0081
vn -0.5701 -0.8194 0.0602
vn -0.3102 -0.9478 0.0732
vn -0.2672 -0.9608 0.0744
vn -0.1822 -0.9794 0.0873
vn -0.5334 -0.8435 0.0623
vn -0.4597 -0.8847 0.0772
vn -0.3824 -0.9164 0.1182
vn -0.8081 -0.5877 0.0395
vn -0.6915 -0.7207 0.0499
vn -0.7734 -0.6325 0.0430
vn -0.7417 -0.6689 0.0494
vn -0.6944 -0.7167 0.0641
vn -0.6351 -0.7665 0.0951
vn -0.9522 -0.3049 0.0181
vn -0.8792 -0.4755 0.0298
vn -0.9408 -0.3382 0.0204
vn -0.9141 -0.4045 0.0270
vn -0.8658 -0.4978 0.0514
vn -1.0000 -0.0027 0.0001
vn -0.9971 -0.0758 0.0042
vn -0.9792 -0.2010 0.0267
vn -0.9994 -0.0335 -0.0021
vn -0.9908 -0.1345 -0.0128
vn -0.8431 -0.5342 -0.0614
vn -0.9004 -0.4336 -0.0360
vn -0.9322 -0.3611 -0.0270
vn -0.9420 -0.3347 -0.0244
vn -0.9562 -0.2921 -0.0211
vn -0.6753 -0.7339 -0.0730
vn -0.7190 -0.6923 -0.0619
vn -0.7596 -0.6483 -0.0523
vn -0.3713 -0.9221 -0.1089
vn -0.4416 -0.8929 -0.0883
vn -0.5136 -0.8548 -0.0747
vn -0.5565 -0.8278 -0.0714
vn -0.1073 -0.9878 -0.1132
vn -0.1956 -0.9763 -0.0925
vn -0.2700 -0.9590 -0.0863
vn -0.1646 -0.9666 0.1966
vn -0.1444 -0.9680 0.2055
vn -0.1444 -0.9790 0.1442
vn -0.1808 -0.9742 0.1348
vn -0.1441 -0.9849 0.0958
vn -0.1441 -0.9834 0.1101
vn -0.0568 -0.9953 0.0782
vn -0.1446 -0.9649 0.2191
vn -0.1445 -0.9515 0.2716
vn -0.1574 -0.9489 0.2735
vn -0.1452 -0.9372 0.3172
vn -0.1450 -0.9199 0.3643
vn -0.1452 -0.8999 0.4113
vn -0.1666 -0.8783 0.4481
vn -0.1444 -0.8795 0.4535
vn -0.1445 -0.8490 0.5082
vn -0.1684 -0.8504 0.4985
vn -0.1446 -0.8430 0.5182
vn -0.1445 -0.8132 0.5638
vn -0.1617 -0.8094 0.5646
vn -0.1451 -0.7853 0.6019
vn -0.1450 -0.7543 0.6403
vn -0.1451 -0.7205 0.6781
vn -0.1765 -0.6890 0.7030
vn -0.1443 -0.6889 0.7103
vn -0.1443 -0.6495 0.7465
vn -0.1481 -0.6480 0.7471
vn -0.1445 -0.6374 0.7568
vn -0.1444 -0.5984 0.7881
vn -0.1450 -0.5982 0.7881
vn -0.1452 -0.5563 0.8182
vn -0.1817 -0.5181 0.8358
vn -0.1450 -0.5174 0.8434
vn -0.1451 -0.4711 0.8701
vn -0.2288 -0.4355 0.8706
vn -0.1449 -0.4313 0.8905
vn -0.1449 -0.3823 0.9126
vn -0.2195 -0.3633 0.9055
vn -0.1450 -0.3478 0.9263
vn -0.1449 -0.2887 0.9464
vn -0.2359 -0.2912 0.9271
vn -0.1452 -0.2515 0.9569
vn -0.1451 -0.1986 0.9693
vn -0.1479 -0.1983 0.9689
vn -0.1452 -0.1535 0.9774
vn -0.1450 -0.1070 0.9836
vn -0.1444 -0.1071 0.9837
vn -0.1445 -0.0537 0.9880
vn -0.1631 -0.0442 0.9856
vn -0.1446 -0.0370 0.9888
vn -0.1444 0.0208 0.9893
vn -0.1959 0.0167 0.9805
vn -0.1453 0.0654 0.9872
vn -0.1451 0.1181 0.9823
vn -0.1452 0.1181 0.9823
vn -0.1454 0.1678 0.9750
vn -0.1553 0.2167 0.9638
vn -0.1443 0.2179 0.9652
vn -0.1444 0.2707 0.9518
vn -0.1515 0.2788 0.9483
vn -0.1445 0.2822 0.9484
vn -0.1443 0.3366 0.9305
vn -0.1878 0.3306 0.9249
vn -0.1454 0.3792 0.9138
vn -0.1452 0.4278 0.8922
vn -0.1591 0.4280 0.8897
vn -0.1454 0.4742 0.8683
vn -0.1452 0.5170 0.8436
vn -0.1442 0.5170 0.8438
vn -0.1443 0.5618 0.8146
vn -0.1499 0.5679 0.8093
vn -0.1444 0.5714 0.8078
vn -0.1443 0.6141 0.7759
vn -0.1694 0.6141 0.7709
vn -0.1454 0.6523 0.7439
vn -0.1452 0.6913 0.7078
vn -0.1535 0.6912 0.7062
vn -0.1453 0.7280 0.6700
vn -0.1452 0.7604 0.6330
vn -0.1450 0.7605 0.6330
vn -0.1451 0.7936 0.5909
vn -0.1666 0.8136 0.5571
vn -0.1451 0.8187 0.5556
vn -0.1452 0.8479 0.5098
vn -0.2089 0.8556 0.4735
vn -0.1452 0.8726 0.4663
vn -0.1453 0.8969 0.4178
vn -0.2169 0.8986 0.3814
vn -0.1446 0.9178 0.3697
vn -0.1446 0.9367 0.3190
vn -0.1506 0.9367 0.3161
vn -0.1446 0.9436 0.2979
vn -0.1445 0.9578 0.2485
vn -0.1451 0.9577 0.2484
vn -0.1452 0.9693 0.1983
vn -0.1564 0.9760 0.1513
vn -0.1451 0.9781 0.1494
vn -0.1453 0.9848 0.0957
vn -0.1742 0.9834 0.0508
vn -0.1452 0.9884 0.0448
vn -0.1453 0.9893 -0.0092
vn -0.1854 0.9813 -0.0511
vn -0.1452 0.9876 -0.0606
vn -0.1453 0.9828 -0.1143
vn -0.1899 0.9704 -0.1494
vn -0.1451 0.9760 -0.1621
vn -0.1452 0.9658 -0.2150
vn -0.2022 0.9489 -0.2422
vn -0.1451 0.9542 -0.2615
vn -0.1452 0.9386 -0.3131
vn -0.2082 0.9200 -0.3320
vn -0.1445 0.9225 -0.3579
vn -0.1445 0.9051 -0.3999
vn -0.1446 0.9051 -0.3999
vn -0.1446 0.8926 -0.4271
vn -0.1850 0.8686 -0.4596
vn -0.1450 0.8707 -0.4700
vn -0.1451 0.8439 -0.5165
vn -0.2048 0.8177 -0.5380
vn -0.1451 0.8186 -0.5557
vn -0.1451 0.7872 -0.5994
vn -0.2160 0.7626 -0.6097
vn -0.1444 0.7591 -0.6348
vn -0.1444 0.7325 -0.6653
vn -0.1445 0.7324 -0.6654
vn -0.1445 0.7113 -0.6879
vn -0.2158 0.6775 -0.7032
vn -0.2309 0.5343 -0.8131
vn -0.1451 0.6770 -0.7215
vn -0.1451 0.6369 -0.7572
vn -0.2321 0.6058 -0.7610
vn -0.1451 0.6011 -0.7859
vn -0.1451 0.5574 -0.8175
vn -0.1446 0.5204 -0.8416
vn -0.1445 0.4873 -0.8612
vn -0.1446 0.4873 -0.8612
vn -0.1447 0.4544 -0.8790
vn -0.2487 0.4162 -0.8746
vn -0.2561 0.2465 -0.9347
vn -0.1451 0.4114 -0.8998
vn -0.1452 0.3619 -0.9208
vn -0.2642 0.3306 -0.9060
vn -0.1451 0.3188 -0.9367
vn -0.1451 0.2672 -0.9527
vn -0.1442 0.2236 -0.9640
vn -0.1442 0.2008 -0.9690
vn -0.1443 0.2007 -0.9690
vn -0.1443 0.1626 -0.9761
vn -0.2830 0.1405 -0.9488
vn -0.1453 0.1148 -0.9827
vn -0.1452 0.0610 -0.9875
vn -0.2564 0.0482 -0.9654
vn -0.1453 0.0132 -0.9893
vn -0.1452 -0.0471 -0.9883
vn -0.2286 -0.0401 -0.9727
vn -0.1444 -0.0895 -0.9855
vn -0.1443 -0.1068 -0.9837
vn -0.1444 -0.1069 -0.9837
vn -0.1444 -0.1537 -0.9775
vn -0.2574 -0.1617 -0.9527
vn -0.1453 -0.2018 -0.9686
vn -0.1451 -0.2621 -0.9541
vn -0.2473 -0.2487 -0.9365
vn -0.1455 -0.3026 -0.9420
vn -0.1453 -0.3602 -0.9215
vn -0.2384 -0.3465 -0.9073
vn -0.1444 -0.4029 -0.9038
vn -0.1444 -0.4203 -0.8958
vn -0.1444 -0.4202 -0.8958
vn -0.1443 -0.4733 -0.8690
vn -0.2790 -0.4474 -0.8497
vn -0.1453 -0.5041 -0.8513
vn -0.1452 -0.5591 -0.8163
vn -0.2548 -0.5369 -0.8042
vn -0.1454 -0.5921 -0.7927
vn -0.1452 -0.6391 -0.7553
vn -0.2001 -0.6279 -0.7522
vn -0.1444 -0.6713 -0.7270
vn -0.1443 -0.6859 -0.7132
vn -0.1444 -0.6859 -0.7132
vn -0.1443 -0.7290 -0.6691
vn -0.2522 -0.7029 -0.6651
vn -0.1453 -0.7517 -0.6433
vn -0.1451 -0.7931 -0.5915
vn -0.2335 -0.7719 -0.5913
vn -0.1453 -0.8160 -0.5595
vn -0.1452 -0.8491 -0.5079
vn -0.1926 -0.8382 -0.5103
vn -0.1453 -0.8696 -0.4718
vn -0.1451 -0.8963 -0.4191
vn -0.1789 -0.8889 -0.4217
vn -0.1453 -0.9150 -0.3764
vn -0.1452 -0.9340 -0.3263
vn -0.1549 -0.9332 -0.3242
vn -0.0352 -0.9952 -0.0908
vn -0.1441 -0.9844 -0.1009
vn -0.1440 -0.9791 -0.1435
vn -0.1461 -0.9787 -0.1441
vn -0.1450 -0.9737 -0.1755
vn -0.1448 -0.9631 -0.2268
vn -0.1452 -0.9631 -0.2267
vn -0.1453 -0.9494 -0.2783
vn -0.4246 -0.9013 0.0855
vn -0.4242 -0.8970 0.1240
vn -0.4227 -0.8978 0.1238
vn -0.4230 -0.8864 0.1880
vn -0.4231 -0.8863 0.1881
vn -0.4228 -0.8708 0.2508
vn -0.4233 -0.8706 0.2509
vn -0.4233 -0.8423 0.3336
vn -0.4233 -0.8069 0.4119
vn -0.4227 -0.8072 0.4119
vn -0.4230 -0.7775 0.4653
vn -0.4231 -0.7774 0.4653
vn -0.4228 -0.7433 0.5184
vn -0.4233 -0.7431 0.5183
vn -0.4233 -0.6907 0.5863
vn -0.4233 -0.6340 0.6472
vn -0.4226 -0.6343 0.6473
vn -0.4229 -0.5938 0.6845
vn -0.4231 -0.5937 0.6845
vn -0.4227 -0.5481 0.7218
vn -0.4233 -0.5478 0.7216
vn -0.4234 -0.4773 0.7700
vn -0.4233 -0.4053 0.8103
vn -0.4232 -0.4053 0.8103
vn -0.4233 -0.3373 0.8409
vn -0.4234 -0.3373 0.8408
vn -0.4232 -0.2644 0.8666
vn -0.4234 -0.2644 0.8665
vn -0.4234 -0.1817 0.8875
vn -0.4234 -0.0979 0.9006
vn -0.4227 -0.0980 0.9010
vn -0.4230 -0.0406 0.9052
vn -0.4231 -0.0406 0.9052
vn -0.4227 0.0190 0.9061
vn -0.4235 0.0190 0.9057
vn -0.4234 0.1081 0.8995
vn -0.4235 0.1081 0.8994
vn -0.4235 0.1989 0.8838
vn -0.4225 0.1989 0.8843
vn -0.4230 0.2556 0.8693
vn -0.4226 0.3082 0.8523
vn -0.4235 0.3081 0.8519
vn -0.4234 0.3927 0.8164
vn -0.4235 0.4735 0.7723
vn -0.4225 0.4736 0.7728
vn -0.4229 0.5204 0.7418
vn -0.4230 0.5204 0.7418
vn -0.4226 0.5645 0.7090
vn -0.4234 0.5644 0.7086
vn -0.4234 0.6336 0.6475
vn -0.4235 0.6963 0.5795
vn -0.4233 0.6963 0.5796
vn -0.4234 0.7475 0.5118
vn -0.4233 0.7927 0.4387
vn -0.4235 0.7926 0.4386
vn -0.4234 0.8340 0.3538
vn -0.4227 0.8343 0.3540
vn -0.4232 0.8585 0.2897
vn -0.4231 0.8585 0.2897
vn -0.4228 0.8772 0.2277
vn -0.4233 0.8769 0.2275
vn -0.4233 0.8953 0.1388
vn -0.4234 0.8952 0.1388
vn -0.4234 0.9047 0.0467
vn -0.4234 0.9047 -0.0471
vn -0.4234 0.8954 -0.1379
vn -0.4234 0.8778 -0.2241
vn -0.4233 0.8778 -0.2241
vn -0.4233 0.8521 -0.3077
vn -0.4227 0.8524 -0.3077
vn -0.4231 0.8288 -0.3661
vn -0.4228 0.8011 -0.4237
vn -0.4233 0.8008 -0.4237
vn -0.4233 0.7569 -0.4979
vn -0.4233 0.7075 -0.5659
vn -0.4226 0.7078 -0.5660
vn -0.4230 0.6708 -0.6092
vn -0.4231 0.6707 -0.6092
vn -0.4227 0.6289 -0.6526
vn -0.4233 0.6286 -0.6524
vn -0.4234 0.5643 -0.7088
vn -0.4233 0.5643 -0.7088
vn -0.4233 0.4975 -0.7572
vn -0.4228 0.4977 -0.7574
vn -0.4230 0.4463 -0.7886
vn -0.4232 0.4462 -0.7886
vn -0.4228 0.3895 -0.8182
vn -0.4234 0.3893 -0.8180
vn -0.4234 0.3105 -0.8511
vn -0.4234 0.2309 -0.8760
vn -0.4224 0.2311 -0.8764
vn -0.4228 0.1840 -0.8874
vn -0.4230 0.1839 -0.8873
vn -0.4225 0.1328 -0.8966
vn -0.4234 0.1327 -0.8962
vn -0.4234 0.0452 -0.9048
vn -0.4235 0.0452 -0.9048
vn -0.4235 -0.0433 -0.9049
vn -0.4225 -0.0432 -0.9053
vn -0.4230 -0.0978 -0.9009
vn -0.4230 -0.0978 -0.9008
vn -0.4226 -0.1516 -0.8935
vn -0.4235 -0.1516 -0.8931
vn -0.4235 -0.2400 -0.8736
vn -0.4236 -0.2399 -0.8735
vn -0.4235 -0.3300 -0.8437
vn -0.4225 -0.3301 -0.8441
vn -0.4230 -0.3848 -0.8203
vn -0.4226 -0.4334 -0.7960
vn -0.4235 -0.4332 -0.7956
vn -0.4234 -0.5119 -0.7474
vn -0.4235 -0.5854 -0.6914
vn -0.4225 -0.5856 -0.6918
vn -0.4230 -0.6281 -0.6532
vn -0.4230 -0.6281 -0.6531
vn -0.4226 -0.6675 -0.6130
vn -0.4234 -0.6673 -0.6127
vn -0.4234 -0.7262 -0.5416
vn -0.4235 -0.7774 -0.4650
vn -0.4234 -0.7775 -0.4650
vn -0.4234 -0.8206 -0.3838
vn -0.4235 -0.8558 -0.2973
vn -0.4234 -0.8558 -0.2973
vn -0.4234 -0.8818 -0.2075
vn -0.4231 -0.8820 -0.2076
vn -0.4234 -0.8964 -0.1314
vn -0.4245 -0.8959 -0.1311
vn -0.4245 -0.9018 -0.0807
vn -0.3195 -0.9387 -0.1293
vn -0.6785 -0.7321 0.0606
vn -0.6781 -0.7280 0.1011
vn -0.6738 -0.7321 0.1006
vn -0.6741 -0.7225 0.1533
vn -0.6742 -0.7225 0.1533
vn -0.6738 -0.7100 0.2046
vn -0.6738 -0.6870 0.2720
vn -0.6738 -0.6582 0.3358
vn -0.6738 -0.6581 0.3358
vn -0.6742 -0.6337 0.3793
vn -0.6738 -0.6060 0.4227
vn -0.6738 -0.5633 0.4782
vn -0.6739 -0.5633 0.4782
vn -0.6739 -0.5171 0.5277
vn -0.6742 -0.4839 0.5579
vn -0.6738 -0.4468 0.5885
vn -0.6738 -0.3893 0.6280
vn -0.6739 -0.3893 0.6280
vn -0.6739 -0.3305 0.6608
vn -0.6740 -0.2751 0.6856
vn -0.6738 -0.2156 0.7067
vn -0.6738 -0.1482 0.7239
vn -0.6739 -0.1482 0.7238
vn -0.6739 -0.0799 0.7345
vn -0.6742 -0.0331 0.7378
vn -0.6738 0.0155 0.7387
vn -0.6738 0.0882 0.7336
vn -0.6738 0.1622 0.7209
vn -0.6742 0.2083 0.7085
vn -0.6738 0.2513 0.6948
vn -0.6738 0.2513 0.6949
vn -0.6738 0.3203 0.6659
vn -0.6737 0.3204 0.6659
vn -0.6738 0.3861 0.6300
vn -0.6742 0.4242 0.6046
vn -0.6738 0.4603 0.5780
vn -0.6738 0.5168 0.5281
vn -0.6737 0.5169 0.5281
vn -0.6738 0.5679 0.4727
vn -0.6739 0.6096 0.4174
vn -0.6738 0.6465 0.3578
vn -0.6738 0.6802 0.2887
vn -0.6737 0.6803 0.2887
vn -0.6742 0.6998 0.2361
vn -0.6738 0.7152 0.1856
vn -0.6738 0.7302 0.1132
vn -0.6738 0.7379 0.0381
vn -0.6738 0.7380 0.0381
vn -0.6738 0.7379 -0.0384
vn -0.6738 0.7380 -0.0384
vn -0.6738 0.7303 -0.1125
vn -0.6738 0.7159 -0.1828
vn -0.6738 0.6950 -0.2509
vn -0.6742 0.6756 -0.2985
vn -0.6741 0.6756 -0.2985
vn -0.6738 0.6532 -0.3455
vn -0.6738 0.6531 -0.3455
vn -0.6738 0.6173 -0.4061
vn -0.6739 0.6172 -0.4061
vn -0.6739 0.5770 -0.4614
vn -0.6742 0.5467 -0.4966
vn -0.6738 0.5127 -0.5321
vn -0.6738 0.4602 -0.5781
vn -0.6739 0.4602 -0.5780
vn -0.6739 0.4057 -0.6175
vn -0.6742 0.3637 -0.6428
vn -0.6738 0.3175 -0.6672
vn -0.6738 0.2533 -0.6941
vn -0.6739 0.2533 -0.6941
vn -0.6739 0.1884 -0.7144
vn -0.6742 0.1499 -0.7231
vn -0.6738 0.1082 -0.7309
vn -0.6738 0.0368 -0.7380
vn -0.6738 -0.0352 -0.7381
vn -0.6742 -0.0797 -0.7342
vn -0.6738 -0.1237 -0.7285
vn -0.6738 -0.1957 -0.7125
vn -0.6738 -0.1957 -0.7126
vn -0.6737 -0.2691 -0.6882
vn -0.6737 -0.2691 -0.6883
vn -0.6742 -0.3136 -0.6686
vn -0.6742 -0.3137 -0.6686
vn -0.6738 -0.3534 -0.6489
vn -0.6738 -0.3534 -0.6490
vn -0.6738 -0.4175 -0.6097
vn -0.6737 -0.4176 -0.6097
vn -0.6738 -0.4774 -0.5640
vn -0.6742 -0.5119 -0.5323
vn -0.6738 -0.5443 -0.4997
vn -0.6738 -0.5924 -0.4418
vn -0.6737 -0.5924 -0.4418
vn -0.6738 -0.6341 -0.3793
vn -0.6738 -0.6694 -0.3130
vn -0.6737 -0.6694 -0.3130
vn -0.6738 -0.6980 -0.2425
vn -0.6737 -0.7193 -0.1693
vn -0.6741 -0.7307 -0.1080
vn -0.6782 -0.7272 -0.1059
vn -0.6782 -0.7322 -0.0624
vn -0.6100 -0.7863 -0.0977
vn -0.8777 -0.4774 0.0418
vn -0.8774 -0.4751 0.0664
vn -0.8756 -0.4785 0.0662
vn -0.8758 -0.4722 0.1002
vn -0.8756 -0.4725 0.1001
vn -0.8754 -0.4644 0.1338
vn -0.8765 -0.4624 0.1337
vn -0.8765 -0.4476 0.1772
vn -0.8764 -0.4478 0.1773
vn -0.8764 -0.4290 0.2189
vn -0.8755 -0.4306 0.2194
vn -0.8757 -0.4144 0.2480
vn -0.8756 -0.4145 0.2480
vn -0.8754 -0.3965 0.2765
vn -0.8765 -0.3946 0.2757
vn -0.8765 -0.3670 0.3115
vn -0.8764 -0.3672 0.3117
vn -0.8764 -0.3371 0.3440
vn -0.8753 -0.3387 0.3452
vn -0.8755 -0.3167 0.3651
vn -0.8753 -0.2925 0.3852
vn -0.8766 -0.2908 0.3835
vn -0.8766 -0.2536 0.4091
vn -0.8765 -0.2537 0.4092
vn -0.8765 -0.2154 0.4306
vn -0.8762 -0.2157 0.4311
vn -0.8762 -0.1794 0.4473
vn -0.8763 -0.1793 0.4471
vn -0.8762 -0.1406 0.4609
vn -0.8766 -0.1404 0.4603
vn -0.8766 -0.0965 0.4714
vn -0.8766 -0.0965 0.4715
vn -0.8765 -0.0521 0.4785
vn -0.8754 -0.0525 0.4805
vn -0.8756 -0.0216 0.4825
vn -0.8754 0.0102 0.4833
vn -0.8768 0.0103 0.4808
vn -0.8768 0.0574 0.4774
vn -0.8768 0.0574 0.4773
vn -0.8768 0.1055 0.4691
vn -0.8754 0.1059 0.4717
vn -0.8757 0.1362 0.4633
vn -0.8754 0.1362 0.4639
vn -0.8752 0.1646 0.4550
vn -0.8769 0.1638 0.4520
vn -0.8768 0.2084 0.4332
vn -0.8768 0.2085 0.4334
vn -0.8768 0.2513 0.4100
vn -0.8753 0.2524 0.4125
vn -0.8755 0.2775 0.3955
vn -0.8753 0.2776 0.3960
vn -0.8751 0.3015 0.3786
vn -0.8768 0.2998 0.3758
vn -0.8768 0.3363 0.3436
vn -0.8768 0.3364 0.3437
vn -0.8768 0.3696 0.3076
vn -0.8765 0.3700 0.3081
vn -0.8765 0.3971 0.2719
vn -0.8765 0.4212 0.2331
vn -0.8767 0.4209 0.2328
vn -0.8767 0.4428 0.1879
vn -0.8757 0.4444 0.1889
vn -0.8759 0.4571 0.1543
vn -0.8756 0.4575 0.1546
vn -0.8755 0.4678 0.1214
vn -0.8766 0.4658 0.1204
vn -0.8766 0.4755 0.0737
vn -0.8767 0.4754 0.0737
vn -0.8767 0.4804 0.0248
vn -0.8767 0.4803 0.0248
vn -0.8767 0.4803 -0.0250
vn -0.8766 0.4805 -0.0250
vn -0.8767 0.4755 -0.0732
vn -0.8765 0.4758 -0.0732
vn -0.8765 0.4664 -0.1191
vn -0.8764 0.4665 -0.1191
vn -0.8764 0.4529 -0.1635
vn -0.8755 0.4546 -0.1637
vn -0.8757 0.4417 -0.1951
vn -0.8756 0.4418 -0.1951
vn -0.8754 0.4272 -0.2260
vn -0.8765 0.4253 -0.2254
vn -0.8765 0.4021 -0.2646
vn -0.8764 0.4024 -0.2647
vn -0.8764 0.3762 -0.3008
vn -0.8753 0.3778 -0.3017
vn -0.8755 0.3577 -0.3249
vn -0.8753 0.3355 -0.3482
vn -0.8765 0.3337 -0.3468
vn -0.8765 0.2998 -0.3766
vn -0.8764 0.3000 -0.3768
vn -0.8764 0.2645 -0.4025
vn -0.8755 0.2655 -0.4037
vn -0.8757 0.2378 -0.4203
vn -0.8758 0.2377 -0.4201
vn -0.8756 0.2076 -0.4362
vn -0.8766 0.2066 -0.4346
vn -0.8766 0.1649 -0.4521
vn -0.8765 0.1650 -0.4523
vn -0.8765 0.1228 -0.4655
vn -0.8750 0.1237 -0.4680
vn -0.8752 0.0982 -0.4736
vn -0.8751 0.0983 -0.4738
vn -0.8749 0.0709 -0.4791
vn -0.8767 0.0702 -0.4758
vn -0.8767 0.0240 -0.4804
vn -0.8767 -0.0229 -0.4805
vn -0.8753 -0.0229 -0.4831
vn -0.8755 -0.0522 -0.4804
vn -0.8753 -0.0521 -0.4807
vn -0.8751 -0.0810 -0.4771
vn -0.8768 -0.0807 -0.4740
vn -0.8768 -0.1274 -0.4636
vn -0.8769 -0.1273 -0.4634
vn -0.8769 -0.1750 -0.4476
vn -0.8754 -0.1758 -0.4503
vn -0.8757 -0.2051 -0.4372
vn -0.8753 -0.2051 -0.4380
vn -0.8751 -0.2315 -0.4251
vn -0.8769 -0.2302 -0.4220
vn -0.8768 -0.2717 -0.3967
vn -0.8767 -0.2717 -0.3968
vn -0.8768 -0.3107 -0.3670
vn -0.8753 -0.3121 -0.3693
vn -0.8756 -0.3349 -0.3482
vn -0.8753 -0.3350 -0.3487
vn -0.8751 -0.3565 -0.3273
vn -0.8768 -0.3545 -0.3249
vn -0.8768 -0.3855 -0.2875
vn -0.8767 -0.3855 -0.2875
vn -0.8768 -0.4127 -0.2468
vn -0.8767 -0.4127 -0.2469
vn -0.8767 -0.4357 -0.2038
vn -0.8768 -0.4357 -0.2037
vn -0.8768 -0.4543 -0.1578
vn -0.8767 -0.4544 -0.1579
vn -0.8767 -0.4682 -0.1102
vn -0.8760 -0.4694 -0.1108
vn -0.8762 -0.4767 -0.0710
vn -0.8771 -0.4751 -0.0702
vn -0.8771 -0.4788 -0.0375
vn -0.8093 -0.5817 -0.0811
vn -0.9862 -0.1647 0.0145
vn -0.9862 -0.1640 0.0227
vn -0.9862 -0.1641 0.0227
vn -0.9862 -0.1619 0.0345
vn -0.9862 -0.1622 0.0344
vn -0.9861 -0.1595 0.0456
vn -0.9865 -0.1573 0.0453
vn -0.9865 -0.1522 0.0603
vn -0.9865 -0.1524 0.0603
vn -0.9865 -0.1459 0.0748
vn -0.9861 -0.1477 0.0754
vn -0.9862 -0.1422 0.0851
vn -0.9862 -0.1423 0.0852
vn -0.9861 -0.1363 0.0947
vn -0.9865 -0.1342 0.0936
vn -0.9865 -0.1248 0.1060
vn -0.9865 -0.1250 0.1061
vn -0.9865 -0.1146 0.1174
vn -0.9861 -0.1164 0.1188
vn -0.9861 -0.1089 0.1255
vn -0.9861 -0.1008 0.1323
vn -0.9865 -0.0989 0.1303
vn -0.9865 -0.0862 0.1390
vn -0.9865 -0.0863 0.1392
vn -0.9865 -0.0732 0.1465
vn -0.9864 -0.0736 0.1471
vn -0.9864 -0.0612 0.1526
vn -0.9864 -0.0611 0.1524
vn -0.9864 -0.0480 0.1571
vn -0.9865 -0.0477 0.1563
vn -0.9865 -0.0328 0.1602
vn -0.9865 -0.0328 0.1603
vn -0.9865 -0.0175 0.1627
vn -0.9861 -0.0180 0.1650
vn -0.9862 -0.0074 0.1656
vn -0.9862 -0.0074 0.1657
vn -0.9861 0.0033 0.1660
vn -0.9866 0.0034 0.1630
vn -0.9866 0.0195 0.1619
vn -0.9866 0.0194 0.1618
vn -0.9866 0.0360 0.1590
vn -0.9861 0.0364 0.1619
vn -0.9862 0.0469 0.1590
vn -0.9861 0.0469 0.1596
vn -0.9860 0.0564 0.1567
vn -0.9866 0.0554 0.1532
vn -0.9866 0.0706 0.1468
vn -0.9866 0.0707 0.1470
vn -0.9866 0.0855 0.1389
vn -0.9861 0.0869 0.1418
vn -0.9861 0.0956 0.1358
vn -0.9860 0.0957 0.1364
vn -0.9860 0.1036 0.1307
vn -0.9866 0.1015 0.1275
vn -0.9866 0.1140 0.1165
vn -0.9866 0.1254 0.1042
vn -0.9865 0.1258 0.1047
vn -0.9865 0.1350 0.0925
vn -0.9865 0.1432 0.0793
vn -0.9866 0.1427 0.0790
vn -0.9866 0.1503 0.0634
vn -0.9862 0.1522 0.0646
vn -0.9863 0.1565 0.0526
vn -0.9862 0.1570 0.0530
vn -0.9861 0.1604 0.0421
vn -0.9866 0.1581 0.0410
vn -0.9866 0.1614 0.0250
vn -0.9866 0.1613 0.0250
vn -0.9866 0.1630 0.0084
vn -0.9866 0.1629 0.0084
vn -0.9866 0.1629 -0.0085
vn -0.9866 0.1631 -0.0085
vn -0.9866 0.1614 -0.0249
vn -0.9865 0.1617 -0.0249
vn -0.9865 0.1585 -0.0405
vn -0.9865 0.1587 -0.0405
vn -0.9865 0.1540 -0.0559
vn -0.9862 0.1559 -0.0563
vn -0.9862 0.1515 -0.0670
vn -0.9862 0.1517 -0.0670
vn -0.9861 0.1469 -0.0773
vn -0.9865 0.1447 -0.0765
vn -0.9865 0.1367 -0.0900
vn -0.9865 0.1370 -0.0901
vn -0.9865 0.1279 -0.1027
vn -0.9861 0.1298 -0.1038
vn -0.9861 0.1229 -0.1116
vn -0.9861 0.1229 -0.1117
vn -0.9861 0.1156 -0.1195
vn -0.9865 0.1135 -0.1178
vn -0.9865 0.1019 -0.1280
vn -0.9865 0.1021 -0.1283
vn -0.9865 0.0899 -0.1371
vn -0.9862 0.0910 -0.1385
vn -0.9862 0.0816 -0.1442
vn -0.9862 0.0815 -0.1440
vn -0.9862 0.0713 -0.1495
vn -0.9865 0.0703 -0.1476
vn -0.9865 0.0560 -0.1536
vn -0.9865 0.0561 -0.1539
vn -0.9865 0.0415 -0.1584
vn -0.9860 0.0425 -0.1613
vn -0.9860 0.0337 -0.1632
vn -0.9860 0.0339 -0.1634
vn -0.9859 0.0247 -0.1652
vn -0.9866 0.0239 -0.1614
vn -0.9866 0.0081 -0.1630
vn -0.9866 0.0081 -0.1631
vn -0.9866 -0.0080 -0.1631
vn -0.9861 -0.0079 -0.1661
vn -0.9861 -0.0181 -0.1651
vn -0.9860 -0.0180 -0.1655
vn -0.9860 -0.0276 -0.1643
vn -0.9866 -0.0273 -0.1607
vn -0.9866 -0.0432 -0.1572
vn -0.9867 -0.0431 -0.1569
vn -0.9867 -0.0595 -0.1515
vn -0.9861 -0.0604 -0.1546
vn -0.9862 -0.0707 -0.1499
vn -0.9860 -0.0707 -0.1508
vn -0.9860 -0.0794 -0.1466
vn -0.9866 -0.0779 -0.1431
vn -0.9866 -0.0921 -0.1344
vn -0.9866 -0.0922 -0.1346
vn -0.9866 -0.1056 -0.1243
vn -0.9861 -0.1074 -0.1269
vn -0.9861 -0.1152 -0.1195
vn -0.9860 -0.1154 -0.1200
vn -0.9860 -0.1225 -0.1130
vn -0.9866 -0.1201 -0.1103
vn -0.9866 -0.1307 -0.0975
vn -0.9866 -0.1399 -0.0837
vn -0.9866 -0.1400 -0.0838
vn -0.9866 -0.1478 -0.0691
vn -0.9866 -0.1477 -0.0691
vn -0.9866 -0.1540 -0.0535
vn -0.9866 -0.1542 -0.0536
vn -0.9866 -0.1590 -0.0372
vn -0.9863 -0.1603 -0.0377
vn -0.9864 -0.1629 -0.0235
vn -0.9861 -0.1644 -0.0242
vn -0.9861 -0.1659 -0.0110
vn -0.9677 -0.2494 -0.0364
vn 0.1132 0.9484 -0.2962
vn 0.0897 0.9531 -0.2890
vn 0.1431 0.9553 -0.2588
vn 0.1431 0.9652 -0.2188
vn 0.1431 0.9356 -0.3227
vn 0.1431 0.9304 -0.3376
vn 0.1209 0.9178 -0.3782
vn 0.0449 0.9303 -0.3641
vn 0.1431 0.9055 -0.3995
vn 0.1430 0.8753 -0.4619
vn 0.0663 0.8895 -0.4521
vn 0.1431 0.8604 -0.4891
vn 0.1431 0.8422 -0.5199
vn 0.1431 0.8210 -0.5527
vn 0.0784 0.8097 -0.5815
vn 0.1238 0.7986 -0.5890
vn 0.1431 0.7788 -0.6107
vn 0.1431 0.7695 -0.6224
vn 0.1134 0.7568 -0.6438
vn 0.0735 0.7514 -0.6558
vn 0.1431 0.7297 -0.6687
vn 0.1430 0.6831 -0.7162
vn 0.0632 0.6978 -0.7135
vn 0.1431 0.6597 -0.7378
vn 0.1431 0.6397 -0.7552
vn 0.1431 0.6069 -0.7818
vn 0.0502 0.5957 -0.8017
vn 0.1431 0.5686 -0.8101
vn 0.1431 0.5488 -0.8236
vn 0.1307 0.5337 -0.8355
vn 0.0505 0.5174 -0.8542
vn 0.0823 0.5109 -0.8557
vn 0.1431 0.4843 -0.8631
vn 0.1430 0.4339 -0.8895
vn 0.1219 0.4373 -0.8910
vn 0.1431 0.3965 -0.9068
vn 0.1430 0.3595 -0.9221
vn 0.1431 0.3113 -0.9395
vn 0.0332 0.2824 -0.9587
vn 0.0126 0.0992 -0.9950
vn 0.1430 0.2661 -0.9533
vn 0.1431 0.2139 -0.9663
vn 0.0104 0.1913 -0.9815
vn 0.1431 0.1687 -0.9752
vn 0.1431 0.1152 -0.9830
vn 0.1431 0.0693 -0.9873
vn 0.1431 0.0365 -0.9890
vn 0.1431 -0.0004 -0.9897
vn -0.0111 -0.0281 -0.9995
vn -0.0150 -0.2268 -0.9738
vn 0.1431 -0.0489 -0.9885
vn 0.1431 -0.1027 -0.9844
vn -0.0145 -0.1264 -0.9919
vn 0.1431 -0.1517 -0.9780
vn 0.1431 -0.2047 -0.9683
vn 0.0085 -0.4391 -0.8984
vn 0.1431 -0.2552 -0.9562
vn 0.1431 -0.2859 -0.9475
vn 0.1431 -0.3175 -0.9374
vn 0.0099 -0.3457 -0.9383
vn 0.1431 -0.3634 -0.9206
vn 0.1431 -0.4130 -0.8994
vn 0.0916 -0.5361 -0.8392
vn 0.0350 -0.5278 -0.8487
vn 0.1431 -0.5005 -0.8538
vn 0.1431 -0.4594 -0.8766
vn 0.0475 -0.7030 -0.7096
vn 0.1431 -0.5550 -0.8195
vn 0.1431 -0.5736 -0.8065
vn 0.1431 -0.6012 -0.7862
vn 0.0475 -0.6270 -0.7776
vn 0.1431 -0.6395 -0.7554
vn 0.1431 -0.6797 -0.7194
vn 0.1431 -0.7166 -0.6827
vn 0.1431 -0.7484 -0.6476
vn 0.0664 -0.7709 -0.6335
vn 0.1086 -0.7762 -0.6210
vn 0.1431 -0.7886 -0.5980
vn 0.1430 -0.8197 -0.5546
vn 0.1031 -0.8193 -0.5639
vn 0.1431 -0.8390 -0.5250
vn 0.1429 -0.8682 -0.4751
vn 0.1195 -0.8689 -0.4804
vn 0.1431 -0.8896 -0.4337
vn 0.1429 -0.9128 -0.3825
vn 0.1164 -0.9141 -0.3884
vn 0.1431 -0.9303 -0.3377
vn 0.1431 -0.9386 -0.3141
vn 0.1247 -0.9379 -0.3238
vn 0.1431 -0.9419 -0.3038
vn 0.1430 -0.9581 -0.2481
vn 0.0597 -0.9617 -0.2676
vn 0.1431 -0.9655 -0.2177
vn 0.1429 -0.9781 -0.1513
vn 0.0793 -0.9829 -0.1661
vn 0.1431 -0.9830 -0.1154
vn 0.1429 -0.9884 -0.0509
vn 0.0932 -0.9937 -0.0621
vn 0.1351 -0.9906 -0.0191
vn 0.1431 -0.9897 -0.0080
vn 0.1431 -0.9897 0.0080
vn 0.1177 -0.9921 0.0430
vn 0.1430 -0.9884 0.0509
vn 0.1431 -0.9859 0.0869
vn 0.1424 -0.9840 0.1074
vn 0.1431 -0.9838 0.1077
vn 0.1429 -0.9738 0.1770
vn 0.0710 -0.9841 0.1625
vn 0.1431 -0.9675 0.2086
vn 0.1430 -0.9520 0.2706
vn 0.0982 -0.9599 0.2627
vn 0.1416 -0.9417 0.3053
vn 0.1431 -0.9385 0.3142
vn 0.1431 -0.9333 0.3293
vn 0.0963 -0.9269 0.3628
vn 0.1331 -0.9189 0.3714
vn 0.1431 -0.9047 0.4013
vn 0.1431 -0.8941 0.4243
vn 0.1431 -0.8942 0.4243
vn 0.1429 -0.8617 0.4869
vn 0.0398 -0.8794 0.4744
vn 0.1431 -0.8474 0.5113
vn 0.1430 -0.8115 0.5666
vn 0.0786 -0.8241 0.5610
vn 0.1431 -0.7913 0.5944
vn 0.1431 -0.7833 0.6049
vn 0.1389 -0.7733 0.6186
vn 0.0819 -0.7611 0.6435
vn 0.1339 -0.7477 0.6504
vn 0.1431 -0.7281 0.6704
vn 0.1431 -0.7177 0.6815
vn 0.1429 -0.6741 0.7246
vn 0.0776 -0.6859 0.7235
vn 0.1431 -0.6457 0.7501
vn 0.1430 -0.6026 0.7851
vn 0.1362 -0.6039 0.7853
vn 0.1431 -0.5669 0.8112
vn 0.1431 -0.5559 0.8188
vn 0.0836 -0.5364 0.8398
vn 0.0602 -0.5333 0.8438
vn 0.1431 -0.5057 0.8508
vn 0.1431 -0.4831 0.8638
vn 0.1419 -0.4838 0.8636
vn 0.1431 -0.4754 0.8680
vn 0.1429 -0.4314 0.8908
vn 0.1431 -0.3836 0.9124
vn 0.0971 -0.3470 0.9328
vn 0.1430 -0.3403 0.9294
vn 0.1431 -0.2895 0.9464
vn 0.0438 -0.2610 0.9644
vn 0.1430 -0.2461 0.9586
vn 0.1431 -0.1936 0.9706
vn 0.0154 -0.1728 0.9848
vn 0.1431 -0.1494 0.9784
vn 0.1430 -0.0959 0.9851
vn 0.0231 -0.0821 0.9964
vn 0.1431 -0.0502 0.9884
vn 0.1430 0.0127 0.9896
vn 0.0279 0.0038 0.9996
vn 0.1431 0.0521 0.9883
vn 0.1429 0.1103 0.9836
vn 0.0834 0.1064 0.9908
vn 0.1431 0.1552 0.9775
vn 0.1431 0.1726 0.9745
vn 0.1431 0.2206 0.9648
vn 0.0324 0.2350 0.9715
vn 0.1431 0.2683 0.9527
vn 0.1429 0.3284 0.9337
vn 0.0331 0.3225 0.9460
vn 0.1431 0.3678 0.9188
vn 0.1429 0.4209 0.8958
vn 0.0979 0.4191 0.9027
vn 0.0785 0.5367 0.8401
vn 0.0363 0.5308 0.8467
vn 0.1431 0.5021 0.8529
vn 0.1431 0.4748 0.8684
vn 0.1431 0.4611 0.8757
vn 0.1193 0.5495 0.8269
vn 0.1431 0.5586 0.8170
vn 0.1429 0.6085 0.7806
vn 0.0723 0.6065 0.7918
vn 0.1431 0.6428 0.7525
vn 0.1429 0.6850 0.7144
vn 0.1178 0.6847 0.7193
vn 0.1431 0.7175 0.6817
vn 0.1430 0.7427 0.6541
vn 0.1378 0.7425 0.6555
vn 0.1431 0.7642 0.6289
vn 0.1431 0.7736 0.6173
vn 0.1152 0.7865 0.6068
vn 0.0750 0.8014 0.5934
vn 0.1430 0.8052 0.5755
vn 0.1431 0.8355 0.5305
vn 0.0688 0.8591 0.5071
vn 0.1430 0.8625 0.4853
vn 0.1431 0.8878 0.4375
vn 0.0722 0.9082 0.4122
vn 0.1430 0.9099 0.3893
vn 0.1431 0.9254 0.3510
vn 0.1061 0.9434 0.3142
vn 0.0419 0.9427 0.3309
vn 0.1431 0.9466 0.2888
vn 0.1429 0.9662 0.2146
vn 0.0173 0.9701 0.2419
vn 0.1431 0.9715 0.1890
vn 0.1431 0.9812 0.1298
vn 0.1244 0.9829 0.1361
vn 0.1431 0.9845 0.1018
vn 0.1429 0.9886 0.0473
vn 0.1039 0.9930 0.0563
vn 0.1431 0.9897 0.0073
vn 0.1431 0.9897 -0.0089
vn 0.1154 0.9920 -0.0508
vn 0.1430 0.9880 -0.0579
vn 0.1430 0.9785 -0.1486
vn 0.0843 0.9870 -0.1368
vn 0.1431 0.9724 -0.1844
vn 0.4214 0.8966 -0.1361
vn 0.4214 0.9057 -0.0464
vn 0.4214 0.9059 0.0433
vn 0.4216 0.8990 0.1189
vn 0.4213 0.8854 0.1966
vn 0.4213 0.8853 0.1966
vn 0.4213 0.8604 0.2866
vn 0.4214 0.8604 0.2866
vn 0.4213 0.8259 0.3748
vn 0.4213 0.8258 0.3748
vn 0.4213 0.7810 0.4610
vn 0.4213 0.7289 0.5396
vn 0.4214 0.7289 0.5396
vn 0.4216 0.6805 0.5993
vn 0.4213 0.6277 0.6546
vn 0.4214 0.6276 0.6546
vn 0.4213 0.5576 0.7153
vn 0.4213 0.4817 0.7684
vn 0.4214 0.4817 0.7684
vn 0.4218 0.4349 0.7956
vn 0.4213 0.3857 0.8208
vn 0.4214 0.3856 0.8208
vn 0.4213 0.3009 0.8555
vn 0.4214 0.3009 0.8555
vn 0.4214 0.2132 0.8815
vn 0.4218 0.1581 0.8928
vn 0.4214 0.1011 0.9012
vn 0.4214 0.0116 0.9068
vn 0.4214 -0.0745 0.9038
vn 0.4214 -0.1567 0.8932
vn 0.4215 -0.2369 0.8754
vn 0.4214 -0.2369 0.8754
vn 0.4214 -0.3161 0.8500
vn 0.4214 -0.3162 0.8500
vn 0.4214 -0.3953 0.8162
vn 0.4218 -0.4426 0.7913
vn 0.4215 -0.4845 0.7666
vn 0.4214 -0.4845 0.7666
vn 0.4214 -0.5521 0.7194
vn 0.4214 -0.6177 0.6640
vn 0.4218 -0.6575 0.6243
vn 0.4215 -0.6925 0.5855
vn 0.4214 -0.6925 0.5855
vn 0.4214 -0.7436 0.5191
vn 0.4214 -0.7896 0.4461
vn 0.4217 -0.8192 0.3887
vn 0.4214 -0.8445 0.3306
vn 0.4214 -0.8723 0.2480
vn 0.4214 -0.8923 0.1622
vn 0.4217 -0.9014 0.0984
vn 0.4215 -0.9060 0.0393
vn 0.4213 -0.9057 -0.0467
vn 0.4213 -0.8962 -0.1386
vn 0.4214 -0.8962 -0.1386
vn 0.4214 -0.8779 -0.2274
vn 0.4217 -0.8599 -0.2877
vn 0.4213 -0.8365 -0.3505
vn 0.4213 -0.8364 -0.3505
vn 0.4214 -0.7956 -0.4354
vn 0.4215 -0.7511 -0.5082
vn 0.4213 -0.7007 -0.5758
vn 0.4214 -0.7007 -0.5758
vn 0.4213 -0.6383 -0.6443
vn 0.4214 -0.5693 -0.7060
vn 0.4218 -0.5255 -0.7389
vn 0.4214 -0.4789 -0.7701
vn 0.4213 -0.3982 -0.8148
vn 0.4214 -0.3136 -0.8510
vn 0.4218 -0.2619 -0.8681
vn 0.4217 -0.2619 -0.8681
vn 0.4213 -0.2057 -0.8833
vn 0.4213 -0.1147 -0.8996
vn 0.4214 -0.1147 -0.8996
vn 0.4214 -0.0254 -0.9065
vn 0.4218 0.0335 -0.9061
vn 0.4217 0.0335 -0.9061
vn 0.4214 0.0900 -0.9024
vn 0.4214 0.1735 -0.8901
vn 0.4214 0.2562 -0.8699
vn 0.4214 0.2563 -0.8699
vn 0.4216 0.3294 -0.8448
vn 0.4215 0.3294 -0.8449
vn 0.4215 0.3976 -0.8150
vn 0.4214 0.3976 -0.8151
vn 0.4214 0.4699 -0.7756
vn 0.4214 0.4699 -0.7757
vn 0.4214 0.5409 -0.7279
vn 0.4218 0.5860 -0.6919
vn 0.4215 0.6259 -0.6562
vn 0.4214 0.6259 -0.6562
vn 0.4214 0.6833 -0.5963
vn 0.4214 0.7366 -0.5290
vn 0.4217 0.7716 -0.4763
vn 0.4214 0.8020 -0.4232
vn 0.4214 0.8020 -0.4233
vn 0.4214 0.8385 -0.3455
vn 0.4214 0.8679 -0.2632
vn 0.4217 0.8843 -0.2005
vn 0.6738 0.7305 -0.1109
vn 0.6738 0.7379 -0.0378
vn 0.6738 0.7380 -0.0378
vn 0.6738 0.7381 0.0353
vn 0.6740 0.7323 0.0969
vn 0.6738 0.7214 0.1602
vn 0.6738 0.7011 0.2335
vn 0.6737 0.6729 0.3054
vn 0.6737 0.6364 0.3756
vn 0.6738 0.5939 0.4397
vn 0.6740 0.5544 0.4882
vn 0.6738 0.5114 0.5334
vn 0.6738 0.5114 0.5333
vn 0.6737 0.4543 0.5828
vn 0.6738 0.4543 0.5828
vn 0.6738 0.3925 0.6261
vn 0.6738 0.3925 0.6260
vn 0.6742 0.3543 0.6480
vn 0.6738 0.3142 0.6688
vn 0.6738 0.2452 0.6971
vn 0.6738 0.1737 0.7182
vn 0.6742 0.1288 0.7272
vn 0.6738 0.0824 0.7343
vn 0.6738 0.0095 0.7388
vn 0.6739 -0.0607 0.7364
vn 0.6739 -0.1277 0.7277
vn 0.6739 -0.1930 0.7132
vn 0.6739 -0.2576 0.6925
vn 0.6738 -0.2576 0.6925
vn 0.6738 -0.3221 0.6650
vn 0.6742 -0.3605 0.6446
vn 0.6742 -0.3605 0.6445
vn 0.6739 -0.3947 0.6245
vn 0.6739 -0.3947 0.6246
vn 0.6739 -0.4499 0.5861
vn 0.6738 -0.4499 0.5861
vn 0.6738 -0.5033 0.5410
vn 0.6742 -0.5356 0.5085
vn 0.6742 -0.5355 0.5085
vn 0.6739 -0.5642 0.4770
vn 0.6739 -0.6058 0.4230
vn 0.6738 -0.6058 0.4230
vn 0.6738 -0.6433 0.3635
vn 0.6742 -0.6673 0.3166
vn 0.6741 -0.6673 0.3166
vn 0.6738 -0.6881 0.2693
vn 0.6738 -0.6880 0.2693
vn 0.6738 -0.7107 0.2020
vn 0.6738 -0.7107 0.2021
vn 0.6738 -0.7270 0.1321
vn 0.6742 -0.7342 0.0801
vn 0.6739 -0.7381 0.0320
vn 0.6738 -0.7380 -0.0380
vn 0.6738 -0.7302 -0.1129
vn 0.6738 -0.7153 -0.1853
vn 0.6738 -0.7153 -0.1852
vn 0.6742 -0.7004 -0.2344
vn 0.6737 -0.6816 -0.2856
vn 0.6737 -0.6482 -0.3547
vn 0.6738 -0.6482 -0.3547
vn 0.6739 -0.6119 -0.4140
vn 0.6738 -0.5709 -0.4691
vn 0.6737 -0.5201 -0.5249
vn 0.6738 -0.5201 -0.5249
vn 0.6738 -0.4638 -0.5752
vn 0.6742 -0.4280 -0.6018
vn 0.6738 -0.3902 -0.6275
vn 0.6737 -0.3245 -0.6639
vn 0.6738 -0.3245 -0.6639
vn 0.6738 -0.2555 -0.6933
vn 0.6742 -0.2133 -0.7070
vn 0.6737 -0.1676 -0.7197
vn 0.6738 -0.1676 -0.7197
vn 0.6738 -0.0934 -0.7330
vn 0.6738 -0.0207 -0.7386
vn 0.6742 0.0273 -0.7380
vn 0.6739 0.0733 -0.7352
vn 0.6738 0.0733 -0.7352
vn 0.6739 0.1414 -0.7252
vn 0.6738 0.1414 -0.7252
vn 0.6738 0.2088 -0.7088
vn 0.6740 0.2684 -0.6883
vn 0.6739 0.3239 -0.6640
vn 0.6739 0.3239 -0.6641
vn 0.6739 0.3828 -0.6319
vn 0.6738 0.3828 -0.6320
vn 0.6738 0.4407 -0.5931
vn 0.6742 0.4773 -0.5636
vn 0.6739 0.5099 -0.5346
vn 0.6739 0.5100 -0.5347
vn 0.6739 0.5567 -0.4858
vn 0.6738 0.5567 -0.4858
vn 0.6738 0.6001 -0.4310
vn 0.6738 0.6002 -0.4310
vn 0.6742 0.6285 -0.3880
vn 0.6739 0.6535 -0.3448
vn 0.6738 0.6535 -0.3448
vn 0.6738 0.6832 -0.2815
vn 0.6738 0.7071 -0.2144
vn 0.6742 0.7203 -0.1633
vn 0.8730 0.4823 -0.0732
vn 0.8730 0.4871 -0.0249
vn 0.8730 0.4872 0.0233
vn 0.8731 0.4833 0.0639
vn 0.8729 0.4762 0.1058
vn 0.8730 0.4628 0.1542
vn 0.8729 0.4443 0.2016
vn 0.8729 0.4442 0.2016
vn 0.8729 0.4201 0.2480
vn 0.8729 0.3921 0.2903
vn 0.8730 0.3920 0.2902
vn 0.8731 0.3659 0.3222
vn 0.8730 0.3376 0.3521
vn 0.8729 0.2999 0.3848
vn 0.8729 0.2999 0.3847
vn 0.8730 0.2591 0.4133
vn 0.8732 0.2338 0.4276
vn 0.8730 0.2074 0.4415
vn 0.8729 0.1619 0.4602
vn 0.8730 0.1619 0.4602
vn 0.8730 0.1147 0.4741
vn 0.8732 0.0850 0.4799
vn 0.8730 0.0544 0.4848
vn 0.8730 0.0062 0.4877
vn 0.8730 -0.0401 0.4861
vn 0.8730 -0.0843 0.4804
vn 0.8730 -0.1274 0.4708
vn 0.8730 -0.1700 0.4571
vn 0.8730 -0.2126 0.4390
vn 0.8732 -0.2379 0.4253
vn 0.8730 -0.2606 0.4123
vn 0.8730 -0.2969 0.3869
vn 0.8730 -0.2970 0.3869
vn 0.8730 -0.3322 0.3571
vn 0.8732 -0.3534 0.3356
vn 0.8730 -0.3724 0.3149
vn 0.8730 -0.3725 0.3149
vn 0.8730 -0.3999 0.2792
vn 0.8730 -0.4247 0.2399
vn 0.8732 -0.4404 0.2089
vn 0.8732 -0.4404 0.2090
vn 0.8730 -0.4542 0.1778
vn 0.8730 -0.4692 0.1334
vn 0.8730 -0.4799 0.0872
vn 0.8732 -0.4845 0.0529
vn 0.8730 -0.4872 0.0211
vn 0.8729 -0.4872 -0.0251
vn 0.8729 -0.4821 -0.0746
vn 0.8730 -0.4821 -0.0746
vn 0.8730 -0.4722 -0.1223
vn 0.8732 -0.4622 -0.1547
vn 0.8729 -0.4500 -0.1885
vn 0.8729 -0.4499 -0.1885
vn 0.8729 -0.4279 -0.2342
vn 0.8730 -0.4279 -0.2342
vn 0.8730 -0.4039 -0.2733
vn 0.8730 -0.3769 -0.3097
vn 0.8729 -0.3434 -0.3466
vn 0.8729 -0.3433 -0.3465
vn 0.8730 -0.3062 -0.3797
vn 0.8732 -0.2824 -0.3972
vn 0.8732 -0.2825 -0.3971
vn 0.8730 -0.2576 -0.4142
vn 0.8729 -0.2142 -0.4383
vn 0.8730 -0.1687 -0.4577
vn 0.8732 -0.1408 -0.4666
vn 0.8729 -0.1107 -0.4751
vn 0.8730 -0.0617 -0.4839
vn 0.8730 -0.0137 -0.4876
vn 0.8732 0.0180 -0.4870
vn 0.8730 0.0484 -0.4853
vn 0.8730 0.0933 -0.4787
vn 0.8730 0.1378 -0.4679
vn 0.8731 0.1771 -0.4543
vn 0.8730 0.2138 -0.4383
vn 0.8730 0.2527 -0.4171
vn 0.8730 0.2527 -0.4172
vn 0.8730 0.2909 -0.3915
vn 0.8732 0.3150 -0.3719
vn 0.8730 0.3366 -0.3529
vn 0.8730 0.3675 -0.3207
vn 0.8730 0.3962 -0.2845
vn 0.8732 0.4147 -0.2560
vn 0.8730 0.4313 -0.2276
vn 0.8730 0.4314 -0.2276
vn 0.8730 0.4510 -0.1858
vn 0.8730 0.4668 -0.1415
vn 0.8732 0.4754 -0.1078
vn 0.9853 0.1709 0.0083
vn 0.9853 0.1695 0.0224
vn 0.9852 0.1671 0.0371
vn 0.9852 0.1624 0.0541
vn 0.9852 0.1559 0.0707
vn 0.9852 0.1474 0.0870
vn 0.9852 0.1375 0.1018
vn 0.9853 0.1283 0.1130
vn 0.9852 0.1184 0.1235
vn 0.9852 0.1052 0.1350
vn 0.9852 0.0909 0.1450
vn 0.9853 0.0909 0.1450
vn 0.9853 0.0820 0.1500
vn 0.9852 0.0728 0.1549
vn 0.9852 0.0568 0.1615
vn 0.9852 0.0568 0.1614
vn 0.9852 0.0402 0.1663
vn 0.9853 0.0298 0.1683
vn 0.9852 0.0191 0.1701
vn 0.9852 0.0022 0.1711
vn 0.9853 0.0022 0.1711
vn 0.9853 -0.0141 0.1705
vn 0.9853 -0.0296 0.1685
vn 0.9853 -0.0447 0.1652
vn 0.9853 -0.0597 0.1604
vn 0.9853 -0.0746 0.1540
vn 0.9852 -0.0746 0.1540
vn 0.9853 -0.0834 0.1492
vn 0.9853 -0.0914 0.1446
vn 0.9853 -0.1042 0.1357
vn 0.9853 -0.1166 0.1253
vn 0.9852 -0.1166 0.1253
vn 0.9853 -0.1240 0.1177
vn 0.9853 -0.1307 0.1105
vn 0.9853 -0.1403 0.0979
vn 0.9853 -0.1490 0.0842
vn 0.9852 -0.1490 0.0842
vn 0.9853 -0.1545 0.0733
vn 0.9853 -0.1593 0.0624
vn 0.9853 -0.1646 0.0468
vn 0.9853 -0.1684 0.0306
vn 0.9852 -0.1684 0.0306
vn 0.9853 -0.1700 0.0185
vn 0.9853 -0.1709 0.0074
vn 0.9852 -0.1709 -0.0088
vn 0.9852 -0.1691 -0.0262
vn 0.9852 -0.1657 -0.0429
vn 0.9853 -0.1621 -0.0542
vn 0.9852 -0.1579 -0.0661
vn 0.9852 -0.1501 -0.0822
vn 0.9853 -0.1417 -0.0959
vn 0.9852 -0.1322 -0.1086
vn 0.9853 -0.1322 -0.1086
vn 0.9852 -0.1205 -0.1216
vn 0.9852 -0.1074 -0.1332
vn 0.9853 -0.0991 -0.1393
vn 0.9852 -0.0904 -0.1453
vn 0.9853 -0.0904 -0.1453
vn 0.9852 -0.0752 -0.1538
vn 0.9852 -0.0592 -0.1606
vn 0.9853 -0.0494 -0.1636
vn 0.9852 -0.0388 -0.1667
vn 0.9852 -0.0216 -0.1698
vn 0.9852 -0.0048 -0.1711
vn 0.9853 -0.0048 -0.1711
vn 0.9853 0.0063 -0.1708
vn 0.9853 0.0170 -0.1703
vn 0.9853 0.0327 -0.1679
vn 0.9853 0.0484 -0.1641
vn 0.9853 0.0621 -0.1594
vn 0.9853 0.0750 -0.1538
vn 0.9853 0.0886 -0.1463
vn 0.9853 0.0887 -0.1463
vn 0.9853 0.1021 -0.1373
vn 0.9852 0.1021 -0.1374
vn 0.9853 0.1105 -0.1304
vn 0.9853 0.1181 -0.1238
vn 0.9853 0.1289 -0.1125
vn 0.9853 0.1390 -0.0998
vn 0.9852 0.1390 -0.0998
vn 0.9853 0.1455 -0.0898
vn 0.9853 0.1513 -0.0799
vn 0.9853 0.1582 -0.0652
vn 0.9853 0.1638 -0.0497
vn 0.9852 0.1638 -0.0497
vn 0.9853 0.1667 -0.0378
vn 0.9852 0.1692 -0.0257
vn 0.9852 0.1709 -0.0087
vn 0.9853 0.1709 -0.0001
vn 0.9854 0.1703 0.0081
vn 0.9461 -0.0009 -0.3238
vn 0.9752 -0.0004 -0.2212
vn 0.9969 -0.0000 -0.0786
vn 0.9381 0.0000 -0.3464
vn 0.9458 0.0000 -0.3246
vn 0.9098 -0.0000 -0.4152
vn 0.7343 -0.0000 -0.6788
vn 0.7676 0.0000 -0.6410
vn 0.7880 -0.0009 -0.6157
vn 0.4516 -0.0001 -0.8922
vn 0.5285 0.0000 -0.8490
vn 0.5652 -0.0009 -0.8250
vn 0.0562 -0.0006 -0.9984
vn 0.1788 -0.0001 -0.9839
vn 0.2647 0.0000 -0.9643
vn 0.3076 -0.0008 -0.9515
vn 0.0345 -0.0000 0.9994
vn 0.4302 -0.0002 0.9027
vn 0.3565 -0.0000 0.9343
vn 0.3021 -0.0000 0.9533
vn 0.2649 -0.0008 0.9643
vn 0.6603 -0.0002 0.7510
vn 0.5876 -0.0000 0.8092
vn 0.5475 -0.0009 0.8368
vn 0.8933 -0.0004 0.4495
vn 0.8272 -0.0000 0.5619
vn 0.7861 -0.0000 0.6181
vn 0.7505 -0.0007 0.6609
vn 0.9994 -0.0008 0.0343
vn 0.9609 -0.0000 0.2768
vn 0.9433 0.0000 0.3319
vn 0.9383 -0.0009 0.3459
vn 0.8081 -0.5877 -0.0395
vn 0.0568 -0.9953 -0.0782
vn 0.9994 -0.0335 0.0021
vn 0.9908 -0.1345 0.0128
vn 0.8431 -0.5342 0.0614
vn 0.9004 -0.4336 0.0360
vn 0.9322 -0.3611 0.0270
vn 0.9420 -0.3346 0.0244
vn 0.9579 -0.2865 0.0213
vn 0.6753 -0.7339 0.0730
vn 0.7190 -0.6923 0.0619
vn 0.7596 -0.6483 0.0523
vn 0.3713 -0.9221 0.1088
vn 0.4416 -0.8929 0.0883
vn 0.5136 -0.8548 0.0747
vn 0.5565 -0.8278 0.0714
vn 0.0352 -0.9952 0.0908
vn 0.2700 -0.9590 0.0863
vn 0.1956 -0.9763 0.0925
vn 0.3102 -0.9479 -0.0732
vn 0.2672 -0.9608 -0.0744
vn 0.1822 -0.9794 -0.0872
vn 0.6195 -0.7828 -0.0596
vn 0.5701 -0.8194 -0.0600
vn 0.5335 -0.8434 -0.0627
vn 0.4603 -0.8843 -0.0786
vn 0.3832 -0.9157 -0.1209
vn 0.6944 -0.7167 -0.0641
vn 0.7009 -0.7116 -0.0498
vn 0.7734 -0.6325 -0.0430
vn 0.7417 -0.6689 -0.0494
vn 0.9138 -0.4052 -0.0261
vn 0.8650 -0.4993 -0.0495
vn 0.9483 -0.3168 -0.0185
vn 0.9306 0.0000 -0.3661
vn 0.9976 0.0482 -0.0504
vn 0.9984 -0.0467 -0.0329
vn 0.9774 -0.2105 -0.0170
vn 0.1440 -0.9834 -0.1100
vn 0.1439 -0.9808 -0.1313
vn 0.1646 -0.9771 -0.1352
vn 0.1445 -0.9731 -0.1792
vn 0.1444 -0.9680 -0.2054
vn 0.1446 -0.9679 -0.2054
vn 0.1445 -0.9508 -0.2741
vn 0.2534 -0.9350 -0.2481
vn 0.1451 -0.9429 -0.2999
vn 0.1450 -0.9199 -0.3643
vn 0.2213 -0.9118 -0.3459
vn 0.1451 -0.9073 -0.3946
vn 0.1450 -0.8814 -0.4496
vn 0.1820 -0.8789 -0.4410
vn 0.1445 -0.8628 -0.4845
vn 0.1444 -0.8490 -0.5082
vn 0.1446 -0.8490 -0.5082
vn 0.1446 -0.8237 -0.5483
vn 0.2193 -0.8002 -0.5582
vn 0.1451 -0.7962 -0.5873
vn 0.1450 -0.7543 -0.6403
vn 0.2329 -0.7499 -0.6192
vn 0.1451 -0.7330 -0.6646
vn 0.1450 -0.6926 -0.7066
vn 0.1721 -0.6923 -0.7008
vn 0.1444 -0.6633 -0.7343
vn 0.1443 -0.6484 -0.7475
vn 0.1445 -0.6483 -0.7475
vn 0.1444 -0.5983 -0.7882
vn 0.2602 -0.5947 -0.7607
vn 0.1452 -0.5713 -0.8078
vn 0.1450 -0.5213 -0.8410
vn 0.1943 -0.5215 -0.8308
vn 0.1451 -0.4872 -0.8612
vn 0.1450 -0.4426 -0.8849
vn 0.1448 -0.4427 -0.8849
vn 0.1450 -0.3993 -0.9053
vn 0.1751 -0.3666 -0.9138
vn 0.1449 -0.3647 -0.9198
vn 0.1450 -0.3142 -0.9382
vn 0.2735 -0.2807 -0.9200
vn 0.2469 -0.1048 -0.9633
vn 0.1452 -0.2691 -0.9521
vn 0.1452 -0.2168 -0.9654
vn 0.2732 -0.1929 -0.9424
vn 0.1452 -0.1715 -0.9744
vn 0.1451 -0.1181 -0.9823
vn 0.1445 -0.0720 -0.9869
vn 0.1444 -0.0443 -0.9885
vn 0.1446 -0.0443 -0.9885
vn 0.1445 -0.0014 -0.9895
vn 0.2966 0.0201 -0.9548
vn 0.2787 0.2107 -0.9370
vn 0.1453 0.0470 -0.9883
vn 0.1452 0.1008 -0.9843
vn 0.2870 0.1143 -0.9511
vn 0.1454 0.1497 -0.9780
vn 0.1453 0.2026 -0.9684
vn 0.1444 0.2529 -0.9566
vn 0.1444 0.2791 -0.9493
vn 0.1445 0.2791 -0.9493
vn 0.1444 0.3160 -0.9377
vn 0.2789 0.3266 -0.9031
vn 0.1453 0.3620 -0.9208
vn 0.1453 0.4116 -0.8997
vn 0.2739 0.4169 -0.8667
vn 0.1454 0.4579 -0.8770
vn 0.1452 0.5169 -0.8436
vn 0.2761 0.4904 -0.8266
vn 0.1443 0.5466 -0.8249
vn 0.1443 0.5683 -0.8100
vn 0.1444 0.5684 -0.8100
vn 0.1444 0.5999 -0.7869
vn 0.2452 0.6040 -0.7583
vn 0.1453 0.6383 -0.7560
vn 0.1453 0.6784 -0.7202
vn 0.2415 0.6787 -0.6935
vn 0.1453 0.7154 -0.6835
vn 0.1452 0.7604 -0.6330
vn 0.2412 0.7371 -0.6313
vn 0.1451 0.7825 -0.6055
vn 0.1450 0.8141 -0.5623
vn 0.1661 0.8137 -0.5571
vn 0.1452 0.8384 -0.5254
vn 0.1450 0.8655 -0.4795
vn 0.1478 0.8654 -0.4789
vn 0.1453 0.8889 -0.4344
vn 0.1451 0.9108 -0.3865
vn 0.1445 0.9108 -0.3866
vn 0.1447 0.9306 -0.3361
vn 0.1468 0.9373 -0.3162
vn 0.1446 0.9378 -0.3155
vn 0.1445 0.9578 -0.2484
vn 0.2289 0.9382 -0.2597
vn 0.1452 0.9655 -0.2163
vn 0.1451 0.9777 -0.1516
vn 0.2082 0.9647 -0.1616
vn 0.1453 0.9828 -0.1139
vn 0.1451 0.9881 -0.0510
vn 0.1935 0.9793 -0.0597
vn 0.1453 0.9893 -0.0092
vn 0.1452 0.9881 0.0515
vn 0.1807 0.9825 0.0445
vn 0.1453 0.9847 0.0961
vn 0.1451 0.9780 0.1498
vn 0.1493 0.9773 0.1505
vn 0.1452 0.9695 0.1972
vn 0.1450 0.9587 0.2447
vn 0.1452 0.9442 0.2956
vn 0.1700 0.9269 0.3345
vn 0.1444 0.9289 0.3409
vn 0.1445 0.9051 0.3999
vn 0.1698 0.9054 0.3892
vn 0.1446 0.9003 0.4105
vn 0.1445 0.8764 0.4593
vn 0.1656 0.8717 0.4612
vn 0.1451 0.8533 0.5008
vn 0.1450 0.8266 0.5438
vn 0.1451 0.7982 0.5847
vn 0.1668 0.7701 0.6157
vn 0.1443 0.7705 0.6209
vn 0.1444 0.7324 0.6654
vn 0.1576 0.7343 0.6603
vn 0.1445 0.7240 0.6745
vn 0.1444 0.6866 0.7126
vn 0.1450 0.6865 0.7126
vn 0.1451 0.6508 0.7452
vn 0.1548 0.6153 0.7729
vn 0.1450 0.6153 0.7749
vn 0.1451 0.5726 0.8069
vn 0.2060 0.5374 0.8178
vn 0.1445 0.5356 0.8320
vn 0.1445 0.4873 0.8612
vn 0.1570 0.4888 0.8582
vn 0.1447 0.4707 0.8704
vn 0.1445 0.4252 0.8935
vn 0.1451 0.4252 0.8934
vn 0.1452 0.3790 0.9139
vn 0.1804 0.3372 0.9240
vn 0.1451 0.3358 0.9307
vn 0.1452 0.2849 0.9475
vn 0.2397 0.2476 0.9387
vn 0.1441 0.2412 0.9597
vn 0.1442 0.2008 0.9690
vn 0.1443 0.2007 0.9690
vn 0.1444 0.1808 0.9729
vn 0.2579 0.1415 0.9557
vn 0.1452 0.1329 0.9804
vn 0.1453 0.0793 0.9862
vn 0.2848 0.0478 0.9574
vn 0.1452 0.0315 0.9889
vn 0.1453 -0.0224 0.9891
vn 0.2990 -0.0455 0.9532
vn 0.1443 -0.0712 0.9870
vn 0.1443 -0.1068 0.9837
vn 0.1445 -0.1069 0.9837
vn 0.1444 -0.1357 0.9802
vn 0.2851 -0.1604 0.9450
vn 0.3012 -0.3473 0.8881
vn 0.1453 -0.1837 0.9722
vn 0.1453 -0.2364 0.9607
vn 0.2948 -0.2531 0.9214
vn 0.1454 -0.2849 0.9475
vn 0.1454 -0.3361 0.9305
vn 0.1444 -0.3859 0.9112
vn 0.1444 -0.4202 0.8958
vn 0.1444 -0.4203 0.8958
vn 0.1444 -0.4450 0.8838
vn 0.2534 -0.4626 0.8496
vn 0.1453 -0.4880 0.8607
vn 0.1453 -0.5343 0.8327
vn 0.2634 -0.5451 0.7959
vn 0.1453 -0.5771 0.8037
vn 0.1453 -0.6201 0.7709
vn 0.2435 -0.6266 0.7403
vn 0.1443 -0.6575 0.7395
vn 0.1443 -0.6859 0.7132
vn 0.1444 -0.6859 0.7132
vn 0.1444 -0.7062 0.6931
vn 0.2227 -0.7182 0.6593
vn 0.1452 -0.7395 0.6573
vn 0.1453 -0.7744 0.6159
vn 0.2316 -0.7798 0.5816
vn 0.1453 -0.8054 0.5747
vn 0.1453 -0.8356 0.5298
vn 0.2195 -0.8373 0.5008
vn 0.1453 -0.8607 0.4880
vn 0.1451 -0.8963 0.4191
vn 0.2847 -0.8584 0.4267
vn 0.1453 -0.9078 0.3934
vn 0.1452 -0.9346 0.3247
vn 0.2545 -0.9070 0.3356
vn 0.1453 -0.9441 0.2959
vn 0.1452 -0.9631 0.2268
vn 0.2426 -0.9402 0.2393
vn 0.1449 -0.9704 0.1934
vn 0.1448 -0.9789 0.1439
vn 0.1442 -0.9790 0.1440
vn 0.1443 -0.9844 0.1009
vn 0.1073 -0.9878 0.1133
vn 0.4274 -0.9000 -0.0858
vn 0.4269 -0.8958 -0.1238
vn 0.4226 -0.8979 -0.1232
vn 0.4230 -0.8864 -0.1880
vn 0.4231 -0.8863 -0.1881
vn 0.4228 -0.8708 -0.2508
vn 0.4233 -0.8706 -0.2509
vn 0.4233 -0.8423 -0.3336
vn 0.4233 -0.8069 -0.4119
vn 0.4227 -0.8072 -0.4119
vn 0.4230 -0.7775 -0.4653
vn 0.4231 -0.7774 -0.4653
vn 0.4228 -0.7433 -0.5184
vn 0.4233 -0.7431 -0.5183
vn 0.4233 -0.6907 -0.5863
vn 0.4233 -0.6340 -0.6472
vn 0.4226 -0.6343 -0.6473
vn 0.4229 -0.5938 -0.6845
vn 0.4231 -0.5937 -0.6845
vn 0.4227 -0.5481 -0.7218
vn 0.4233 -0.5478 -0.7216
vn 0.4234 -0.4773 -0.7700
vn 0.4233 -0.4773 -0.7700
vn 0.4233 -0.4053 -0.8103
vn 0.4232 -0.4053 -0.8103
vn 0.4233 -0.3374 -0.8409
vn 0.4234 -0.3373 -0.8408
vn 0.4232 -0.2644 -0.8666
vn 0.4234 -0.2644 -0.8665
vn 0.4234 -0.1817 -0.8875
vn 0.4234 -0.0979 -0.9006
vn 0.4227 -0.0980 -0.9010
vn 0.4230 -0.0406 -0.9052
vn 0.4231 -0.0406 -0.9052
vn 0.4227 0.0190 -0.9061
vn 0.4235 0.0190 -0.9057
vn 0.4234 0.1081 -0.8994
vn 0.4235 0.1081 -0.8994
vn 0.4235 0.1989 -0.8838
vn 0.4225 0.1989 -0.8843
vn 0.4230 0.2556 -0.8693
vn 0.4227 0.3082 -0.8523
vn 0.4235 0.3081 -0.8519
vn 0.4234 0.3927 -0.8164
vn 0.4235 0.4735 -0.7723
vn 0.4225 0.4736 -0.7728
vn 0.4229 0.5204 -0.7418
vn 0.4230 0.5204 -0.7418
vn 0.4226 0.5645 -0.7090
vn 0.4234 0.5644 -0.7086
vn 0.4234 0.6336 -0.6475
vn 0.4235 0.6963 -0.5795
vn 0.4233 0.6963 -0.5796
vn 0.4234 0.7475 -0.5118
vn 0.4233 0.7927 -0.4387
vn 0.4235 0.7926 -0.4386
vn 0.4234 0.8340 -0.3538
vn 0.4227 0.8343 -0.3540
vn 0.4232 0.8585 -0.2897
vn 0.4231 0.8585 -0.2897
vn 0.4228 0.8772 -0.2277
vn 0.4233 0.8769 -0.2275
vn 0.4233 0.8953 -0.1388
vn 0.4234 0.8952 -0.1388
vn 0.4234 0.9047 -0.0467
vn 0.4234 0.9047 0.0471
vn 0.4234 0.8954 0.1379
vn 0.4234 0.8778 0.2241
vn 0.4233 0.8778 0.2241
vn 0.4233 0.8521 0.3077
vn 0.4227 0.8524 0.3077
vn 0.4231 0.8288 0.3661
vn 0.4231 0.8288 0.3662
vn 0.4228 0.8011 0.4237
vn 0.4233 0.8008 0.4236
vn 0.4233 0.7569 0.4979
vn 0.4233 0.7075 0.5659
vn 0.4226 0.7078 0.5660
vn 0.4230 0.6708 0.6092
vn 0.4231 0.6707 0.6092
vn 0.4227 0.6289 0.6526
vn 0.4233 0.6286 0.6524
vn 0.4233 0.5643 0.7088
vn 0.4234 0.5643 0.7088
vn 0.4233 0.4975 0.7572
vn 0.4228 0.4977 0.7574
vn 0.4230 0.4462 0.7886
vn 0.4232 0.4462 0.7886
vn 0.4228 0.3895 0.8182
vn 0.4234 0.3893 0.8180
vn 0.4234 0.3105 0.8511
vn 0.4234 0.2309 0.8760
vn 0.4224 0.2311 0.8764
vn 0.4228 0.1840 0.8874
vn 0.4230 0.1839 0.8873
vn 0.4225 0.1328 0.8966
vn 0.4234 0.1327 0.8962
vn 0.4234 0.0452 0.9048
vn 0.4235 0.0452 0.9048
vn 0.4234 -0.0433 0.9049
vn 0.4225 -0.0432 0.9053
vn 0.4229 -0.0978 0.9009
vn 0.4230 -0.0978 0.9008
vn 0.4226 -0.1516 0.8935
vn 0.4235 -0.1516 0.8931
vn 0.4234 -0.2400 0.8736
vn 0.4236 -0.2399 0.8735
vn 0.4235 -0.3300 0.8437
vn 0.4225 -0.3301 0.8441
vn 0.4230 -0.3848 0.8203
vn 0.4226 -0.4334 0.7960
vn 0.4235 -0.4332 0.7956
vn 0.4234 -0.5119 0.7474
vn 0.4235 -0.5854 0.6914
vn 0.4225 -0.5856 0.6918
vn 0.4230 -0.6281 0.6532
vn 0.4230 -0.6281 0.6531
vn 0.4226 -0.6675 0.6130
vn 0.4234 -0.6673 0.6127
vn 0.4234 -0.7262 0.5416
vn 0.4235 -0.7774 0.4650
vn 0.4234 -0.7775 0.4650
vn 0.4234 -0.8206 0.3838
vn 0.4235 -0.8558 0.2973
vn 0.4234 -0.8558 0.2973
vn 0.4234 -0.8818 0.2075
vn 0.4230 -0.8820 0.2076
vn 0.4233 -0.8964 0.1315
vn 0.4246 -0.8958 0.1310
vn 0.4247 -0.9017 0.0806
vn 0.3195 -0.9387 0.1293
vn 0.6809 -0.7289 -0.0714
vn 0.6804 -0.7257 -0.1014
vn 0.6738 -0.7321 -0.1006
vn 0.6741 -0.7225 -0.1533
vn 0.6742 -0.7225 -0.1533
vn 0.6738 -0.7100 -0.2046
vn 0.6738 -0.6870 -0.2720
vn 0.6738 -0.6582 -0.3358
vn 0.6738 -0.6581 -0.3358
vn 0.6742 -0.6337 -0.3793
vn 0.6738 -0.6060 -0.4227
vn 0.6738 -0.5633 -0.4782
vn 0.6739 -0.5633 -0.4782
vn 0.6739 -0.5171 -0.5277
vn 0.6742 -0.4839 -0.5579
vn 0.6738 -0.4468 -0.5885
vn 0.6739 -0.3893 -0.6280
vn 0.6739 -0.3305 -0.6608
vn 0.6740 -0.2751 -0.6856
vn 0.6738 -0.2156 -0.7067
vn 0.6738 -0.1482 -0.7239
vn 0.6739 -0.1482 -0.7239
vn 0.6738 -0.0799 -0.7345
vn 0.6742 -0.0331 -0.7378
vn 0.6738 0.0155 -0.7387
vn 0.6738 0.0882 -0.7336
vn 0.6738 0.1622 -0.7209
vn 0.6737 0.1622 -0.7210
vn 0.6742 0.2083 -0.7085
vn 0.6738 0.2513 -0.6948
vn 0.6738 0.2513 -0.6949
vn 0.6738 0.3203 -0.6659
vn 0.6737 0.3204 -0.6659
vn 0.6738 0.3861 -0.6300
vn 0.6742 0.4242 -0.6046
vn 0.6738 0.4603 -0.5780
vn 0.6738 0.5168 -0.5281
vn 0.6737 0.5169 -0.5281
vn 0.6738 0.5679 -0.4727
vn 0.6739 0.6096 -0.4174
vn 0.6738 0.6465 -0.3578
vn 0.6738 0.6802 -0.2887
vn 0.6737 0.6803 -0.2887
vn 0.6742 0.6998 -0.2361
vn 0.6738 0.7152 -0.1856
vn 0.6738 0.7302 -0.1132
vn 0.6738 0.7379 -0.0381
vn 0.6738 0.7380 -0.0381
vn 0.6738 0.7379 0.0384
vn 0.6738 0.7380 0.0384
vn 0.6738 0.7303 0.1125
vn 0.6738 0.7159 0.1828
vn 0.6738 0.6950 0.2509
vn 0.6742 0.6756 0.2985
vn 0.6741 0.6756 0.2985
vn 0.6738 0.6532 0.3455
vn 0.6738 0.6531 0.3455
vn 0.6738 0.6173 0.4061
vn 0.6739 0.6172 0.4061
vn 0.6739 0.5770 0.4614
vn 0.6742 0.5467 0.4966
vn 0.6738 0.5127 0.5321
vn 0.6738 0.4602 0.5781
vn 0.6739 0.4602 0.5780
vn 0.6739 0.4057 0.6175
vn 0.6742 0.3637 0.6428
vn 0.6738 0.3175 0.6672
vn 0.6738 0.2533 0.6941
vn 0.6739 0.2533 0.6941
vn 0.6739 0.1884 0.7144
vn 0.6742 0.1499 0.7231
vn 0.6738 0.1082 0.7309
vn 0.6738 0.0368 0.7380
vn 0.6738 -0.0352 0.7381
vn 0.6742 -0.0797 0.7342
vn 0.6738 -0.1237 0.7285
vn 0.6738 -0.1957 0.7125
vn 0.6738 -0.1957 0.7126
vn 0.6737 -0.2691 0.6882
vn 0.6737 -0.2691 0.6883
vn 0.6742 -0.3137 0.6686
vn 0.6742 -0.3136 0.6686
vn 0.6738 -0.3534 0.6489
vn 0.6738 -0.3534 0.6490
vn 0.6738 -0.4175 0.6097
vn 0.6737 -0.4176 0.6097
vn 0.6738 -0.4774 0.5640
vn 0.6742 -0.5119 0.5323
vn 0.6738 -0.5443 0.4997
vn 0.6738 -0.5924 0.4418
vn 0.6737 -0.5924 0.4418
vn 0.6738 -0.6341 0.3793
vn 0.6738 -0.6694 0.3130
vn 0.6737 -0.6694 0.3130
vn 0.6738 -0.6980 0.2425
vn 0.6737 -0.7193 0.1693
vn 0.6741 -0.7307 0.1080
vn 0.6782 -0.7272 0.1059
vn 0.6782 -0.7322 0.0624
vn 0.6100 -0.7863 0.0977
vn 0.8750 -0.4822 -0.0417
vn 0.8748 -0.4799 -0.0671
vn 0.8756 -0.4784 -0.0672
vn 0.8758 -0.4722 -0.1002
vn 0.8756 -0.4725 -0.1001
vn 0.8754 -0.4644 -0.1338
vn 0.8765 -0.4624 -0.1337
vn 0.8765 -0.4476 -0.1772
vn 0.8764 -0.4478 -0.1773
vn 0.8764 -0.4290 -0.2189
vn 0.8755 -0.4306 -0.2194
vn 0.8757 -0.4144 -0.2480
vn 0.8756 -0.4145 -0.2480
vn 0.8754 -0.3965 -0.2765
vn 0.8765 -0.3946 -0.2757
vn 0.8765 -0.3670 -0.3115
vn 0.8764 -0.3672 -0.3117
vn 0.8764 -0.3371 -0.3440
vn 0.8753 -0.3387 -0.3452
vn 0.8755 -0.3167 -0.3651
vn 0.8753 -0.2925 -0.3852
vn 0.8766 -0.2908 -0.3835
vn 0.8766 -0.2536 -0.4091
vn 0.8765 -0.2537 -0.4092
vn 0.8765 -0.2154 -0.4306
vn 0.8762 -0.2157 -0.4311
vn 0.8762 -0.1794 -0.4473
vn 0.8763 -0.1793 -0.4471
vn 0.8762 -0.1406 -0.4609
vn 0.8766 -0.1404 -0.4603
vn 0.8766 -0.0965 -0.4714
vn 0.8766 -0.0965 -0.4715
vn 0.8766 -0.0521 -0.4785
vn 0.8754 -0.0525 -0.4805
vn 0.8756 -0.0216 -0.4825
vn 0.8756 -0.0217 -0.4825
vn 0.8754 0.0102 -0.4833
vn 0.8768 0.0103 -0.4808
vn 0.8768 0.0574 -0.4774
vn 0.8768 0.0574 -0.4773
vn 0.8768 0.1055 -0.4691
vn 0.8754 0.1059 -0.4717
vn 0.8757 0.1362 -0.4633
vn 0.8754 0.1362 -0.4639
vn 0.8752 0.1646 -0.4550
vn 0.8769 0.1638 -0.4520
vn 0.8768 0.2084 -0.4332
vn 0.8768 0.2085 -0.4334
vn 0.8768 0.2513 -0.4100
vn 0.8753 0.2524 -0.4125
vn 0.8755 0.2775 -0.3955
vn 0.8753 0.2776 -0.3960
vn 0.8751 0.3015 -0.3786
vn 0.8768 0.2998 -0.3758
vn 0.8768 0.3363 -0.3436
vn 0.8768 0.3364 -0.3437
vn 0.8768 0.3696 -0.3076
vn 0.8765 0.3700 -0.3081
vn 0.8765 0.3971 -0.2719
vn 0.8765 0.4212 -0.2331
vn 0.8767 0.4209 -0.2328
vn 0.8767 0.4428 -0.1879
vn 0.8757 0.4444 -0.1889
vn 0.8759 0.4571 -0.1542
vn 0.8756 0.4575 -0.1546
vn 0.8755 0.4678 -0.1214
vn 0.8766 0.4658 -0.1204
vn 0.8766 0.4755 -0.0737
vn 0.8767 0.4754 -0.0737
vn 0.8767 0.4804 -0.0248
vn 0.8767 0.4803 -0.0248
vn 0.8767 0.4803 0.0250
vn 0.8766 0.4805 0.0250
vn 0.8767 0.4755 0.0732
vn 0.8765 0.4758 0.0732
vn 0.8765 0.4664 0.1191
vn 0.8764 0.4665 0.1191
vn 0.8764 0.4529 0.1635
vn 0.8755 0.4546 0.1637
vn 0.8757 0.4417 0.1951
vn 0.8756 0.4418 0.1951
vn 0.8754 0.4272 0.2260
vn 0.8765 0.4253 0.2254
vn 0.8765 0.4021 0.2646
vn 0.8764 0.4024 0.2647
vn 0.8764 0.3762 0.3008
vn 0.8753 0.3778 0.3017
vn 0.8755 0.3577 0.3249
vn 0.8753 0.3355 0.3482
vn 0.8765 0.3337 0.3468
vn 0.8765 0.2998 0.3766
vn 0.8764 0.3000 0.3767
vn 0.8764 0.2645 0.4025
vn 0.8755 0.2655 0.4037
vn 0.8757 0.2378 0.4203
vn 0.8758 0.2377 0.4201
vn 0.8756 0.2076 0.4362
vn 0.8766 0.2066 0.4346
vn 0.8766 0.1649 0.4521
vn 0.8765 0.1650 0.4523
vn 0.8765 0.1228 0.4655
vn 0.8750 0.1237 0.4680
vn 0.8752 0.0982 0.4736
vn 0.8751 0.0983 0.4738
vn 0.8749 0.0709 0.4791
vn 0.8767 0.0702 0.4758
vn 0.8767 0.0240 0.4804
vn 0.8767 -0.0229 0.4805
vn 0.8753 -0.0229 0.4831
vn 0.8755 -0.0522 0.4804
vn 0.8753 -0.0521 0.4807
vn 0.8751 -0.0810 0.4771
vn 0.8768 -0.0807 0.4740
vn 0.8768 -0.1274 0.4636
vn 0.8769 -0.1273 0.4635
vn 0.8769 -0.1750 0.4476
vn 0.8754 -0.1758 0.4503
vn 0.8757 -0.2051 0.4372
vn 0.8753 -0.2051 0.4380
vn 0.8751 -0.2315 0.4251
vn 0.8769 -0.2302 0.4220
vn 0.8768 -0.2717 0.3967
vn 0.8767 -0.2717 0.3968
vn 0.8768 -0.3107 0.3670
vn 0.8753 -0.3121 0.3693
vn 0.8756 -0.3349 0.3482
vn 0.8753 -0.3350 0.3487
vn 0.8751 -0.3565 0.3273
vn 0.8768 -0.3545 0.3249
vn 0.8768 -0.3855 0.2875
vn 0.8767 -0.3855 0.2875
vn 0.8768 -0.4127 0.2469
vn 0.8767 -0.4127 0.2469
vn 0.8767 -0.4357 0.2038
vn 0.8768 -0.4357 0.2037
vn 0.8768 -0.4543 0.1578
vn 0.8767 -0.4544 0.1579
vn 0.8767 -0.4683 0.1102
vn 0.8760 -0.4694 0.1108
vn 0.8762 -0.4767 0.0710
vn 0.8771 -0.4751 0.0702
vn 0.8771 -0.4788 0.0375
vn 0.8093 -0.5817 0.0811
vn 0.9853 -0.1708 -0.0088
vn 0.9853 -0.1696 -0.0225
vn 0.9862 -0.1641 -0.0227
vn 0.9862 -0.1619 -0.0345
vn 0.9862 -0.1622 -0.0344
vn 0.9861 -0.1595 -0.0456
vn 0.9865 -0.1573 -0.0453
vn 0.9865 -0.1522 -0.0603
vn 0.9865 -0.1524 -0.0603
vn 0.9865 -0.1459 -0.0748
vn 0.9861 -0.1478 -0.0754
vn 0.9862 -0.1422 -0.0851
vn 0.9862 -0.1423 -0.0852
vn 0.9861 -0.1363 -0.0947
vn 0.9865 -0.1342 -0.0936
vn 0.9865 -0.1248 -0.1060
vn 0.9865 -0.1250 -0.1061
vn 0.9865 -0.1146 -0.1174
vn 0.9861 -0.1164 -0.1188
vn 0.9861 -0.1089 -0.1255
vn 0.9861 -0.1008 -0.1323
vn 0.9865 -0.0989 -0.1303
vn 0.9865 -0.0862 -0.1390
vn 0.9865 -0.0863 -0.1392
vn 0.9865 -0.0732 -0.1465
vn 0.9864 -0.0736 -0.1471
vn 0.9864 -0.0612 -0.1526
vn 0.9864 -0.0611 -0.1524
vn 0.9864 -0.0480 -0.1571
vn 0.9865 -0.0477 -0.1563
vn 0.9865 -0.0328 -0.1602
vn 0.9865 -0.0328 -0.1603
vn 0.9865 -0.0175 -0.1627
vn 0.9861 -0.0180 -0.1650
vn 0.9862 -0.0074 -0.1656
vn 0.9862 -0.0074 -0.1657
vn 0.9861 0.0033 -0.1660
vn 0.9866 0.0034 -0.1630
vn 0.9866 0.0195 -0.1619
vn 0.9866 0.0194 -0.1618
vn 0.9866 0.0360 -0.1590
vn 0.9861 0.0364 -0.1619
vn 0.9862 0.0469 -0.1590
vn 0.9861 0.0469 -0.1596
vn 0.9860 0.0564 -0.1567
vn 0.9866 0.0554 -0.1532
vn 0.9866 0.0706 -0.1468
vn 0.9866 0.0707 -0.1470
vn 0.9866 0.0855 -0.1389
vn 0.9861 0.0869 -0.1418
vn 0.9861 0.0956 -0.1358
vn 0.9860 0.0957 -0.1364
vn 0.9860 0.1036 -0.1307
vn 0.9866 0.1015 -0.1275
vn 0.9866 0.1140 -0.1165
vn 0.9866 0.1254 -0.1042
vn 0.9865 0.1258 -0.1047
vn 0.9865 0.1350 -0.0925
vn 0.9865 0.1432 -0.0793
vn 0.9866 0.1427 -0.0790
vn 0.9866 0.1503 -0.0634
vn 0.9862 0.1522 -0.0646
vn 0.9863 0.1565 -0.0526
vn 0.9862 0.1570 -0.0530
vn 0.9861 0.1604 -0.0421
vn 0.9866 0.1581 -0.0410
vn 0.9866 0.1614 -0.0251
vn 0.9866 0.1613 -0.0250
vn 0.9866 0.1630 -0.0084
vn 0.9866 0.1629 -0.0084
vn 0.9866 0.1629 0.0085
vn 0.9866 0.1631 0.0085
vn 0.9866 0.1614 0.0249
vn 0.9865 0.1617 0.0249
vn 0.9865 0.1585 0.0405
vn 0.9865 0.1587 0.0405
vn 0.9865 0.1540 0.0559
vn 0.9862 0.1559 0.0563
vn 0.9862 0.1515 0.0670
vn 0.9862 0.1517 0.0670
vn 0.9861 0.1469 0.0773
vn 0.9865 0.1447 0.0765
vn 0.9865 0.1367 0.0900
vn 0.9865 0.1370 0.0901
vn 0.9865 0.1279 0.1027
vn 0.9861 0.1298 0.1038
vn 0.9861 0.1229 0.1116
vn 0.9861 0.1229 0.1117
vn 0.9861 0.1156 0.1195
vn 0.9865 0.1135 0.1178
vn 0.9865 0.1019 0.1280
vn 0.9865 0.1021 0.1283
vn 0.9865 0.0899 0.1371
vn 0.9862 0.0910 0.1385
vn 0.9862 0.0816 0.1442
vn 0.9862 0.0815 0.1440
vn 0.9862 0.0713 0.1495
vn 0.9865 0.0703 0.1476
vn 0.9865 0.0560 0.1536
vn 0.9865 0.0561 0.1539
vn 0.9865 0.0415 0.1584
vn 0.9860 0.0425 0.1613
vn 0.9860 0.0337 0.1632
vn 0.9860 0.0339 0.1634
vn 0.9859 0.0247 0.1652
vn 0.9866 0.0239 0.1614
vn 0.9866 0.0081 0.1630
vn 0.9866 0.0081 0.1631
vn 0.9866 -0.0080 0.1631
vn 0.9861 -0.0079 0.1661
vn 0.9861 -0.0181 0.1651
vn 0.9860 -0.0180 0.1655
vn 0.9860 -0.0276 0.1643
vn 0.9866 -0.0273 0.1607
vn 0.9866 -0.0432 0.1572
vn 0.9867 -0.0431 0.1569
vn 0.9867 -0.0595 0.1515
vn 0.9861 -0.0604 0.1546
vn 0.9862 -0.0707 0.1499
vn 0.9860 -0.0707 0.1508
vn 0.9860 -0.0794 0.1466
vn 0.9866 -0.0779 0.1431
vn 0.9866 -0.0921 0.1344
vn 0.9866 -0.0922 0.1346
vn 0.9866 -0.1056 0.1243
vn 0.9861 -0.1074 0.1269
vn 0.9861 -0.1152 0.1195
vn 0.9860 -0.1154 0.1200
vn 0.9860 -0.1225 0.1130
vn 0.9866 -0.1201 0.1103
vn 0.9866 -0.1307 0.0975
vn 0.9866 -0.1399 0.0837
vn 0.9866 -0.1400 0.0838
vn 0.9866 -0.1478 0.0691
vn 0.9866 -0.1477 0.0691
vn 0.9866 -0.1540 0.0535
vn 0.9866 -0.1542 0.0536
vn 0.9866 -0.1590 0.0372
vn 0.9863 -0.1603 0.0377
vn 0.9864 -0.1629 0.0235
vn 0.9861 -0.1644 0.0242
vn 0.9861 -0.1659 0.0110
vn 0.9677 -0.2494 0.0364
vn -0.0345 0.0000 -0.9994
vn -0.4302 -0.0002 -0.9027
vn -0.3565 -0.0000 -0.9343
vn -0.3021 -0.0000 -0.9533
vn -0.2649 -0.0008 -0.9643
vn -0.6603 -0.0002 -0.7510
vn -0.5876 -0.0000 -0.8092
vn -0.5475 -0.0009 -0.8368
vn -0.8933 -0.0004 -0.4495
vn -0.8272 -0.0000 -0.5619
vn -0.7861 -0.0000 -0.6180
vn -0.7505 -0.0007 -0.6609
vn -0.9994 -0.0008 -0.0343
vn -0.9609 -0.0000 -0.2768
vn -0.9411 0.0000 -0.3381
vn -0.9383 -0.0009 -0.3459
vn -0.6128 -0.0005 0.7903
vn -0.1431 0.0000 -0.9897
vn -0.8732 0.0000 -0.4873
vn 1.0000 0.0000 -0.0028
vn 0.4218 0.0000 0.9067
vn 0.9853 0.0000 -0.1709
vn -0.8029 -0.0008 0.5962
vn 0.7072 -0.0004 0.7071
vn 0.8732 0.0000 0.4874
vn -0.4218 0.0000 -0.9067
vn 0.8029 -0.0008 -0.5962
vn 0.6826 -0.0002 -0.7308
vn 0.9896 -0.0003 0.1439
vn 0.1431 0.0000 0.9897
vn 0.6743 0.0000 0.7385
vn -0.3645 -0.0005 0.9312
vn -0.9277 -0.0008 -0.3734
vn 0.6128 -0.0005 -0.7903
vn 0.6742 -0.0000 -0.7385
vn 0.5046 -0.0006 0.8633
vn -0.6743 -0.0000 0.7385
vn -0.9896 -0.0003 -0.1439
vn -0.9500 -0.0008 0.3122
vn -1.0000 0.0000 0.0028
vn 0.8535 -0.0003 -0.5210
vn 0.9277 -0.0008 0.3734
vn 0.3645 -0.0005 -0.9312
vn 0.4218 -0.0000 -0.9067
vn 0.1431 0.0000 -0.9897
vn 0.9853 0.0000 0.1709
vn -0.6743 0.0000 -0.7385
vn -0.1031 -0.0001 -0.9947
vn -0.5046 -0.0006 -0.8633
vn 0.8732 -0.0000 -0.4873
vn -0.1911 -0.0004 -0.9816
vn 0.1911 -0.0004 0.9816
vn 0.1031 -0.0001 0.9947
vn -0.6826 -0.0002 0.7308
vn -0.4218 -0.0000 0.9067
vn -0.9853 0.0000 -0.1709
vn -0.9853 -0.0000 0.1709
vn -0.7071 -0.0004 -0.7071
vn -0.8732 -0.0000 0.4873
vn -0.1431 0.0000 0.9897
usemtl None
s off
f 1/1/1 2/2/1 3/3/1
f 2/2/1 4/4/1 3/3/1
f 5/5/2 6/6/2 7/7/2
f 6/6/2 8/8/2 7/7/2
f 9/9/3 10/10/3 11/11/3
f 10/10/3 12/12/3 11/11/3
f 13/13/1 14/14/1 15/15/1
f 14/14/1 16/16/1 15/15/1
f 17/17/4 18/18/4 14/14/4
f 18/18/4 16/16/4 14/14/4
f 19/19/1 20/20/1 21/21/1
f 20/20/1 22/22/1 21/21/1
f 21/21/1 22/22/1 23/23/1
f 24/24/3 25/25/3 26/26/3
f 25/25/3 27/27/3 26/26/3
f 26/26/3 27/27/3 28/28/3
f 28/28/2 27/27/2 19/19/2
f 27/27/2 20/20/2 19/19/2
f 29/29/1 30/30/1 31/31/1
f 30/30/1 32/32/1 31/31/1
f 33/33/1 34/34/1 35/35/1
f 34/34/1 36/36/1 35/35/1
f 35/35/1 36/36/1 37/37/1
f 38/38/3 39/39/3 40/40/3
f 39/39/3 41/41/3 40/40/3
f 44/42/1 45/43/1 46/44/1
f 45/43/1 47/45/1 46/44/1
f 46/44/1 47/45/1 48/46/1
f 47/45/1 49/47/1 48/46/1
f 48/46/1 49/47/1 50/48/1
f 49/47/1 51/49/1 50/48/1
f 50/48/1 51/49/1 52/50/1
f 51/49/1 53/51/1 52/50/1
f 52/50/1 53/51/1 54/52/1
f 55/53/1 56/54/1 57/55/1
f 56/54/1 58/56/1 57/55/1
f 57/55/1 58/56/1 59/57/1
f 58/56/1 60/58/1 59/57/1
f 59/57/1 60/58/1 61/59/1
f 60/58/1 62/60/1 61/59/1
f 61/59/1 62/60/1 63/61/1
f 62/60/1 64/62/1 63/61/1
f 63/61/1 64/62/1 65/63/1
f 53/51/1 66/64/1 54/52/1
f 66/64/1 67/65/1 54/52/1
f 54/52/1 67/65/1 68/66/1
f 67/65/1 69/67/1 68/66/1
f 68/66/1 69/67/1 70/68/1
f 69/67/1 71/69/1 70/68/1
f 70/68/1 71/69/1 72/70/1
f 71/69/1 73/71/1 72/70/1
f 74/72/1 75/73/1 76/74/1
f 57/55/1 77/75/1 55/53/1
f 77/75/1 78/76/1 55/53/1
f 55/53/1 78/76/1 79/77/1
f 78/76/1 80/78/1 79/77/1
f 79/77/1 80/78/1 81/79/1
f 80/78/1 82/80/1 81/79/1
f 81/79/1 82/80/1 83/81/1
f 82/80/1 84/82/1 83/81/1
f 76/74/1 75/73/1 85/83/1
f 75/73/1 86/84/1 85/83/1
f 85/83/1 86/84/1 87/85/1
f 86/84/1 88/86/1 87/85/1
f 87/85/1 88/86/1 89/87/1
f 88/86/1 90/88/1 89/87/1
f 89/87/1 90/88/1 91/89/1
f 90/88/1 42/90/1 91/89/1
f 91/89/1 42/90/1 92/91/1
f 42/90/1 43/92/1 92/91/1
f 92/91/1 43/92/1 93/93/1
f 43/92/1 94/94/1 93/93/1
f 93/93/1 94/94/1 95/95/1
f 94/94/1 96/96/1 95/95/1
f 95/95/1 96/96/1 97/97/1
f 96/96/1 98/98/1 97/97/1
f 97/97/1 98/98/1 44/42/1
f 98/98/1 99/99/1 44/42/1
f 44/42/1 99/99/1 45/43/1
f 65/63/1 64/62/1 100/100/1
f 64/62/1 101/101/1 100/100/1
f 100/100/1 101/101/1 102/102/1
f 101/101/1 103/103/1 102/102/1
f 102/102/1 103/103/1 104/104/1
f 103/103/1 105/105/1 104/104/1
f 104/104/1 105/105/1 106/106/1
f 105/105/1 107/107/1 106/106/1
f 106/106/1 107/107/1 108/108/1
f 107/107/1 109/109/1 108/108/1
f 108/108/1 109/109/1 110/110/1
f 109/109/1 111/111/1 110/110/1
f 110/110/1 111/111/1 112/112/1
f 111/111/1 113/113/1 112/112/1
f 112/112/1 113/113/1 114/114/1
f 71/69/1 115/115/1 73/71/1
f 115/115/1 116/116/1 73/71/1
f 73/71/1 116/116/1 117/117/1
f 116/116/1 118/118/1 117/117/1
f 117/117/1 118/118/1 119/119/1
f 118/118/1 120/120/1 119/119/1
f 119/119/1 120/120/1 121/121/1
f 120/120/1 122/122/1 121/121/1
f 113/113/1 123/123/1 114/114/1
f 123/123/1 124/124/1 114/114/1
f 114/114/1 124/124/1 125/125/1
f 124/124/1 126/126/1 125/125/1
f 125/125/1 126/126/1 127/127/1
f 126/126/1 128/128/1 127/127/1
f 127/127/1 128/128/1 129/129/1
f 128/128/1 130/130/1 129/129/1
f 76/74/1 131/131/1 74/72/1
f 131/131/1 132/132/1 74/72/1
f 74/72/1 132/132/1 133/133/1
f 132/132/1 134/134/1 133/133/1
f 133/133/1 134/134/1 135/135/1
f 134/134/1 136/136/1 135/135/1
f 135/135/1 136/136/1 137/137/1
f 136/136/1 138/138/1 137/137/1
f 137/137/1 138/138/1 139/139/1
f 138/138/1 140/140/1 139/139/1
f 139/139/1 140/140/1 141/141/1
f 140/140/1 142/142/1 141/141/1
f 141/141/1 142/142/1 143/143/1
f 82/80/1 144/144/1 84/82/1
f 144/144/1 145/145/1 84/82/1
f 84/82/1 145/145/1 146/146/1
f 145/145/1 147/147/1 146/146/1
f 146/146/1 147/147/1 148/148/1
f 147/147/1 149/149/1 148/148/1
f 148/148/1 149/149/1 150/150/1
f 149/149/1 151/151/1 150/150/1
f 150/150/1 151/151/1 152/152/1
f 151/151/1 153/153/1 152/152/1
f 152/152/1 153/153/1 154/154/1
f 153/153/1 155/155/1 154/154/1
f 154/154/1 155/155/1 156/156/1
f 155/155/1 157/157/1 156/156/1
f 156/156/1 157/157/1 158/158/1
f 142/142/1 159/159/1 143/143/1
f 159/159/1 160/160/1 143/143/1
f 143/143/1 160/160/1 161/161/1
f 160/160/1 158/158/1 161/161/1
f 161/161/1 158/158/1 162/162/1
f 158/158/1 157/157/1 162/162/1
f 163/163/1 164/164/1 165/165/1
f 164/164/1 166/166/1 165/165/1
f 165/165/1 166/166/1 167/167/1
f 166/166/1 168/168/1 167/167/1
f 167/167/1 168/168/1 169/169/1
f 168/168/1 170/170/1 169/169/1
f 128/128/1 171/171/1 130/130/1
f 171/171/1 172/172/1 130/130/1
f 130/130/1 172/172/1 173/173/1
f 172/172/1 174/174/1 173/173/1
f 173/173/1 174/174/1 175/175/1
f 174/174/1 176/176/1 175/175/1
f 175/175/1 176/176/1 163/163/1
f 176/176/1 177/177/1 163/163/1
f 163/163/1 177/177/1 164/164/1
f 120/120/1 178/178/1 122/122/1
f 178/178/1 179/179/1 122/122/1
f 122/122/1 179/179/1 180/180/1
f 179/179/1 181/181/1 180/180/1
f 180/180/1 181/181/1 182/182/1
f 181/181/1 183/183/1 182/182/1
f 182/182/1 183/183/1 184/184/1
f 183/183/1 185/185/1 184/184/1
f 184/184/1 185/185/1 186/186/1
f 185/185/1 187/187/1 186/186/1
f 186/186/1 187/187/1 188/188/1
f 187/187/1 189/189/1 188/188/1
f 188/188/1 189/189/1 190/190/1
f 189/189/1 170/170/1 190/190/1
f 190/190/1 170/170/1 191/191/1
f 170/170/1 168/168/1 191/191/1
f 192/192/1 193/193/1 194/194/1
f 193/193/1 195/195/1 194/194/1
f 196/196/3 197/197/3 17/17/3
f 197/197/3 18/18/3 17/17/3
f 198/198/1 199/199/1 200/200/1
f 199/199/1 201/201/1 200/200/1
f 40/40/5 31/31/5 202/202/5
f 203/203/6 204/204/6 205/205/6
f 206/206/7 207/207/7 208/208/7
f 34/34/8 209/209/8 210/210/8
f 211/211/9 212/212/9 213/213/9
f 214/214/10 215/215/10 216/216/10
f 217/217/11 218/218/11 219/219/11
f 218/218/12 220/220/12 219/219/12
f 220/220/13 221/221/13 219/219/13
f 219/219/14 221/221/14 222/222/14
f 219/219/15 223/223/15 217/217/15
f 223/223/16 224/224/16 217/217/16
f 217/217/17 224/224/17 225/225/17
f 224/224/18 226/226/18 225/225/18
f 227/227/19 228/228/19 229/229/19
f 228/228/20 230/230/20 229/229/20
f 229/229/21 230/230/21 231/231/21
f 232/232/22 233/233/22 234/234/22
f 235/235/23 208/208/23 236/236/23
f 208/208/23 207/207/23 236/236/23
f 236/236/24 207/207/24 233/233/24
f 207/207/25 237/237/25 233/233/25
f 233/233/26 237/237/26 234/234/26
f 238/238/27 239/239/27 240/240/27
f 239/239/28 241/241/28 240/240/28
f 242/242/29 243/243/29 244/244/29
f 243/243/30 240/240/30 244/244/30
f 244/244/31 240/240/31 245/245/31
f 240/240/32 241/241/32 245/245/32
f 246/246/33 247/247/33 248/248/33
f 246/246/34 248/248/34 249/249/34
f 9/9/35 11/11/35 250/250/35
f 251/251/36 252/252/36 253/253/36
f 9/9/37 254/254/37 1/1/37
f 254/254/38 255/255/38 1/1/38
f 1/1/39 255/255/39 2/2/39
f 250/250/40 256/256/40 9/9/40
f 256/256/41 251/251/41 9/9/41
f 9/9/42 251/251/42 254/254/42
f 251/251/43 253/253/43 254/254/43
f 254/254/44 253/253/44 257/257/44
f 253/253/45 258/258/45 257/257/45
f 257/257/46 258/258/46 248/248/46
f 258/258/47 259/259/47 248/248/47
f 248/248/48 259/259/48 249/249/48
f 260/260/49 261/261/49 262/262/49
f 263/263/50 264/264/50 265/265/50
f 264/264/51 260/260/51 265/265/51
f 265/265/52 260/260/52 266/266/52
f 260/260/53 262/262/53 266/266/53
f 267/267/54 268/268/54 269/269/54
f 270/270/55 271/271/55 272/272/55
f 271/271/56 267/267/56 272/272/56
f 272/272/57 267/267/57 273/273/57
f 267/267/58 269/269/58 273/273/58
f 274/274/59 275/275/59 193/193/59
f 192/192/60 276/276/60 277/277/60
f 278/278/61 279/279/61 280/280/61
f 281/281/62 282/282/62 283/283/62
f 283/283/63 278/278/63 281/281/63
f 278/278/64 280/280/64 281/281/64
f 281/281/65 280/280/65 284/284/65
f 280/280/66 285/285/66 284/284/66
f 284/284/67 285/285/67 286/286/67
f 285/285/68 287/287/68 286/286/68
f 288/288/69 289/289/69 290/290/69
f 291/291/70 292/292/70 293/293/70
f 195/195/71 294/294/71 194/194/71
f 294/294/72 295/295/72 194/194/72
f 194/194/73 295/295/73 296/296/73
f 297/297/74 298/298/74 33/33/74
f 299/299/75 300/300/75 37/37/75
f 300/300/76 301/301/76 37/37/76
f 37/37/77 301/301/77 35/35/77
f 301/301/78 302/302/78 35/35/78
f 35/35/79 302/302/79 33/33/79
f 302/302/80 303/303/80 33/33/80
f 33/33/81 303/303/81 297/297/81
f 303/303/82 304/304/82 297/297/82
f 28/28/83 305/305/83 306/306/83
f 307/307/84 19/19/84 308/308/84
f 19/19/85 21/21/85 308/308/85
f 308/308/86 21/21/86 309/309/86
f 21/21/87 23/23/87 309/309/87
f 309/309/88 23/23/88 310/310/88
f 23/23/89 24/24/89 310/310/89
f 229/229/90 214/214/90 227/227/90
f 214/214/10 216/216/10 227/227/10
f 227/227/91 216/216/91 311/311/91
f 216/216/92 312/312/92 311/311/92
f 312/312/93 313/313/93 311/311/93
f 311/311/94 313/313/94 314/314/94
f 313/313/95 315/315/95 314/314/95
f 314/314/96 315/315/96 316/316/96
f 315/315/97 317/317/97 316/316/97
f 316/316/98 317/317/98 226/226/98
f 317/317/99 318/318/99 226/226/99
f 226/226/100 318/318/100 225/225/100
f 208/208/101 319/319/101 206/206/101
f 319/319/102 320/320/102 206/206/102
f 206/206/103 320/320/103 321/321/103
f 320/320/104 322/322/104 321/321/104
f 321/321/105 322/322/105 323/323/105
f 322/322/106 324/324/106 323/323/106
f 323/323/107 324/324/107 230/230/107
f 324/324/108 325/325/108 230/230/108
f 230/230/21 325/325/21 231/231/21
f 29/29/109 41/41/109 326/326/109
f 41/41/110 327/327/110 326/326/110
f 326/326/111 327/327/111 328/328/111
f 327/327/112 329/329/112 328/328/112
f 328/328/113 329/329/113 330/330/113
f 329/329/114 331/331/114 330/330/114
f 330/330/115 331/331/115 234/234/115
f 331/331/116 332/332/116 234/234/116
f 234/234/22 332/332/22 232/232/22
f 29/29/117 326/326/117 30/30/117
f 326/326/118 243/243/118 30/30/118
f 30/30/119 243/243/119 39/39/119
f 243/243/119 242/242/119 39/39/119
f 39/39/120 242/242/120 41/41/120
f 242/242/121 333/333/121 41/41/121
f 41/41/122 333/333/122 327/327/122
f 334/334/123 335/335/123 238/238/123
f 335/335/124 336/336/124 238/238/124
f 238/238/124 336/336/124 239/239/124
f 337/337/125 338/338/125 339/339/125
f 338/338/126 334/334/126 339/339/126
f 339/339/127 334/334/127 340/340/127
f 334/334/128 238/238/128 340/340/128
f 341/341/129 342/342/129 343/343/129
f 341/341/130 343/343/130 337/337/130
f 343/343/131 8/8/131 337/337/131
f 337/337/132 8/8/132 338/338/132
f 8/8/132 6/6/132 338/338/132
f 338/338/133 6/6/133 344/344/133
f 6/6/134 345/345/134 344/344/134
f 344/344/135 345/345/135 346/346/135
f 345/345/136 343/343/136 346/346/136
f 343/343/137 342/342/137 346/346/137
f 346/346/138 342/342/138 347/347/138
f 342/342/139 348/348/139 347/347/139
f 347/347/140 348/348/140 349/349/140
f 348/348/141 350/350/141 349/349/141
f 349/349/142 350/350/142 351/351/142
f 352/352/143 199/199/143 353/353/143
f 199/199/144 198/198/144 353/353/144
f 354/354/145 355/355/145 356/356/145
f 355/355/146 351/351/146 356/356/146
f 356/356/147 351/351/147 198/198/147
f 351/351/147 350/350/147 198/198/147
f 198/198/148 350/350/148 353/353/148
f 354/354/149 199/199/149 355/355/149
f 199/199/150 352/352/150 355/355/150
f 355/355/151 352/352/151 357/357/151
f 352/352/152 358/358/152 357/357/152
f 357/357/153 358/358/153 359/359/153
f 360/360/154 361/361/154 362/362/154
f 361/361/155 363/363/155 362/362/155
f 362/362/156 363/363/156 364/364/156
f 363/363/157 365/365/157 364/364/157
f 358/358/158 364/364/158 359/359/158
f 364/364/159 365/365/159 359/359/159
f 359/359/160 365/365/160 366/366/160
f 365/365/161 367/367/161 366/366/161
f 365/365/162 360/360/162 367/367/162
f 360/360/154 362/362/154 367/367/154
f 367/367/163 362/362/163 368/368/163
f 362/362/164 369/369/164 368/368/164
f 368/368/165 369/369/165 370/370/165
f 369/369/166 371/371/166 370/370/166
f 370/370/167 371/371/167 372/372/167
f 373/373/168 374/374/168 375/375/168
f 22/22/169 376/376/169 25/25/169
f 376/376/170 377/377/170 25/25/170
f 25/25/171 377/377/171 27/27/171
f 377/377/172 370/370/172 27/27/172
f 27/27/173 370/370/173 20/20/173
f 370/370/173 372/372/173 20/20/173
f 20/20/174 372/372/174 22/22/174
f 372/372/175 378/378/175 22/22/175
f 22/22/176 378/378/176 376/376/176
f 378/378/177 379/379/177 376/376/177
f 376/376/178 379/379/178 380/380/178
f 379/379/179 373/373/179 380/380/179
f 380/380/180 373/373/180 381/381/180
f 373/373/181 375/375/181 381/381/181
f 247/247/182 246/246/182 382/382/182
f 246/246/183 383/383/183 382/382/183
f 382/382/184 383/383/184 384/384/184
f 383/383/184 385/385/184 384/384/184
f 385/385/185 14/14/185 384/384/185
f 384/384/186 14/14/186 374/374/186
f 14/14/187 13/13/187 374/374/187
f 374/374/188 13/13/188 375/375/188
f 13/13/188 196/196/188 375/375/188
f 375/375/189 196/196/189 385/385/189
f 196/196/190 17/17/190 385/385/190
f 385/385/185 17/17/185 14/14/185
f 261/261/191 386/386/191 262/262/191
f 386/386/192 387/387/192 262/262/192
f 262/262/193 387/387/193 388/388/193
f 387/387/194 389/389/194 388/388/194
f 388/388/195 389/389/195 390/390/195
f 389/389/196 391/391/196 390/390/196
f 389/389/197 392/392/197 391/391/197
f 392/392/198 250/250/198 391/391/198
f 391/391/199 250/250/199 255/255/199
f 250/250/200 11/11/200 255/255/200
f 255/255/200 11/11/200 2/2/200
f 393/393/201 264/264/201 394/394/201
f 264/264/202 263/263/202 394/394/202
f 394/394/203 263/263/203 395/395/203
f 263/263/204 396/396/204 395/395/204
f 395/395/205 396/396/205 397/397/205
f 396/396/206 398/398/206 397/397/206
f 397/397/207 398/398/207 399/399/207
f 398/398/208 400/400/208 399/399/208
f 399/399/209 400/400/209 401/401/209
f 400/400/210 269/269/210 401/401/210
f 401/401/211 269/269/211 402/402/211
f 269/269/212 268/268/212 402/402/212
f 403/403/213 271/271/213 404/404/213
f 271/271/214 270/270/214 404/404/214
f 404/404/215 270/270/215 405/405/215
f 270/270/216 406/406/216 405/405/216
f 405/405/217 406/406/217 407/407/217
f 406/406/218 408/408/218 407/407/218
f 409/409/219 410/410/219 411/411/219
f 410/410/220 211/211/220 411/411/220
f 411/411/221 211/211/221 412/412/221
f 211/211/222 213/213/222 412/412/222
f 412/412/223 213/213/223 413/413/223
f 213/213/224 414/414/224 413/413/224
f 413/413/225 414/414/225 408/408/225
f 414/414/226 415/415/226 408/408/226
f 408/408/227 415/415/227 407/407/227
f 416/416/228 410/410/228 417/417/228
f 410/410/229 409/409/229 417/417/229
f 417/417/230 409/409/230 418/418/230
f 409/409/231 419/419/231 418/418/231
f 418/418/232 419/419/232 420/420/232
f 419/419/233 421/421/233 420/420/233
f 420/420/234 421/421/234 422/422/234
f 421/421/235 423/423/235 422/422/235
f 422/422/236 423/423/236 424/424/236
f 423/423/237 425/425/237 424/424/237
f 424/424/238 425/425/238 210/210/238
f 425/425/239 426/426/239 210/210/239
f 210/210/8 426/426/8 34/34/8
f 426/426/240 427/427/240 34/34/240
f 34/34/241 427/427/241 36/36/241
f 427/427/242 428/428/242 36/36/242
f 36/36/243 428/428/243 429/429/243
f 430/430/244 431/431/244 428/428/244
f 431/431/245 432/432/245 428/428/245
f 428/428/246 432/432/246 429/429/246
f 433/433/247 434/434/247 435/435/247
f 434/434/248 436/436/248 435/435/248
f 435/435/249 436/436/249 437/437/249
f 436/436/250 438/438/250 437/437/250
f 437/437/251 438/438/251 430/430/251
f 438/438/252 439/439/252 430/430/252
f 430/430/253 439/439/253 431/431/253
f 440/440/254 441/441/254 442/442/254
f 441/441/255 443/443/255 442/442/255
f 443/443/256 274/274/256 442/442/256
f 442/442/257 274/274/257 444/444/257
f 274/274/258 193/193/258 444/444/258
f 444/444/259 193/193/259 445/445/259
f 193/193/260 192/192/260 445/445/260
f 445/445/261 192/192/261 433/433/261
f 192/192/262 277/277/262 433/433/262
f 433/433/263 277/277/263 434/434/263
f 287/287/264 446/446/264 286/286/264
f 446/446/265 447/447/265 286/286/265
f 286/286/266 447/447/266 448/448/266
f 448/448/267 4/4/267 449/449/267
f 4/4/268 12/12/268 449/449/268
f 442/442/269 450/450/269 440/440/269
f 450/450/270 449/449/270 440/440/270
f 440/440/271 449/449/271 451/451/271
f 449/449/272 12/12/272 451/451/272
f 451/451/273 12/12/273 447/447/273
f 12/12/274 10/10/274 447/447/274
f 447/447/275 10/10/275 448/448/275
f 10/10/276 3/3/276 448/448/276
f 448/448/277 3/3/277 4/4/277
f 452/452/278 453/453/278 454/454/278
f 453/453/278 455/455/278 454/454/278
f 454/454/279 455/455/279 282/282/279
f 455/455/280 456/456/280 282/282/280
f 282/282/281 456/456/281 283/283/281
f 457/457/282 458/458/282 459/459/282
f 458/458/283 310/310/283 459/459/283
f 459/459/284 310/310/284 460/460/284
f 310/310/285 24/24/285 460/460/285
f 460/460/286 24/24/286 306/306/286
f 24/24/287 26/26/287 306/306/287
f 306/306/85 26/26/85 28/28/85
f 453/453/288 197/197/288 461/461/288
f 197/197/289 15/15/289 461/461/289
f 459/459/290 461/461/290 457/457/290
f 461/461/291 15/15/291 457/457/291
f 457/457/292 15/15/292 452/452/292
f 15/15/293 16/16/293 452/452/293
f 452/452/294 16/16/294 453/453/294
f 16/16/294 18/18/294 453/453/294
f 453/453/295 18/18/295 197/197/295
f 462/462/296 463/463/296 464/464/296
f 463/463/297 465/465/297 464/464/297
f 464/464/298 465/465/298 466/466/298
f 465/465/299 467/467/299 466/466/299
f 462/462/300 468/468/300 467/467/300
f 468/468/301 469/469/301 467/467/301
f 467/467/302 469/469/302 466/466/302
f 469/469/303 470/470/303 466/466/303
f 466/466/304 470/470/304 307/307/304
f 470/470/305 305/305/305 307/307/305
f 307/307/306 305/305/306 19/19/306
f 305/305/307 28/28/307 19/19/307
f 462/462/308 464/464/308 468/468/308
f 464/464/309 471/471/309 468/468/309
f 468/468/310 471/471/310 472/472/310
f 471/471/311 473/473/311 472/472/311
f 473/473/312 474/474/312 472/472/312
f 472/472/313 474/474/313 475/475/313
f 474/474/314 476/476/314 475/475/314
f 475/475/315 476/476/315 477/477/315
f 476/476/316 478/478/316 477/477/316
f 477/477/317 478/478/317 479/479/317
f 478/478/318 480/480/318 479/479/318
f 479/479/319 480/480/319 481/481/319
f 480/480/320 200/200/320 481/481/320
f 203/203/321 205/205/321 482/482/321
f 205/205/322 483/483/322 482/482/322
f 483/483/323 481/481/323 482/482/323
f 482/482/324 481/481/324 484/484/324
f 481/481/325 200/200/325 484/484/325
f 484/484/326 200/200/326 476/476/326
f 200/200/327 201/201/327 476/476/327
f 476/476/328 201/201/328 478/478/328
f 293/293/329 485/485/329 291/291/329
f 485/485/330 486/486/330 291/291/330
f 291/291/331 486/486/331 487/487/331
f 486/486/332 488/488/332 487/487/332
f 487/487/333 488/488/333 489/489/333
f 488/488/334 7/7/334 489/489/334
f 489/489/335 7/7/335 204/204/335
f 7/7/336 490/490/336 204/204/336
f 204/204/337 490/490/337 205/205/337
f 490/490/337 491/491/337 205/205/337
f 205/205/338 491/491/338 492/492/338
f 491/491/339 5/5/339 492/492/339
f 492/492/340 5/5/340 488/488/340
f 5/5/341 7/7/341 488/488/341
f 202/202/342 31/31/342 493/493/342
f 31/31/343 32/32/343 493/493/343
f 493/493/344 32/32/344 494/494/344
f 292/292/345 291/291/345 290/290/345
f 291/291/346 495/495/346 290/290/346
f 290/290/69 495/495/69 288/288/69
f 495/495/347 494/494/347 288/288/347
f 288/288/348 494/494/348 496/496/348
f 494/494/349 32/32/349 496/496/349
f 32/32/350 38/38/350 496/496/350
f 496/496/351 38/38/351 497/497/351
f 195/195/352 498/498/352 294/294/352
f 498/498/353 499/499/353 294/294/353
f 294/294/354 499/499/354 500/500/354
f 499/499/355 501/501/355 500/500/355
f 500/500/356 501/501/356 502/502/356
f 501/501/357 503/503/357 502/502/357
f 502/502/358 503/503/358 202/202/358
f 503/503/359 497/497/359 202/202/359
f 202/202/5 497/497/5 40/40/5
f 497/497/360 38/38/360 40/40/360
f 504/504/361 194/194/361 505/505/361
f 194/194/361 296/296/361 505/505/361
f 505/505/362 296/296/362 506/506/362
f 296/296/363 507/507/363 506/506/363
f 506/506/364 507/507/364 508/508/364
f 507/507/365 509/509/365 508/508/365
f 509/509/366 510/510/366 508/508/366
f 508/508/367 510/510/367 511/511/367
f 510/510/368 512/512/368 511/511/368
f 511/511/369 512/512/369 513/513/369
f 512/512/370 300/300/370 513/513/370
f 513/513/371 300/300/371 514/514/371
f 300/300/372 299/299/372 514/514/372
f 303/303/373 515/515/373 304/304/373
f 515/515/374 516/516/374 304/304/374
f 304/304/375 516/516/375 517/517/375
f 516/516/376 222/222/376 517/517/376
f 517/517/377 222/222/377 518/518/377
f 222/222/378 221/221/378 518/518/378
f 354/354/4 478/478/4 199/199/4
f 478/478/4 201/201/4 199/199/4
f 363/363/1 361/361/1 463/463/1
f 361/361/1 465/465/1 463/463/1
f 365/365/3 462/462/3 360/360/3
f 462/462/3 467/467/3 360/360/3
f 519/519/379 520/520/379 2248/521/379 2250/522/379
f 520/520/379 2247/523/379 2248/521/379
f 356/356/3 480/480/3 354/354/3
f 480/480/3 478/478/3 354/354/3
f 521/524/380 522/525/380 523/526/380
f 524/527/381 525/528/381 526/529/381
f 526/529/382 525/528/382 527/530/382
f 528/531/383 529/532/383 530/533/383
f 531/534/384 532/535/384 533/536/384
f 532/535/385 534/537/385 533/536/385
f 533/536/386 534/537/386 535/538/386
f 534/537/387 536/539/387 535/538/387
f 535/538/388 536/539/388 537/540/388
f 528/531/389 530/533/389 538/541/389
f 530/533/390 539/542/390 538/541/390
f 539/542/391 540/543/391 538/541/391
f 538/541/392 540/543/392 541/544/392
f 540/543/393 542/545/393 541/544/393
f 541/544/394 542/545/394 537/540/394
f 542/545/395 543/546/395 537/540/395
f 537/540/396 543/546/396 535/538/396
f 527/530/397 525/528/397 529/532/397
f 525/528/398 544/547/398 529/532/398
f 529/532/399 544/547/399 530/533/399
f 524/527/400 526/529/400 545/548/400
f 526/529/401 546/549/401 545/548/401
f 545/548/402 546/549/402 547/550/402
f 546/549/403 548/551/403 547/550/403
f 547/550/404 548/551/404 549/552/404
f 548/551/405 550/553/405 549/552/405
f 549/552/406 550/553/406 551/554/406
f 550/553/407 552/555/407 551/554/407
f 551/554/408 552/555/408 553/556/408
f 552/555/409 554/557/409 553/556/409
f 553/556/410 554/557/410 555/558/410
f 556/559/411 557/560/411 558/561/411
f 554/557/412 559/562/412 555/558/412
f 559/562/413 558/561/413 555/558/413
f 555/558/414 558/561/414 560/563/414
f 558/561/415 557/560/415 560/563/415
f 558/561/416 561/564/416 556/559/416
f 561/564/417 562/565/417 556/559/417
f 556/559/418 562/565/418 563/566/418
f 562/565/419 564/567/419 563/566/419
f 562/565/420 565/568/420 564/567/420
f 565/568/421 566/569/421 564/567/421
f 564/567/422 566/569/422 567/570/422
f 566/569/423 568/571/423 567/570/423
f 566/569/424 569/572/424 568/571/424
f 569/572/425 570/573/425 568/571/425
f 568/571/426 570/573/426 571/574/426
f 570/573/427 572/575/427 571/574/427
f 571/574/428 572/575/428 573/576/428
f 572/575/429 574/577/429 573/576/429
f 573/576/430 574/577/430 575/578/430
f 574/577/431 576/579/431 575/578/431
f 575/578/432 576/579/432 577/580/432
f 576/579/433 578/581/433 577/580/433
f 577/580/434 578/581/434 579/582/434
f 578/581/435 580/583/435 579/582/435
f 579/582/436 580/583/436 581/584/436
f 580/583/437 582/585/437 581/584/437
f 581/584/438 582/585/438 522/525/438
f 582/585/439 583/586/439 522/525/439
f 522/525/440 583/586/440 523/526/440
f 521/524/441 523/526/441 584/587/441
f 523/526/442 585/588/442 584/587/442
f 584/587/443 585/588/443 586/589/443
f 585/588/444 587/590/444 586/589/444
f 586/589/445 587/590/445 588/591/445
f 587/590/446 589/592/446 588/591/446
f 588/591/447 589/592/447 590/593/447
f 589/592/448 591/594/448 590/593/448
f 590/593/449 591/594/449 592/595/449
f 591/594/450 593/596/450 592/595/450
f 592/595/451 593/596/451 594/597/451
f 593/596/452 595/598/452 594/597/452
f 595/598/453 596/599/453 594/597/453
f 594/597/454 596/599/454 597/600/454
f 596/599/455 598/601/455 597/600/455
f 597/600/456 598/601/456 599/602/456
f 599/602/457 598/601/457 600/603/457
f 598/601/458 601/604/458 600/603/458
f 600/603/459 601/604/459 602/605/459
f 601/604/460 603/606/460 602/605/460
f 602/605/461 603/606/461 604/607/461
f 603/606/462 605/608/462 604/607/462
f 604/607/463 605/608/463 606/609/463
f 605/608/464 607/610/464 606/609/464
f 606/609/465 607/610/465 608/611/465
f 607/610/466 609/612/466 608/611/466
f 609/612/467 610/613/467 608/611/467
f 608/611/468 610/613/468 611/614/468
f 610/613/469 612/615/469 611/614/469
f 611/614/470 612/615/470 613/616/470
f 613/616/471 612/615/471 614/617/471
f 612/615/472 615/618/472 614/617/472
f 614/617/473 615/618/473 616/619/473
f 615/618/474 617/620/474 616/619/474
f 616/619/475 617/620/475 618/621/475
f 617/620/476 619/622/476 618/621/476
f 618/621/477 619/622/477 620/623/477
f 619/622/478 621/624/478 620/623/478
f 621/624/479 622/625/479 620/623/479
f 620/623/480 622/625/480 623/626/480
f 622/625/481 624/627/481 623/626/481
f 623/626/482 624/627/482 625/628/482
f 624/627/483 626/629/483 625/628/483
f 625/628/484 626/629/484 627/630/484
f 626/629/485 628/631/485 627/630/485
f 627/630/486 628/631/486 629/632/486
f 628/631/487 630/633/487 629/632/487
f 629/632/488 630/633/488 631/634/488
f 630/633/489 632/635/489 631/634/489
f 631/634/490 632/635/490 633/636/490
f 632/635/491 634/637/491 633/636/491
f 633/636/492 634/637/492 635/638/492
f 634/637/493 636/639/493 635/638/493
f 635/638/494 636/639/494 637/640/494
f 636/639/495 638/641/495 637/640/495
f 637/640/496 638/641/496 639/642/496
f 638/641/497 640/643/497 639/642/497
f 639/642/498 640/643/498 641/644/498
f 640/643/499 642/645/499 641/644/499
f 641/644/500 642/645/500 643/646/500
f 642/645/501 644/647/501 643/646/501
f 643/646/502 644/647/502 645/648/502
f 644/647/503 646/649/503 645/648/503
f 645/648/504 646/649/504 647/650/504
f 646/649/505 648/651/505 647/650/505
f 647/650/506 648/651/506 649/652/506
f 648/651/507 650/653/507 649/652/507
f 649/652/508 650/653/508 651/654/508
f 650/653/508 652/655/508 651/654/508
f 651/654/509 652/655/509 653/656/509
f 652/655/509 654/657/509 653/656/509
f 653/656/510 654/657/510 655/658/510
f 654/657/511 656/659/511 655/658/511
f 655/658/512 656/659/512 657/660/512
f 656/659/513 658/661/513 657/660/513
f 657/660/514 658/661/514 659/662/514
f 658/661/515 660/663/515 659/662/515
f 659/662/516 660/663/516 661/664/516
f 660/663/517 662/665/517 661/664/517
f 661/664/518 662/665/518 663/666/518
f 662/665/519 664/667/519 663/666/519
f 664/667/520 665/668/520 663/666/520
f 663/666/521 665/668/521 666/669/521
f 665/668/522 667/670/522 666/669/522
f 666/669/523 667/670/523 668/671/523
f 668/671/524 667/670/524 669/672/524
f 667/670/525 670/673/525 669/672/525
f 669/672/526 670/673/526 671/674/526
f 670/673/527 672/675/527 671/674/527
f 671/674/528 672/675/528 673/676/528
f 672/675/529 674/677/529 673/676/529
f 673/676/530 674/677/530 675/678/530
f 674/677/531 676/679/531 675/678/531
f 675/678/532 676/679/532 677/680/532
f 676/679/533 678/681/533 677/680/533
f 677/680/534 678/681/534 679/682/534
f 678/681/535 680/683/535 679/682/535
f 679/682/536 680/683/536 681/684/536
f 680/683/537 682/685/537 681/684/537
f 681/684/538 682/685/538 683/686/538
f 682/685/539 684/687/539 683/686/539
f 683/686/540 684/687/540 685/688/540
f 685/688/541 684/687/541 686/689/541
f 684/687/542 687/690/542 686/689/542
f 686/689/543 687/690/543 688/691/543
f 687/690/544 689/692/544 688/691/544
f 688/691/545 689/692/545 690/693/545
f 689/692/546 691/694/546 690/693/546
f 691/694/547 692/695/547 690/693/547
f 690/693/548 692/695/548 693/696/548
f 692/695/549 694/697/549 693/696/549
f 693/696/550 694/697/550 695/698/550
f 694/697/551 696/699/551 695/698/551
f 695/698/552 696/699/552 697/700/552
f 696/699/553 698/701/553 697/700/553
f 697/700/554 698/701/554 699/702/554
f 699/702/555 698/701/555 700/703/555
f 698/701/556 701/704/556 700/703/556
f 700/703/557 701/704/557 702/705/557
f 701/704/558 703/706/558 702/705/558
f 702/705/559 703/706/559 704/707/559
f 703/706/560 705/708/560 704/707/560
f 705/708/561 706/709/561 704/707/561
f 704/707/562 706/709/562 707/710/562
f 706/709/563 708/711/563 707/710/563
f 707/710/564 708/711/564 709/712/564
f 709/712/565 708/711/565 710/713/565
f 708/711/566 711/714/566 710/713/566
f 710/713/567 711/714/567 712/715/567
f 711/714/568 713/716/568 712/715/568
f 712/715/569 713/716/569 714/717/569
f 713/716/570 715/718/570 714/717/570
f 714/717/571 715/718/571 716/719/571
f 715/718/572 717/720/572 716/719/572
f 716/719/573 717/720/573 718/721/573
f 717/720/574 719/722/574 718/721/574
f 718/721/575 719/722/575 720/723/575
f 719/722/576 721/724/576 720/723/576
f 720/723/577 721/724/577 722/725/577
f 721/724/578 723/726/578 722/725/578
f 722/725/579 723/726/579 724/727/579
f 723/726/580 725/728/580 724/727/580
f 724/727/581 725/728/581 726/729/581
f 725/728/582 727/730/582 726/729/582
f 726/729/583 727/730/583 728/731/583
f 727/730/584 729/732/584 728/731/584
f 728/731/585 729/732/585 730/733/585
f 729/732/586 731/734/586 730/733/586
f 730/733/587 731/734/587 732/735/587
f 731/734/588 733/736/588 732/735/588
f 732/735/589 733/736/589 734/737/589
f 733/736/590 735/738/590 734/737/590
f 734/737/591 735/738/591 736/739/591
f 736/739/592 735/738/592 737/740/592
f 735/738/593 738/741/593 737/740/593
f 737/740/594 738/741/594 739/742/594
f 738/741/595 740/743/595 739/742/595
f 739/742/596 740/743/596 741/744/596
f 740/743/597 742/745/597 741/744/597
f 742/745/598 743/746/598 741/744/598
f 741/744/599 743/746/599 744/747/599
f 743/746/600 745/748/600 744/747/600
f 744/747/601 745/748/601 746/749/601
f 745/748/602 747/750/602 746/749/602
f 746/749/603 747/750/603 748/751/603
f 747/750/604 749/752/604 748/751/604
f 748/751/605 749/752/605 750/753/605
f 749/752/606 751/754/606 750/753/606
f 750/753/607 751/754/607 752/755/607
f 751/754/608 753/756/608 752/755/608
f 752/755/609 753/756/609 754/757/609
f 753/756/610 755/758/610 754/757/610
f 754/757/611 755/758/611 756/759/611
f 755/758/612 757/760/612 756/759/612
f 756/759/613 757/760/613 758/761/613
f 757/760/614 759/762/614 758/761/614
f 758/761/615 759/762/615 760/763/615
f 759/762/616 761/764/616 760/763/616
f 761/764/617 762/765/617 760/763/617
f 760/763/618 762/765/618 763/766/618
f 762/765/619 764/767/619 763/766/619
f 762/765/620 765/768/620 764/767/620
f 765/768/621 766/769/621 764/767/621
f 764/767/622 766/769/622 767/770/622
f 766/769/623 768/771/623 767/770/623
f 766/769/624 769/772/624 768/771/624
f 769/772/625 770/773/625 768/771/625
f 768/771/626 770/773/626 771/774/626
f 770/773/627 772/775/627 771/774/627
f 770/773/628 773/776/628 772/775/628
f 773/776/629 774/777/629 772/775/629
f 772/775/630 774/777/630 775/778/630
f 774/777/631 776/779/631 775/778/631
f 775/778/632 776/779/632 777/780/632
f 520/520/633 519/519/633 778/781/633
f 519/519/634 777/780/634 778/781/634
f 778/781/635 777/780/635 779/782/635
f 777/780/636 776/779/636 779/782/636
f 285/285/1 280/280/1 290/290/1
f 280/280/1 292/292/1 290/290/1
f 11/11/4 12/12/4 2/2/4
f 12/12/4 4/4/4 2/2/4
f 8/8/1 343/343/1 7/7/1
f 343/343/1 490/490/1 7/7/1
f 360/360/4 467/467/4 361/361/4
f 467/467/4 465/465/4 361/361/4
f 25/25/4 24/24/4 22/22/4
f 24/24/4 23/23/4 22/22/4
f 225/225/1 211/211/1 217/217/1
f 211/211/1 410/410/1 217/217/1
f 217/217/1 410/410/1 218/218/1
f 271/271/1 214/214/1 267/267/1
f 214/214/1 229/229/1 267/267/1
f 267/267/1 229/229/1 268/268/1
f 233/233/1 261/261/1 236/236/1
f 261/261/1 260/260/1 236/236/1
f 236/236/1 260/260/1 264/264/1
f 239/239/1 259/259/1 241/241/1
f 259/259/1 258/258/1 241/241/1
f 241/241/1 258/258/1 253/253/1
f 429/429/637 299/299/637 36/36/637
f 299/299/637 37/37/637 36/36/637
f 298/298/379 209/209/379 33/33/379
f 209/209/379 34/34/379 33/33/379
f 39/39/4 38/38/4 30/30/4
f 38/38/4 32/32/4 30/30/4
f 209/209/3 298/298/3 780/783/3
f 298/298/3 299/299/3 780/783/3
f 780/783/3 299/299/3 429/429/3
f 275/275/637 498/498/637 193/193/637
f 498/498/637 195/195/637 193/193/637
f 504/504/379 276/276/379 194/194/379
f 276/276/379 192/192/379 194/194/379
f 10/10/2 9/9/2 3/3/2
f 9/9/2 1/1/2 3/3/2
f 498/498/3 275/275/3 781/784/3
f 275/275/3 276/276/3 781/784/3
f 781/784/3 276/276/3 504/504/3
f 289/289/379 287/287/379 290/290/379
f 287/287/379 285/285/379 290/290/379
f 6/6/3 5/5/3 345/345/3
f 5/5/3 491/491/3 345/345/3
f 197/197/2 196/196/2 15/15/2
f 196/196/2 13/13/2 15/15/2
f 279/279/637 293/293/637 280/280/637
f 293/293/637 292/292/637 280/280/637
f 462/462/2 365/365/2 463/463/2
f 365/365/2 363/363/2 463/463/2
f 289/289/3 293/293/3 287/287/3
f 293/293/3 279/279/3 287/287/3
f 403/403/637 215/215/637 271/271/637
f 215/215/637 214/214/637 271/271/637
f 40/40/2 41/41/2 31/31/2
f 41/41/2 29/29/2 31/31/2
f 215/215/3 403/403/3 782/785/3
f 215/215/3 782/785/3 783/786/3
f 782/785/3 402/402/3 783/786/3
f 783/786/3 402/402/3 231/231/3
f 393/393/637 235/235/637 264/264/637
f 235/235/637 236/236/637 264/264/637
f 345/345/4 491/491/4 343/343/4
f 491/491/4 490/490/4 343/343/4
f 232/232/379 386/386/379 233/233/379
f 386/386/379 261/261/379 233/233/379
f 252/252/637 245/245/637 253/253/637
f 245/245/637 241/241/637 253/253/637
f 336/336/379 249/249/379 239/239/379
f 249/249/379 259/259/379 239/239/379
f 249/249/3 336/336/3 252/252/3
f 336/336/3 245/245/3 252/252/3
f 318/318/379 212/212/379 225/225/379
f 212/212/379 211/211/379 225/225/379
f 784/787/638 785/788/638 2269/789/638 2270/790/638
f 785/788/639 786/791/639 2285/792/639 2269/789/639
f 787/793/640 788/794/640 2275/795/640 2280/796/640
f 788/794/641 789/797/641 2274/798/641 2275/795/641
f 789/797/642 790/799/642 2283/800/642 2274/798/642
f 790/799/643 791/801/643 2281/802/643 2282/803/643
f 793/804/644 794/805/644 2264/806/644 2265/807/644
f 794/805/645 795/808/645 2263/809/645 2264/806/645
f 795/808/646 796/810/646 2267/811/646 2266/812/646
f 797/813/647 798/814/647 2287/815/647 2279/816/647
f 798/814/648 799/817/648 2286/818/648 2287/815/648
f 799/817/649 800/819/649 2289/820/649 2288/821/649
f 520/520/650 801/822/650 2277/823/650 2278/824/650
f 801/822/651 802/825/651 2273/826/651 2277/823/651
f 802/825/652 803/827/652 2271/828/652 2273/826/652
f 803/827/653 804/829/653 2276/830/653 2272/831/653
f 416/416/637 220/220/637 410/410/637
f 220/220/637 218/218/637 410/410/637
f 805/832/654 515/515/654 806/833/654
f 515/515/655 303/303/655 806/833/655
f 806/833/656 303/303/656 807/834/656
f 303/303/657 302/302/657 807/834/657
f 302/302/658 301/301/658 807/834/658
f 807/834/659 301/301/659 808/835/659
f 301/301/660 300/300/660 808/835/660
f 300/300/661 512/512/661 808/835/661
f 512/512/662 510/510/662 808/835/662
f 808/835/662 510/510/662 809/836/662
f 510/510/663 509/509/663 809/836/663
f 809/836/664 509/509/664 810/837/664
f 509/509/665 507/507/665 810/837/665
f 810/837/666 507/507/666 811/838/666
f 507/507/667 296/296/667 811/838/667
f 296/296/668 295/295/668 811/838/668
f 295/295/669 294/294/669 811/838/669
f 811/838/669 294/294/669 812/839/669
f 294/294/670 500/500/670 812/839/670
f 812/839/671 500/500/671 813/840/671
f 500/500/672 502/502/672 813/840/672
f 813/840/673 502/502/673 814/841/673
f 502/502/674 202/202/674 814/841/674
f 202/202/675 493/493/675 814/841/675
f 493/493/676 494/494/676 814/841/676
f 814/841/677 494/494/677 815/842/677
f 494/494/678 495/495/678 815/842/678
f 815/842/679 495/495/679 816/843/679
f 495/495/680 291/291/680 816/843/680
f 291/291/681 487/487/681 816/843/681
f 816/843/682 487/487/682 817/844/682
f 487/487/683 489/489/683 817/844/683
f 489/489/684 204/204/684 817/844/684
f 817/844/685 204/204/685 818/845/685
f 204/204/686 203/203/686 818/845/686
f 818/845/687 203/203/687 819/846/687
f 203/203/688 482/482/688 819/846/688
f 482/482/689 484/484/689 819/846/689
f 819/846/690 484/484/690 820/847/690
f 484/484/691 476/476/691 820/847/691
f 476/476/692 474/474/692 820/847/692
f 474/474/693 473/473/693 820/847/693
f 820/847/693 473/473/693 821/848/693
f 473/473/694 471/471/694 821/848/694
f 821/848/695 471/471/695 822/849/695
f 471/471/696 464/464/696 822/849/696
f 822/849/697 464/464/697 823/850/697
f 464/464/698 466/466/698 823/850/698
f 466/466/699 307/307/699 823/850/699
f 823/850/700 307/307/700 824/851/700
f 307/307/701 308/308/701 824/851/701
f 308/308/702 309/309/702 824/851/702
f 309/309/703 310/310/703 824/851/703
f 824/851/703 310/310/703 825/852/703
f 310/310/704 458/458/704 825/852/704
f 825/852/705 458/458/705 826/853/705
f 458/458/706 457/457/706 826/853/706
f 826/853/707 457/457/707 827/854/707
f 457/457/708 452/452/708 827/854/708
f 452/452/709 454/454/709 827/854/709
f 827/854/710 454/454/710 828/855/710
f 454/454/711 282/282/711 828/855/711
f 282/282/712 281/281/712 828/855/712
f 281/281/713 284/284/713 828/855/713
f 828/855/713 284/284/713 829/856/713
f 284/284/714 286/286/714 829/856/714
f 829/856/715 286/286/715 830/857/715
f 286/286/716 448/448/716 830/857/716
f 830/857/717 448/448/717 831/858/717
f 448/448/718 449/449/718 831/858/718
f 449/449/719 450/450/719 831/858/719
f 831/858/720 450/450/720 832/859/720
f 450/450/721 442/442/721 832/859/721
f 442/442/722 444/444/722 832/859/722
f 444/444/723 445/445/723 832/859/723
f 832/859/723 445/445/723 833/860/723
f 445/445/724 433/433/724 833/860/724
f 833/860/725 433/433/725 834/861/725
f 433/433/726 435/435/726 834/861/726
f 435/435/727 437/437/727 834/861/727
f 834/861/728 437/437/728 835/862/728
f 437/437/729 430/430/729 835/862/729
f 430/430/730 428/428/730 835/862/730
f 835/862/731 428/428/731 836/863/731
f 428/428/732 427/427/732 836/863/732
f 836/863/733 427/427/733 837/864/733
f 427/427/734 426/426/734 837/864/734
f 426/426/735 425/425/735 837/864/735
f 425/425/736 423/423/736 837/864/736
f 837/864/737 423/423/737 838/865/737
f 423/423/738 421/421/738 838/865/738
f 838/865/739 421/421/739 839/866/739
f 421/421/740 419/419/740 839/866/740
f 419/419/741 409/409/741 839/866/741
f 839/866/742 409/409/742 840/867/742
f 409/409/743 411/411/743 840/867/743
f 411/411/744 412/412/744 840/867/744
f 840/867/745 412/412/745 841/868/745
f 412/412/746 413/413/746 841/868/746
f 413/413/747 408/408/747 841/868/747
f 841/868/747 408/408/747 842/869/747
f 408/408/748 406/406/748 842/869/748
f 842/869/749 406/406/749 843/870/749
f 406/406/750 270/270/750 843/870/750
f 843/870/751 270/270/751 844/871/751
f 270/270/752 272/272/752 844/871/752
f 272/272/753 273/273/753 844/871/753
f 844/871/754 273/273/754 845/872/754
f 273/273/755 269/269/755 845/872/755
f 845/872/756 269/269/756 846/873/756
f 269/269/757 400/400/757 846/873/757
f 400/400/758 398/398/758 846/873/758
f 398/398/759 396/396/759 846/873/759
f 846/873/760 396/396/760 847/874/760
f 396/396/761 263/263/761 847/874/761
f 847/874/762 263/263/762 848/875/762
f 263/263/763 265/265/763 848/875/763
f 265/265/764 266/266/764 848/875/764
f 848/875/765 266/266/765 849/876/765
f 266/266/766 262/262/766 849/876/766
f 262/262/767 388/388/767 849/876/767
f 849/876/767 388/388/767 850/877/767
f 388/388/768 390/390/768 850/877/768
f 850/877/769 390/390/769 851/878/769
f 390/390/770 391/391/770 851/878/770
f 391/391/771 255/255/771 851/878/771
f 851/878/772 255/255/772 852/879/772
f 255/255/773 254/254/773 852/879/773
f 254/254/774 257/257/774 852/879/774
f 852/879/775 257/257/775 853/880/775
f 257/257/776 248/248/776 853/880/776
f 248/248/777 247/247/777 853/880/777
f 853/880/777 247/247/777 854/881/777
f 247/247/778 382/382/778 854/881/778
f 854/881/779 382/382/779 855/882/779
f 382/382/780 384/384/780 855/882/780
f 384/384/781 374/374/781 855/882/781
f 855/882/782 374/374/782 856/883/782
f 374/374/783 373/373/783 856/883/783
f 856/883/784 373/373/784 857/884/784
f 373/373/785 379/379/785 857/884/785
f 379/379/786 378/378/786 857/884/786
f 857/884/787 378/378/787 858/885/787
f 378/378/788 372/372/788 858/885/788
f 372/372/789 371/371/789 858/885/789
f 371/371/790 369/369/790 858/885/790
f 858/885/790 369/369/790 859/886/790
f 369/369/791 362/362/791 859/886/791
f 859/886/792 362/362/792 860/887/792
f 362/362/793 364/364/793 860/887/793
f 364/364/794 358/358/794 860/887/794
f 860/887/795 358/358/795 861/888/795
f 358/358/796 352/352/796 861/888/796
f 352/352/797 353/353/797 861/888/797
f 861/888/797 353/353/797 862/889/797
f 353/353/798 350/350/798 862/889/798
f 862/889/799 350/350/799 863/890/799
f 350/350/800 348/348/800 863/890/800
f 348/348/801 342/342/801 863/890/801
f 863/890/802 342/342/802 864/891/802
f 342/342/803 341/341/803 864/891/803
f 341/341/804 337/337/804 864/891/804
f 864/891/805 337/337/805 865/892/805
f 337/337/806 339/339/806 865/892/806
f 339/339/807 340/340/807 865/892/807
f 865/892/807 340/340/807 866/893/807
f 340/340/808 238/238/808 866/893/808
f 866/893/809 238/238/809 867/894/809
f 238/238/810 240/240/810 867/894/810
f 240/240/811 243/243/811 867/894/811
f 867/894/812 243/243/812 868/895/812
f 243/243/813 326/326/813 868/895/813
f 326/326/814 328/328/814 868/895/814
f 868/895/815 328/328/815 869/896/815
f 328/328/816 330/330/816 869/896/816
f 869/896/817 330/330/817 870/897/817
f 330/330/818 234/234/818 870/897/818
f 234/234/819 237/237/819 870/897/819
f 870/897/820 237/237/820 871/898/820
f 237/237/821 207/207/821 871/898/821
f 207/207/822 206/206/822 871/898/822
f 871/898/823 206/206/823 872/899/823
f 206/206/824 321/321/824 872/899/824
f 321/321/825 323/323/825 872/899/825
f 872/899/826 323/323/826 873/900/826
f 323/323/827 230/230/827 873/900/827
f 230/230/828 228/228/828 873/900/828
f 873/900/829 228/228/829 874/901/829
f 228/228/830 227/227/830 874/901/830
f 227/227/831 311/311/831 874/901/831
f 874/901/832 311/311/832 875/902/832
f 311/311/833 314/314/833 875/902/833
f 314/314/834 316/316/834 875/902/834
f 875/902/835 316/316/835 226/226/835
f 224/224/836 876/903/836 226/226/836
f 876/903/837 877/904/837 226/226/837
f 226/226/838 877/904/838 875/902/838
f 224/224/839 223/223/839 876/903/839
f 223/223/840 219/219/840 876/903/840
f 876/903/841 219/219/841 878/905/841
f 219/219/842 222/222/842 878/905/842
f 878/905/843 222/222/843 805/832/843
f 222/222/844 516/516/844 805/832/844
f 805/832/845 516/516/845 515/515/845
f 805/832/846 879/906/846 878/905/846
f 879/906/847 880/907/847 878/905/847
f 878/905/847 880/907/847 876/903/847
f 880/907/848 881/908/848 876/903/848
f 876/903/848 881/908/848 877/904/848
f 881/908/849 882/909/849 877/904/849
f 877/904/849 882/909/849 875/902/849
f 882/909/850 883/910/850 875/902/850
f 875/902/851 883/910/851 874/901/851
f 883/910/852 884/911/852 874/901/852
f 874/901/853 884/911/853 873/900/853
f 884/911/854 885/912/854 873/900/854
f 873/900/855 885/912/855 872/899/855
f 885/912/856 886/913/856 872/899/856
f 872/899/856 886/913/856 871/898/856
f 886/913/857 887/914/857 871/898/857
f 871/898/858 887/914/858 870/897/858
f 887/914/859 888/915/859 870/897/859
f 870/897/859 888/915/859 869/896/859
f 888/915/860 889/916/860 869/896/860
f 869/896/861 889/916/861 868/895/861
f 889/916/862 890/917/862 868/895/862
f 868/895/862 890/917/862 867/894/862
f 890/917/863 891/918/863 867/894/863
f 867/894/864 891/918/864 866/893/864
f 891/918/865 892/919/865 866/893/865
f 866/893/866 892/919/866 865/892/866
f 892/919/867 893/920/867 865/892/867
f 865/892/868 893/920/868 864/891/868
f 893/920/869 894/921/869 864/891/869
f 864/891/869 894/921/869 863/890/869
f 894/921/870 895/922/870 863/890/870
f 863/890/870 895/922/870 862/889/870
f 895/922/871 896/923/871 862/889/871
f 862/889/871 896/923/871 861/888/871
f 896/923/872 897/924/872 861/888/872
f 861/888/872 897/924/872 860/887/872
f 897/924/873 898/925/873 860/887/873
f 860/887/873 898/925/873 859/886/873
f 898/925/874 899/926/874 859/886/874
f 859/886/874 899/926/874 858/885/874
f 899/926/875 900/927/875 858/885/875
f 858/885/875 900/927/875 857/884/875
f 900/927/876 901/928/876 857/884/876
f 857/884/876 901/928/876 856/883/876
f 901/928/877 902/929/877 856/883/877
f 856/883/877 902/929/877 855/882/877
f 902/929/878 903/930/878 855/882/878
f 855/882/878 903/930/878 854/881/878
f 903/930/879 904/931/879 854/881/879
f 854/881/879 904/931/879 853/880/879
f 904/931/880 905/932/880 853/880/880
f 853/880/881 905/932/881 852/879/881
f 905/932/882 906/933/882 852/879/882
f 852/879/882 906/933/882 851/878/882
f 906/933/883 907/934/883 851/878/883
f 851/878/883 907/934/883 850/877/883
f 907/934/884 908/935/884 850/877/884
f 850/877/884 908/935/884 849/876/884
f 908/935/885 909/936/885 849/876/885
f 849/876/886 909/936/886 848/875/886
f 909/936/887 910/937/887 848/875/887
f 848/875/888 910/937/888 847/874/888
f 910/937/889 911/938/889 847/874/889
f 847/874/889 911/938/889 846/873/889
f 911/938/890 912/939/890 846/873/890
f 846/873/890 912/939/890 845/872/890
f 912/939/891 913/940/891 845/872/891
f 845/872/891 913/940/891 844/871/891
f 913/940/892 914/941/892 844/871/892
f 844/871/892 914/941/892 843/870/892
f 914/941/893 915/942/893 843/870/893
f 843/870/893 915/942/893 842/869/893
f 915/942/894 916/943/894 842/869/894
f 842/869/894 916/943/894 841/868/894
f 916/943/895 917/944/895 841/868/895
f 841/868/895 917/944/895 840/867/895
f 917/944/896 918/945/896 840/867/896
f 840/867/896 918/945/896 839/866/896
f 918/945/897 919/946/897 839/866/897
f 839/866/898 919/946/898 838/865/898
f 919/946/899 920/947/899 838/865/899
f 838/865/899 920/947/899 837/864/899
f 920/947/900 921/948/900 837/864/900
f 837/864/900 921/948/900 836/863/900
f 921/948/901 922/949/901 836/863/901
f 836/863/902 922/949/902 835/862/902
f 922/949/903 923/950/903 835/862/903
f 835/862/903 923/950/903 834/861/903
f 923/950/904 924/951/904 834/861/904
f 834/861/904 924/951/904 833/860/904
f 924/951/905 925/952/905 833/860/905
f 833/860/906 925/952/906 832/859/906
f 925/952/907 926/953/907 832/859/907
f 832/859/908 926/953/908 831/858/908
f 926/953/909 927/954/909 831/858/909
f 831/858/909 927/954/909 830/857/909
f 927/954/910 928/955/910 830/857/910
f 830/857/910 928/955/910 829/856/910
f 928/955/911 929/956/911 829/856/911
f 829/856/911 929/956/911 828/855/911
f 929/956/912 930/957/912 828/855/912
f 828/855/912 930/957/912 827/854/912
f 930/957/913 931/958/913 827/854/913
f 827/854/914 931/958/914 826/853/914
f 931/958/915 932/959/915 826/853/915
f 826/853/915 932/959/915 825/852/915
f 932/959/916 933/960/916 825/852/916
f 825/852/916 933/960/916 824/851/916
f 933/960/917 934/961/917 824/851/917
f 824/851/918 934/961/918 823/850/918
f 934/961/919 935/962/919 823/850/919
f 823/850/919 935/962/919 822/849/919
f 935/962/920 936/963/920 822/849/920
f 822/849/921 936/963/921 821/848/921
f 936/963/922 937/964/922 821/848/922
f 821/848/922 937/964/922 820/847/922
f 937/964/923 938/965/923 820/847/923
f 820/847/923 938/965/923 819/846/923
f 938/965/924 939/966/924 819/846/924
f 819/846/925 939/966/925 818/845/925
f 939/966/926 940/967/926 818/845/926
f 818/845/927 940/967/927 817/844/927
f 940/967/928 941/968/928 817/844/928
f 817/844/929 941/968/929 816/843/929
f 941/968/930 942/969/930 816/843/930
f 816/843/931 942/969/931 815/842/931
f 942/969/932 943/970/932 815/842/932
f 815/842/932 943/970/932 814/841/932
f 943/970/933 944/971/933 814/841/933
f 814/841/933 944/971/933 813/840/933
f 944/971/934 945/972/934 813/840/934
f 813/840/935 945/972/935 812/839/935
f 945/972/936 946/973/936 812/839/936
f 812/839/936 946/973/936 811/838/936
f 946/973/937 947/974/937 811/838/937
f 811/838/937 947/974/937 810/837/937
f 947/974/938 948/975/938 810/837/938
f 810/837/938 948/975/938 809/836/938
f 948/975/939 949/976/939 809/836/939
f 809/836/940 949/976/940 808/835/940
f 949/976/941 950/977/941 808/835/941
f 808/835/941 950/977/941 807/834/941
f 950/977/942 951/978/942 807/834/942
f 807/834/942 951/978/942 806/833/942
f 951/978/943 952/979/943 806/833/943
f 806/833/943 952/979/943 805/832/943
f 952/979/944 879/906/944 805/832/944
f 952/979/945 953/980/945 879/906/945
f 953/980/946 954/981/946 879/906/946
f 879/906/947 954/981/947 880/907/947
f 954/981/948 955/982/948 880/907/948
f 880/907/948 955/982/948 881/908/948
f 955/982/949 956/983/949 881/908/949
f 881/908/949 956/983/949 882/909/949
f 956/983/950 957/984/950 882/909/950
f 882/909/950 957/984/950 883/910/950
f 957/984/951 958/985/951 883/910/951
f 883/910/951 958/985/951 884/911/951
f 958/985/952 959/986/952 884/911/952
f 884/911/952 959/986/952 885/912/952
f 959/986/953 960/987/953 885/912/953
f 885/912/953 960/987/953 886/913/953
f 960/987/954 961/988/954 886/913/954
f 886/913/954 961/988/954 887/914/954
f 961/988/955 962/989/955 887/914/955
f 887/914/955 962/989/955 888/915/955
f 962/989/956 963/990/956 888/915/956
f 888/915/957 963/990/957 889/916/957
f 963/990/958 964/991/958 889/916/958
f 889/916/959 964/991/959 890/917/959
f 964/991/960 965/992/960 890/917/960
f 890/917/961 965/992/961 891/918/961
f 965/992/962 966/993/962 891/918/962
f 891/918/962 966/993/962 892/919/962
f 966/993/963 967/994/963 892/919/963
f 892/919/963 967/994/963 893/920/963
f 967/994/964 968/995/964 893/920/964
f 893/920/965 968/995/965 894/921/965
f 968/995/966 969/996/966 894/921/966
f 894/921/966 969/996/966 895/922/966
f 969/996/967 970/997/967 895/922/967
f 895/922/967 970/997/967 896/923/967
f 970/997/968 971/998/968 896/923/968
f 896/923/968 971/998/968 897/924/968
f 971/998/969 972/999/969 897/924/969
f 897/924/970 972/999/970 898/925/970
f 972/999/971 973/1000/971 898/925/971
f 898/925/971 973/1000/971 899/926/971
f 973/1000/972 974/1001/972 899/926/972
f 899/926/972 974/1001/972 900/927/972
f 974/1001/973 975/1002/973 900/927/973
f 900/927/973 975/1002/973 901/928/973
f 975/1002/974 976/1003/974 901/928/974
f 901/928/975 976/1003/975 902/929/975
f 976/1003/976 977/1004/976 902/929/976
f 902/929/976 977/1004/976 903/930/976
f 977/1004/977 978/1005/977 903/930/977
f 903/930/978 978/1005/978 904/931/978
f 978/1005/979 979/1006/979 904/931/979
f 904/931/980 979/1006/980 905/932/980
f 979/1006/981 980/1007/981 905/932/981
f 905/932/982 980/1007/982 906/933/982
f 980/1007/983 981/1008/983 906/933/983
f 906/933/983 981/1008/983 907/934/983
f 981/1008/984 982/1009/984 907/934/984
f 907/934/984 982/1009/984 908/935/984
f 982/1009/985 983/1010/985 908/935/985
f 908/935/985 983/1010/985 909/936/985
f 983/1010/986 984/1011/986 909/936/986
f 909/936/987 984/1011/987 910/937/987
f 984/1011/988 985/1012/988 910/937/988
f 910/937/988 985/1012/988 911/938/988
f 985/1012/989 986/1013/989 911/938/989
f 911/938/989 986/1013/989 912/939/989
f 986/1013/990 987/1014/990 912/939/990
f 912/939/991 987/1014/991 913/940/991
f 987/1014/992 988/1015/992 913/940/992
f 913/940/993 988/1015/993 914/941/993
f 988/1015/994 989/1016/994 914/941/994
f 914/941/994 989/1016/994 915/942/994
f 989/1016/995 990/1017/995 915/942/995
f 915/942/995 990/1017/995 916/943/995
f 990/1017/996 991/1018/996 916/943/996
f 916/943/996 991/1018/996 917/944/996
f 991/1018/997 992/1019/997 917/944/997
f 917/944/997 992/1019/997 918/945/997
f 992/1019/998 993/1020/998 918/945/998
f 918/945/999 993/1020/999 919/946/999
f 993/1020/1000 994/1021/1000 919/946/1000
f 919/946/1001 994/1021/1001 920/947/1001
f 994/1021/1002 995/1022/1002 920/947/1002
f 920/947/1002 995/1022/1002 921/948/1002
f 995/1022/1003 996/1023/1003 921/948/1003
f 921/948/1003 996/1023/1003 922/949/1003
f 996/1023/1004 997/1024/1004 922/949/1004
f 922/949/1005 997/1024/1005 923/950/1005
f 997/1024/1006 998/1025/1006 923/950/1006
f 923/950/1006 998/1025/1006 924/951/1006
f 998/1025/1007 999/1026/1007 924/951/1007
f 924/951/1007 999/1026/1007 925/952/1007
f 999/1026/1008 1000/1027/1008 925/952/1008
f 925/952/1009 1000/1027/1009 926/953/1009
f 1000/1027/1010 1001/1028/1010 926/953/1010
f 926/953/1010 1001/1028/1010 927/954/1010
f 1001/1028/1011 1002/1029/1011 927/954/1011
f 927/954/1011 1002/1029/1011 928/955/1011
f 1002/1029/1012 1003/1030/1012 928/955/1012
f 928/955/1012 1003/1030/1012 929/956/1012
f 1003/1030/1013 1004/1031/1013 929/956/1013
f 929/956/1014 1004/1031/1014 930/957/1014
f 1004/1031/1015 1005/1032/1015 930/957/1015
f 930/957/1015 1005/1032/1015 931/958/1015
f 1005/1032/1016 1006/1033/1016 931/958/1016
f 931/958/1017 1006/1033/1017 932/959/1017
f 1006/1033/1018 1007/1034/1018 932/959/1018
f 932/959/1019 1007/1034/1019 933/960/1019
f 1007/1034/1020 1008/1035/1020 933/960/1020
f 933/960/1020 1008/1035/1020 934/961/1020
f 1008/1035/1021 1009/1036/1021 934/961/1021
f 934/961/1021 1009/1036/1021 935/962/1021
f 1009/1036/1022 1010/1037/1022 935/962/1022
f 935/962/1022 1010/1037/1022 936/963/1022
f 1010/1037/1023 1011/1038/1023 936/963/1023
f 936/963/1023 1011/1038/1023 937/964/1023
f 1011/1038/1024 1012/1039/1024 937/964/1024
f 937/964/1025 1012/1039/1025 938/965/1025
f 1012/1039/1026 1013/1040/1026 938/965/1026
f 938/965/1026 1013/1040/1026 939/966/1026
f 1013/1040/1027 1014/1041/1027 939/966/1027
f 939/966/1027 1014/1041/1027 940/967/1027
f 1014/1041/1028 1015/1042/1028 940/967/1028
f 940/967/1029 1015/1042/1029 941/968/1029
f 1015/1042/1030 1016/1043/1030 941/968/1030
f 941/968/1031 1016/1043/1031 942/969/1031
f 1016/1043/1032 1017/1044/1032 942/969/1032
f 942/969/1032 1017/1044/1032 943/970/1032
f 1017/1044/1033 1018/1045/1033 943/970/1033
f 943/970/1033 1018/1045/1033 944/971/1033
f 1018/1045/1034 1019/1046/1034 944/971/1034
f 944/971/1035 1019/1046/1035 945/972/1035
f 1019/1046/1036 1020/1047/1036 945/972/1036
f 945/972/1037 1020/1047/1037 946/973/1037
f 1020/1047/1038 1021/1048/1038 946/973/1038
f 946/973/1038 1021/1048/1038 947/974/1038
f 1021/1048/1039 1022/1049/1039 947/974/1039
f 947/974/1039 1022/1049/1039 948/975/1039
f 1022/1049/1040 1023/1050/1040 948/975/1040
f 948/975/1041 1023/1050/1041 949/976/1041
f 1023/1050/1042 1024/1051/1042 949/976/1042
f 949/976/1042 1024/1051/1042 950/977/1042
f 1024/1051/1043 1025/1052/1043 950/977/1043
f 950/977/1043 1025/1052/1043 951/978/1043
f 1025/1052/1044 1026/1053/1044 951/978/1044
f 951/978/1044 1026/1053/1044 952/979/1044
f 1026/1053/945 953/980/945 952/979/945
f 1026/1053/1045 1027/1054/1045 953/980/1045
f 1027/1054/1046 1028/1055/1046 953/980/1046
f 953/980/1046 1028/1055/1046 954/981/1046
f 1028/1055/1047 1029/1056/1047 954/981/1047
f 954/981/1047 1029/1056/1047 955/982/1047
f 1029/1056/1048 1030/1057/1048 955/982/1048
f 955/982/1048 1030/1057/1048 956/983/1048
f 1030/1057/1049 1031/1058/1049 956/983/1049
f 956/983/1049 1031/1058/1049 957/984/1049
f 1031/1058/1050 1032/1059/1050 957/984/1050
f 957/984/1051 1032/1059/1051 958/985/1051
f 1032/1059/1052 1033/1060/1052 958/985/1052
f 958/985/1053 1033/1060/1053 959/986/1053
f 1033/1060/1054 1034/1061/1054 959/986/1054
f 959/986/1054 1034/1061/1054 960/987/1054
f 1034/1061/1055 1035/1062/1055 960/987/1055
f 960/987/1056 1035/1062/1056 961/988/1056
f 1035/1062/1057 1036/1063/1057 961/988/1057
f 961/988/1057 1036/1063/1057 962/989/1057
f 1036/1063/1058 1037/1064/1058 962/989/1058
f 962/989/1058 1037/1064/1058 963/990/1058
f 1037/1064/1059 1038/1065/1059 963/990/1059
f 963/990/1060 1038/1065/1060 964/991/1060
f 1038/1065/1061 1039/1066/1061 964/991/1061
f 964/991/1061 1039/1066/1061 965/992/1061
f 1039/1066/1062 1040/1067/1062 965/992/1062
f 965/992/1062 1040/1067/1062 966/993/1062
f 1040/1067/1063 1041/1068/1063 966/993/1063
f 966/993/1063 1041/1068/1063 967/994/1063
f 1041/1068/1064 1042/1069/1064 967/994/1064
f 967/994/1065 1042/1069/1065 968/995/1065
f 1042/1069/1066 1043/1070/1066 968/995/1066
f 968/995/1066 1043/1070/1066 969/996/1066
f 1043/1070/1067 1044/1071/1067 969/996/1067
f 969/996/1067 1044/1071/1067 970/997/1067
f 1044/1071/1068 1045/1072/1068 970/997/1068
f 970/997/1069 1045/1072/1069 971/998/1069
f 1045/1072/1070 1046/1073/1070 971/998/1070
f 971/998/1070 1046/1073/1070 972/999/1070
f 1046/1073/1071 1047/1074/1071 972/999/1071
f 972/999/1071 1047/1074/1071 973/1000/1071
f 1047/1074/1072 1048/1075/1072 973/1000/1072
f 973/1000/1072 1048/1075/1072 974/1001/1072
f 1048/1075/1073 1049/1076/1073 974/1001/1073
f 974/1001/1073 1049/1076/1073 975/1002/1073
f 1049/1076/1074 1050/1077/1074 975/1002/1074
f 975/1002/1074 1050/1077/1074 976/1003/1074
f 1050/1077/1075 1051/1078/1075 976/1003/1075
f 976/1003/1075 1051/1078/1075 977/1004/1075
f 1051/1078/1076 1052/1079/1076 977/1004/1076
f 977/1004/1076 1052/1079/1076 978/1005/1076
f 1052/1079/1077 1053/1080/1077 978/1005/1077
f 978/1005/1078 1053/1080/1078 979/1006/1078
f 1053/1080/1079 1054/1081/1079 979/1006/1079
f 979/1006/1080 1054/1081/1080 980/1007/1080
f 1054/1081/1081 1055/1082/1081 980/1007/1081
f 980/1007/1081 1055/1082/1081 981/1008/1081
f 1055/1082/1082 1056/1083/1082 981/1008/1082
f 981/1008/1082 1056/1083/1082 982/1009/1082
f 1056/1083/1083 1057/1084/1083 982/1009/1083
f 982/1009/1084 1057/1084/1084 983/1010/1084
f 1057/1084/1085 1058/1085/1085 983/1010/1085
f 983/1010/1085 1058/1085/1085 984/1011/1085
f 1058/1085/1086 1059/1086/1086 984/1011/1086
f 984/1011/1086 1059/1086/1086 985/1012/1086
f 1059/1086/1087 1060/1087/1087 985/1012/1087
f 985/1012/1088 1060/1087/1088 986/1013/1088
f 1060/1087/1089 1061/1088/1089 986/1013/1089
f 986/1013/1089 1061/1088/1089 987/1014/1089
f 1061/1088/1090 1062/1089/1090 987/1014/1090
f 987/1014/1090 1062/1089/1090 988/1015/1090
f 1062/1089/1091 1063/1090/1091 988/1015/1091
f 988/1015/1091 1063/1090/1091 989/1016/1091
f 1063/1090/1092 1064/1091/1092 989/1016/1092
f 989/1016/1092 1064/1091/1092 990/1017/1092
f 1064/1091/1093 1065/1092/1093 990/1017/1093
f 990/1017/1093 1065/1092/1093 991/1018/1093
f 1065/1092/1094 1066/1093/1094 991/1018/1094
f 991/1018/1094 1066/1093/1094 992/1019/1094
f 1066/1093/1095 1067/1094/1095 992/1019/1095
f 992/1019/1096 1067/1094/1096 993/1020/1096
f 1067/1094/1097 1068/1095/1097 993/1020/1097
f 993/1020/1097 1068/1095/1097 994/1021/1097
f 1068/1095/1098 1069/1096/1098 994/1021/1098
f 994/1021/1098 1069/1096/1098 995/1022/1098
f 1069/1096/1099 1070/1097/1099 995/1022/1099
f 995/1022/1100 1070/1097/1100 996/1023/1100
f 1070/1097/1101 1071/1098/1101 996/1023/1101
f 996/1023/1102 1071/1098/1102 997/1024/1102
f 1071/1098/1103 1072/1099/1103 997/1024/1103
f 997/1024/1103 1072/1099/1103 998/1025/1103
f 1072/1099/1104 1073/1100/1104 998/1025/1104
f 998/1025/1104 1073/1100/1104 999/1026/1104
f 1073/1100/1105 1074/1101/1105 999/1026/1105
f 999/1026/1106 1074/1101/1106 1000/1027/1106
f 1074/1101/1107 1075/1102/1107 1000/1027/1107
f 1000/1027/1107 1075/1102/1107 1001/1028/1107
f 1075/1102/1108 1076/1103/1108 1001/1028/1108
f 1001/1028/1109 1076/1103/1109 1002/1029/1109
f 1076/1103/1110 1077/1104/1110 1002/1029/1110
f 1002/1029/1110 1077/1104/1110 1003/1030/1110
f 1077/1104/1111 1078/1105/1111 1003/1030/1111
f 1003/1030/1111 1078/1105/1111 1004/1031/1111
f 1078/1105/1112 1079/1106/1112 1004/1031/1112
f 1004/1031/1112 1079/1106/1112 1005/1032/1112
f 1079/1106/1113 1080/1107/1113 1005/1032/1113
f 1005/1032/1113 1080/1107/1113 1006/1033/1113
f 1080/1107/1114 1081/1108/1114 1006/1033/1114
f 1006/1033/1114 1081/1108/1114 1007/1034/1114
f 1081/1108/1115 1082/1109/1115 1007/1034/1115
f 1007/1034/1115 1082/1109/1115 1008/1035/1115
f 1082/1109/1116 1083/1110/1116 1008/1035/1116
f 1008/1035/1116 1083/1110/1116 1009/1036/1116
f 1083/1110/1117 1084/1111/1117 1009/1036/1117
f 1009/1036/1117 1084/1111/1117 1010/1037/1117
f 1084/1111/1118 1085/1112/1118 1010/1037/1118
f 1010/1037/1118 1085/1112/1118 1011/1038/1118
f 1085/1112/1119 1086/1113/1119 1011/1038/1119
f 1011/1038/1119 1086/1113/1119 1012/1039/1119
f 1086/1113/1120 1087/1114/1120 1012/1039/1120
f 1012/1039/1120 1087/1114/1120 1013/1040/1120
f 1087/1114/1121 1088/1115/1121 1013/1040/1121
f 1013/1040/1121 1088/1115/1121 1014/1041/1121
f 1088/1115/1122 1089/1116/1122 1014/1041/1122
f 1014/1041/1122 1089/1116/1122 1015/1042/1122
f 1089/1116/1123 1090/1117/1123 1015/1042/1123
f 1015/1042/1124 1090/1117/1124 1016/1043/1124
f 1090/1117/1125 1091/1118/1125 1016/1043/1125
f 1016/1043/1125 1091/1118/1125 1017/1044/1125
f 1091/1118/1126 1092/1119/1126 1017/1044/1126
f 1017/1044/1126 1092/1119/1126 1018/1045/1126
f 1092/1119/1127 1093/1120/1127 1018/1045/1127
f 1018/1045/1127 1093/1120/1127 1019/1046/1127
f 1093/1120/1128 1094/1121/1128 1019/1046/1128
f 1019/1046/1128 1094/1121/1128 1020/1047/1128
f 1094/1121/1129 1095/1122/1129 1020/1047/1129
f 1020/1047/1129 1095/1122/1129 1021/1048/1129
f 1095/1122/1130 1096/1123/1130 1021/1048/1130
f 1021/1048/1130 1096/1123/1130 1022/1049/1130
f 1096/1123/1131 1097/1124/1131 1022/1049/1131
f 1022/1049/1132 1097/1124/1132 1023/1050/1132
f 1097/1124/1133 1098/1125/1133 1023/1050/1133
f 1023/1050/1133 1098/1125/1133 1024/1051/1133
f 1098/1125/1134 1099/1126/1134 1024/1051/1134
f 1024/1051/1134 1099/1126/1134 1025/1052/1134
f 1099/1126/1135 1100/1127/1135 1025/1052/1135
f 1025/1052/1135 1100/1127/1135 1026/1053/1135
f 1100/1127/1045 1027/1054/1045 1026/1053/1045
f 92/91/1136 93/93/1136 1029/1056/1136
f 93/93/1137 95/95/1137 1029/1056/1137
f 1029/1056/1137 95/95/1137 1030/1057/1137
f 95/95/1138 97/97/1138 1030/1057/1138
f 1030/1057/1138 97/97/1138 1031/1058/1138
f 97/97/1139 44/42/1139 1031/1058/1139
f 1031/1058/1139 44/42/1139 1032/1059/1139
f 44/42/1140 46/44/1140 1032/1059/1140
f 1032/1059/1140 46/44/1140 1033/1060/1140
f 46/44/1141 48/46/1141 1033/1060/1141
f 1033/1060/1141 48/46/1141 1034/1061/1141
f 48/46/1142 50/48/1142 1034/1061/1142
f 1034/1061/1143 50/48/1143 1035/1062/1143
f 50/48/1144 52/50/1144 1035/1062/1144
f 1035/1062/1144 52/50/1144 1036/1063/1144
f 52/50/1145 54/52/1145 1036/1063/1145
f 1036/1063/1145 54/52/1145 1037/1064/1145
f 54/52/1146 68/66/1146 1037/1064/1146
f 1037/1064/1146 68/66/1146 1038/1065/1146
f 68/66/1147 70/68/1147 1038/1065/1147
f 1038/1065/1147 70/68/1147 1039/1066/1147
f 70/68/1148 72/70/1148 1039/1066/1148
f 1039/1066/1148 72/70/1148 1040/1067/1148
f 72/70/1149 73/71/1149 1040/1067/1149
f 1040/1067/1150 73/71/1150 1041/1068/1150
f 73/71/1151 117/117/1151 1041/1068/1151
f 1041/1068/1152 117/117/1152 1042/1069/1152
f 117/117/1153 119/119/1153 1042/1069/1153
f 1042/1069/1153 119/119/1153 1043/1070/1153
f 119/119/1154 121/121/1154 1043/1070/1154
f 1043/1070/1154 121/121/1154 1044/1071/1154
f 121/121/1155 122/122/1155 1044/1071/1155
f 1044/1071/1155 122/122/1155 1045/1072/1155
f 122/122/1156 180/180/1156 1045/1072/1156
f 1045/1072/1156 180/180/1156 1046/1073/1156
f 180/180/1157 182/182/1157 1046/1073/1157
f 1046/1073/1157 182/182/1157 1047/1074/1157
f 182/182/1158 184/184/1158 1047/1074/1158
f 1047/1074/1158 184/184/1158 1048/1075/1158
f 184/184/1159 186/186/1159 1048/1075/1159
f 1048/1075/1160 186/186/1160 1049/1076/1160
f 186/186/1161 188/188/1161 1049/1076/1161
f 1049/1076/1161 188/188/1161 1050/1077/1161
f 188/188/1162 190/190/1162 1050/1077/1162
f 1050/1077/1163 190/190/1163 1051/1078/1163
f 190/190/1164 191/191/1164 1051/1078/1164
f 1051/1078/1164 191/191/1164 1052/1079/1164
f 191/191/1165 168/168/1165 1052/1079/1165
f 1052/1079/1165 168/168/1165 1053/1080/1165
f 168/168/1166 166/166/1166 1053/1080/1166
f 1053/1080/1166 166/166/1166 1054/1081/1166
f 166/166/1167 164/164/1167 1054/1081/1167
f 1054/1081/1168 164/164/1168 1055/1082/1168
f 164/164/1169 177/177/1169 1055/1082/1169
f 1055/1082/1169 177/177/1169 1056/1083/1169
f 177/177/1170 176/176/1170 1056/1083/1170
f 1056/1083/1170 176/176/1170 1057/1084/1170
f 176/176/1171 174/174/1171 1057/1084/1171
f 1057/1084/1171 174/174/1171 1058/1085/1171
f 174/174/1172 172/172/1172 1058/1085/1172
f 1058/1085/1173 172/172/1173 1059/1086/1173
f 172/172/1174 171/171/1174 1059/1086/1174
f 1059/1086/1174 171/171/1174 1060/1087/1174
f 171/171/1175 128/128/1175 1060/1087/1175
f 1060/1087/1175 128/128/1175 1061/1088/1175
f 128/128/1176 126/126/1176 1061/1088/1176
f 1061/1088/1177 126/126/1177 1062/1089/1177
f 126/126/1178 124/124/1178 1062/1089/1178
f 1062/1089/1178 124/124/1178 1063/1090/1178
f 124/124/1179 123/123/1179 1063/1090/1179
f 1063/1090/1179 123/123/1179 1064/1091/1179
f 123/123/1180 113/113/1180 1064/1091/1180
f 1064/1091/1180 113/113/1180 1065/1092/1180
f 113/113/1181 111/111/1181 1065/1092/1181
f 1065/1092/1181 111/111/1181 1066/1093/1181
f 111/111/1182 109/109/1182 1066/1093/1182
f 1066/1093/1182 109/109/1182 1067/1094/1182
f 109/109/1183 107/107/1183 1067/1094/1183
f 1067/1094/1183 107/107/1183 1068/1095/1183
f 107/107/1184 105/105/1184 1068/1095/1184
f 1068/1095/1184 105/105/1184 1069/1096/1184
f 105/105/1185 103/103/1185 1069/1096/1185
f 1069/1096/1185 103/103/1185 1070/1097/1185
f 103/103/1186 101/101/1186 1070/1097/1186
f 1070/1097/1186 101/101/1186 1071/1098/1186
f 101/101/1187 64/62/1187 1071/1098/1187
f 1071/1098/1187 64/62/1187 1072/1099/1187
f 64/62/1188 62/60/1188 1072/1099/1188
f 1072/1099/1189 62/60/1189 1073/1100/1189
f 62/60/1190 60/58/1190 1073/1100/1190
f 1073/1100/1190 60/58/1190 1074/1101/1190
f 60/58/1191 58/56/1191 1074/1101/1191
f 1074/1101/1191 58/56/1191 1075/1102/1191
f 58/56/1192 56/54/1192 1075/1102/1192
f 1075/1102/1192 56/54/1192 1076/1103/1192
f 56/54/1193 55/53/1193 1076/1103/1193
f 1076/1103/1194 55/53/1194 1077/1104/1194
f 55/53/1195 79/77/1195 1077/1104/1195
f 1077/1104/1195 79/77/1195 1078/1105/1195
f 79/77/1196 81/79/1196 1078/1105/1196
f 1078/1105/1197 81/79/1197 1079/1106/1197
f 81/79/1198 83/81/1198 1079/1106/1198
f 1079/1106/1199 83/81/1199 1080/1107/1199
f 83/81/1200 84/82/1200 1080/1107/1200
f 1080/1107/1200 84/82/1200 1081/1108/1200
f 84/82/1201 146/146/1201 1081/1108/1201
f 1081/1108/1201 146/146/1201 1082/1109/1201
f 146/146/1202 148/148/1202 1082/1109/1202
f 1082/1109/1202 148/148/1202 1083/1110/1202
f 148/148/1203 150/150/1203 1083/1110/1203
f 1083/1110/1203 150/150/1203 1084/1111/1203
f 150/150/1204 152/152/1204 1084/1111/1204
f 1084/1111/1204 152/152/1204 1085/1112/1204
f 152/152/1205 154/154/1205 1085/1112/1205
f 1085/1112/1205 154/154/1205 1086/1113/1205
f 154/154/1206 156/156/1206 1086/1113/1206
f 1086/1113/1206 156/156/1206 1087/1114/1206
f 156/156/1207 158/158/1207 1087/1114/1207
f 1087/1114/1207 158/158/1207 1088/1115/1207
f 158/158/1208 160/160/1208 1088/1115/1208
f 1088/1115/1208 160/160/1208 1089/1116/1208
f 160/160/1209 159/159/1209 1089/1116/1209
f 1089/1116/1210 159/159/1210 1090/1117/1210
f 159/159/1211 142/142/1211 1090/1117/1211
f 1090/1117/1212 142/142/1212 1091/1118/1212
f 142/142/1213 140/140/1213 1091/1118/1213
f 1091/1118/1213 140/140/1213 1092/1119/1213
f 140/140/1214 138/138/1214 1092/1119/1214
f 1092/1119/1214 138/138/1214 1093/1120/1214
f 138/138/1215 136/136/1215 1093/1120/1215
f 1093/1120/1215 136/136/1215 1094/1121/1215
f 136/136/1216 134/134/1216 1094/1121/1216
f 1094/1121/1217 134/134/1217 1095/1122/1217
f 134/134/1218 132/132/1218 1095/1122/1218
f 1095/1122/1218 132/132/1218 1096/1123/1218
f 132/132/1219 131/131/1219 1096/1123/1219
f 1096/1123/1219 131/131/1219 1097/1124/1219
f 131/131/1220 76/74/1220 1097/1124/1220
f 1097/1124/1220 76/74/1220 1098/1125/1220
f 76/74/1221 85/83/1221 1098/1125/1221
f 1098/1125/1222 85/83/1222 1099/1126/1222
f 85/83/1223 87/85/1223 1099/1126/1223
f 1099/1126/1223 87/85/1223 1100/1127/1223
f 87/85/1224 89/87/1224 1100/1127/1224
f 1100/1127/1224 89/87/1224 1027/1054/1224
f 89/87/1225 91/89/1225 1027/1054/1225
f 1027/1054/1226 91/89/1226 1028/1055/1226
f 91/89/1227 92/91/1227 1028/1055/1227
f 1028/1055/1228 92/91/1228 1029/1056/1228
f 220/220/3 416/416/3 1101/1128/3
f 416/416/3 1102/1129/3 1101/1128/3
f 1101/1128/3 1102/1129/3 318/318/3
f 1102/1129/3 212/212/3 318/318/3
f 800/819/1229 799/817/1229 1103/1130/1229
f 804/829/1230 803/827/1230 1104/1131/1230
f 803/827/1231 802/825/1231 1104/1131/1231
f 1104/1131/1232 802/825/1232 801/822/1232
f 799/817/1233 798/814/1233 1103/1130/1233
f 798/814/1234 797/813/1234 1103/1130/1234
f 1103/1130/1235 797/813/1235 804/829/1235
f 787/793/1236 796/810/1236 1105/1132/1236
f 796/810/1237 795/808/1237 1105/1132/1237
f 1105/1132/1238 795/808/1238 794/805/1238
f 794/805/1239 793/804/1239 1105/1132/1239
f 793/804/1240 792/1133/1240 1105/1132/1240
f 1105/1132/1241 792/1133/1241 800/819/1241
f 784/787/1242 791/801/1242 1106/1134/1242
f 791/801/1243 790/799/1243 1106/1134/1243
f 790/799/1244 789/797/1244 1106/1134/1244
f 789/797/1245 788/794/1245 1106/1134/1245
f 1106/1134/1246 788/794/1246 787/793/1246
f 43/92/1247 786/791/1247 94/94/1247
f 786/791/1248 785/788/1248 94/94/1248
f 94/94/1249 785/788/1249 784/787/1249
f 42/90/1250 90/88/1250 1107/1135/1250
f 90/88/1251 1108/1136/1251 1107/1135/1251
f 1109/1137/1252 1110/1138/1252 1111/1139/1252
f 1110/1138/1253 1112/1140/1253 1111/1139/1253
f 1112/1140/1254 1113/1141/1254 1111/1139/1254
f 1113/1141/1255 1114/1142/1255 1111/1139/1255
f 1111/1139/1256 1114/1142/1256 1115/1143/1256
f 1116/1144/1257 1117/1145/1257 1118/1146/1257
f 1117/1145/1258 1119/1147/1258 1118/1146/1258
f 1118/1146/1259 1119/1147/1259 1120/1148/1259
f 1121/1149/1260 1122/1150/1260 1123/1151/1260
f 1122/1150/1261 1124/1152/1261 1123/1151/1261
f 1124/1152/1262 1125/1153/1262 1123/1151/1262
f 1123/1151/1263 1125/1153/1263 1126/1154/1263
f 1127/1155/1264 1128/1156/1264 1129/1157/1264
f 1128/1156/1265 1130/1158/1265 1129/1157/1265
f 1129/1157/1266 1130/1158/1266 1131/1159/1266
f 774/777/1267 1132/1160/1267 776/779/1267
f 1132/1160/1268 1133/1161/1268 776/779/1268
f 776/779/1269 1133/1161/1269 779/782/1269
f 1133/1161/1270 1104/1131/1270 779/782/1270
f 779/782/1271 1104/1131/1271 778/781/1271
f 1104/1131/1272 801/822/1272 778/781/1272
f 778/781/1273 801/822/1273 520/520/1273
f 774/777/1274 773/776/1274 1132/1160/1274
f 773/776/1275 770/773/1275 1132/1160/1275
f 1132/1160/1276 770/773/1276 1134/1162/1276
f 770/773/1277 769/772/1277 1134/1162/1277
f 769/772/1278 766/769/1278 1134/1162/1278
f 1134/1162/1278 766/769/1278 1135/1163/1278
f 766/769/1279 765/768/1279 1135/1163/1279
f 1135/1163/1280 765/768/1280 1136/1164/1280
f 765/768/1281 762/765/1281 1136/1164/1281
f 1136/1164/1282 762/765/1282 1137/1165/1282
f 762/765/1283 761/764/1283 1137/1165/1283
f 761/764/1284 759/762/1284 1137/1165/1284
f 759/762/1285 757/760/1285 1137/1165/1285
f 1137/1165/1286 757/760/1286 1138/1166/1286
f 757/760/1287 755/758/1287 1138/1166/1287
f 755/758/1288 753/756/1288 1138/1166/1288
f 1138/1166/1288 753/756/1288 1139/1167/1288
f 753/756/1289 751/754/1289 1139/1167/1289
f 1139/1167/1290 751/754/1290 1140/1168/1290
f 751/754/1291 749/752/1291 1140/1168/1291
f 749/752/1292 747/750/1292 1140/1168/1292
f 1140/1168/1293 747/750/1293 1141/1169/1293
f 747/750/1294 745/748/1294 1141/1169/1294
f 745/748/1295 743/746/1295 1141/1169/1295
f 1141/1169/1296 743/746/1296 1142/1170/1296
f 743/746/1297 742/745/1297 1142/1170/1297
f 1142/1170/1298 742/745/1298 1143/1171/1298
f 742/745/1299 740/743/1299 1143/1171/1299
f 740/743/1300 738/741/1300 1143/1171/1300
f 1143/1171/1301 738/741/1301 1144/1172/1301
f 738/741/1302 735/738/1302 1144/1172/1302
f 735/738/1303 733/736/1303 1144/1172/1303
f 1144/1172/1304 733/736/1304 1145/1173/1304
f 733/736/1305 731/734/1305 1145/1173/1305
f 1145/1173/1306 731/734/1306 1146/1174/1306
f 731/734/1307 729/732/1307 1146/1174/1307
f 729/732/1308 727/730/1308 1146/1174/1308
f 727/730/1309 725/728/1309 1146/1174/1309
f 1146/1174/1310 725/728/1310 1147/1175/1310
f 725/728/1311 723/726/1311 1147/1175/1311
f 723/726/1312 721/724/1312 1147/1175/1312
f 1147/1175/1313 721/724/1313 1148/1176/1313
f 721/724/1314 719/722/1314 1148/1176/1314
f 1148/1176/1315 719/722/1315 1149/1177/1315
f 719/722/1316 717/720/1316 1149/1177/1316
f 1149/1177/1317 717/720/1317 1150/1178/1317
f 717/720/1318 715/718/1318 1150/1178/1318
f 715/718/1319 713/716/1319 1150/1178/1319
f 713/716/1320 711/714/1320 1150/1178/1320
f 1150/1178/1321 711/714/1321 1151/1179/1321
f 711/714/1322 708/711/1322 1151/1179/1322
f 1151/1179/1323 708/711/1323 1152/1180/1323
f 708/711/1324 706/709/1324 1152/1180/1324
f 706/709/1325 705/708/1325 1152/1180/1325
f 1152/1180/1326 705/708/1326 1153/1181/1326
f 705/708/1327 703/706/1327 1153/1181/1327
f 1153/1181/1328 703/706/1328 1154/1182/1328
f 703/706/1329 701/704/1329 1154/1182/1329
f 701/704/1330 698/701/1330 1154/1182/1330
f 698/701/1331 696/699/1331 1154/1182/1331
f 1154/1182/1332 696/699/1332 1155/1183/1332
f 696/699/1333 694/697/1333 1155/1183/1333
f 694/697/1334 692/695/1334 1155/1183/1334
f 1155/1183/1335 692/695/1335 1156/1184/1335
f 692/695/1336 691/694/1336 1156/1184/1336
f 1156/1184/1337 691/694/1337 1157/1185/1337
f 691/694/1338 689/692/1338 1157/1185/1338
f 689/692/1339 687/690/1339 1157/1185/1339
f 1157/1185/1340 687/690/1340 1158/1186/1340
f 687/690/1341 684/687/1341 1158/1186/1341
f 684/687/1342 682/685/1342 1158/1186/1342
f 1158/1186/1343 682/685/1343 1159/1187/1343
f 682/685/1344 680/683/1344 1159/1187/1344
f 680/683/1345 678/681/1345 1159/1187/1345
f 1159/1187/1346 678/681/1346 1160/1188/1346
f 678/681/1347 676/679/1347 1160/1188/1347
f 1160/1188/1348 676/679/1348 1161/1189/1348
f 676/679/1349 674/677/1349 1161/1189/1349
f 674/677/1350 672/675/1350 1161/1189/1350
f 1161/1189/1351 672/675/1351 1162/1190/1351
f 672/675/1352 670/673/1352 1162/1190/1352
f 670/673/1353 667/670/1353 1162/1190/1353
f 1162/1190/1354 667/670/1354 1163/1191/1354
f 667/670/1355 665/668/1355 1163/1191/1355
f 665/668/1356 664/667/1356 1163/1191/1356
f 1163/1191/1357 664/667/1357 1164/1192/1357
f 664/667/1358 662/665/1358 1164/1192/1358
f 662/665/1359 660/663/1359 1164/1192/1359
f 1164/1192/1360 660/663/1360 1165/1193/1360
f 660/663/1361 658/661/1361 1165/1193/1361
f 1165/1193/1362 658/661/1362 1166/1194/1362
f 658/661/1363 656/659/1363 1166/1194/1363
f 656/659/1364 654/657/1364 1166/1194/1364
f 1166/1194/1365 654/657/1365 1167/1195/1365
f 654/657/1366 652/655/1366 1167/1195/1366
f 652/655/1367 650/653/1367 1167/1195/1367
f 1167/1195/1368 650/653/1368 1168/1196/1368
f 650/653/1369 648/651/1369 1168/1196/1369
f 648/651/1370 646/649/1370 1168/1196/1370
f 1168/1196/1371 646/649/1371 1169/1197/1371
f 646/649/1372 644/647/1372 1169/1197/1372
f 644/647/1373 642/645/1373 1169/1197/1373
f 1169/1197/1374 642/645/1374 1170/1198/1374
f 642/645/1375 640/643/1375 1170/1198/1375
f 640/643/1376 638/641/1376 1170/1198/1376
f 1170/1198/1377 638/641/1377 1171/1199/1377
f 638/641/1378 636/639/1378 1171/1199/1378
f 636/639/1379 634/637/1379 1171/1199/1379
f 1171/1199/1380 634/637/1380 1172/1200/1380
f 634/637/1381 632/635/1381 1172/1200/1381
f 1172/1200/1382 632/635/1382 1173/1201/1382
f 632/635/1383 630/633/1383 1173/1201/1383
f 630/633/1384 628/631/1384 1173/1201/1384
f 1173/1201/1385 628/631/1385 1174/1202/1385
f 628/631/1386 626/629/1386 1174/1202/1386
f 626/629/1387 624/627/1387 1174/1202/1387
f 1174/1202/1388 624/627/1388 1175/1203/1388
f 624/627/1389 622/625/1389 1175/1203/1389
f 622/625/1390 621/624/1390 1175/1203/1390
f 1175/1203/1391 621/624/1391 1176/1204/1391
f 621/624/1392 619/622/1392 1176/1204/1392
f 1176/1204/1393 619/622/1393 1177/1205/1393
f 610/613/1394 1178/1206/1394 1179/1207/1394
f 619/622/1395 617/620/1395 1177/1205/1395
f 617/620/1396 615/618/1396 1177/1205/1396
f 1177/1205/1397 615/618/1397 1179/1207/1397
f 615/618/1398 612/615/1398 1179/1207/1398
f 1179/1207/1399 612/615/1399 610/613/1399
f 610/613/1400 609/612/1400 1178/1206/1400
f 609/612/1401 607/610/1401 1178/1206/1401
f 1178/1206/1402 607/610/1402 1180/1208/1402
f 607/610/1403 605/608/1403 1180/1208/1403
f 1180/1208/1404 605/608/1404 1181/1209/1404
f 596/599/1405 1182/1210/1405 1183/1211/1405
f 605/608/1406 603/606/1406 1181/1209/1406
f 603/606/1407 601/604/1407 1181/1209/1407
f 1181/1209/1408 601/604/1408 1183/1211/1408
f 601/604/1409 598/601/1409 1183/1211/1409
f 1183/1211/1410 598/601/1410 596/599/1410
f 596/599/1411 595/598/1411 1182/1210/1411
f 595/598/1412 593/596/1412 1182/1210/1412
f 1182/1210/1413 593/596/1413 1184/1212/1413
f 593/596/1414 591/594/1414 1184/1212/1414
f 1184/1212/1415 591/594/1415 1185/1213/1415
f 591/594/1416 589/592/1416 1185/1213/1416
f 589/592/1417 587/590/1417 1185/1213/1417
f 1185/1213/1418 587/590/1418 1186/1214/1418
f 587/590/1419 585/588/1419 1186/1214/1419
f 1186/1214/1420 585/588/1420 1187/1215/1420
f 585/588/1421 523/526/1421 1187/1215/1421
f 523/526/1422 583/586/1422 1187/1215/1422
f 583/586/1423 582/585/1423 1187/1215/1423
f 1187/1215/1424 582/585/1424 1188/1216/1424
f 582/585/1425 580/583/1425 1188/1216/1425
f 1188/1216/1426 580/583/1426 1189/1217/1426
f 580/583/1427 578/581/1427 1189/1217/1427
f 1189/1217/1428 578/581/1428 1190/1218/1428
f 578/581/1429 576/579/1429 1190/1218/1429
f 576/579/1430 574/577/1430 1190/1218/1430
f 1190/1218/1431 574/577/1431 1191/1219/1431
f 574/577/1432 572/575/1432 1191/1219/1432
f 572/575/1433 570/573/1433 1191/1219/1433
f 570/573/1434 569/572/1434 1191/1219/1434
f 1191/1219/1435 569/572/1435 1192/1220/1435
f 569/572/1436 1193/1221/1436 1192/1220/1436
f 569/572/1437 566/569/1437 1193/1221/1437
f 566/569/1438 565/568/1438 1193/1221/1438
f 1193/1221/1439 565/568/1439 1194/1222/1439
f 565/568/1440 562/565/1440 1194/1222/1440
f 562/565/1441 561/564/1441 1194/1222/1441
f 1194/1222/1442 561/564/1442 1195/1223/1442
f 561/564/1443 558/561/1443 1195/1223/1443
f 558/561/1444 559/562/1444 1195/1223/1444
f 559/562/1445 554/557/1445 1195/1223/1445
f 1195/1223/1446 554/557/1446 1196/1224/1446
f 554/557/1447 1197/1225/1447 1196/1224/1447
f 554/557/1448 552/555/1448 1197/1225/1448
f 552/555/1449 550/553/1449 1197/1225/1449
f 1197/1225/1450 550/553/1450 1198/1226/1450
f 550/553/1451 548/551/1451 1198/1226/1451
f 548/551/1452 546/549/1452 1198/1226/1452
f 1198/1226/1453 546/549/1453 1199/1227/1453
f 546/549/1454 526/529/1454 1199/1227/1454
f 526/529/1455 527/530/1455 1199/1227/1455
f 1199/1227/1456 527/530/1456 1200/1228/1456
f 527/530/1457 529/532/1457 1200/1228/1457
f 529/532/1458 528/531/1458 1200/1228/1458
f 528/531/1459 538/541/1459 1200/1228/1459
f 1200/1228/1460 538/541/1460 1201/1229/1460
f 532/535/1461 1127/1155/1461 534/537/1461
f 1127/1155/1462 1129/1157/1462 534/537/1462
f 534/537/1463 1129/1157/1463 536/539/1463
f 1129/1157/1464 1202/1230/1464 536/539/1464
f 536/539/1465 1202/1230/1465 537/540/1465
f 1202/1230/1466 1201/1229/1466 537/540/1466
f 537/540/1467 1201/1229/1467 541/544/1467
f 1201/1229/1468 538/541/1468 541/544/1468
f 804/829/1469 1104/1131/1469 1103/1130/1469
f 1104/1131/1470 1133/1161/1470 1103/1130/1470
f 1103/1130/1471 1133/1161/1471 1203/1231/1471
f 1133/1161/1472 1132/1160/1472 1203/1231/1472
f 1203/1231/1473 1132/1160/1473 1204/1232/1473
f 1132/1160/1474 1134/1162/1474 1204/1232/1474
f 1204/1232/1475 1134/1162/1475 1205/1233/1475
f 1134/1162/1476 1135/1163/1476 1205/1233/1476
f 1205/1233/1476 1135/1163/1476 1206/1234/1476
f 1135/1163/1477 1136/1164/1477 1206/1234/1477
f 1206/1234/1478 1136/1164/1478 1207/1235/1478
f 1136/1164/1479 1137/1165/1479 1207/1235/1479
f 1207/1235/1480 1137/1165/1480 1208/1236/1480
f 1137/1165/1481 1138/1166/1481 1208/1236/1481
f 1208/1236/1482 1138/1166/1482 1209/1237/1482
f 1138/1166/1483 1139/1167/1483 1209/1237/1483
f 1209/1237/1483 1139/1167/1483 1210/1238/1483
f 1139/1167/1484 1140/1168/1484 1210/1238/1484
f 1210/1238/1485 1140/1168/1485 1211/1239/1485
f 1140/1168/1486 1141/1169/1486 1211/1239/1486
f 1211/1239/1487 1141/1169/1487 1212/1240/1487
f 1141/1169/1488 1142/1170/1488 1212/1240/1488
f 1212/1240/1489 1142/1170/1489 1213/1241/1489
f 1142/1170/1490 1143/1171/1490 1213/1241/1490
f 1213/1241/1490 1143/1171/1490 1214/1242/1490
f 1143/1171/1491 1144/1172/1491 1214/1242/1491
f 1214/1242/1492 1144/1172/1492 1215/1243/1492
f 1144/1172/1493 1145/1173/1493 1215/1243/1493
f 1215/1243/1494 1145/1173/1494 1216/1244/1494
f 1145/1173/1495 1146/1174/1495 1216/1244/1495
f 1216/1244/1496 1146/1174/1496 1217/1245/1496
f 1146/1174/1497 1147/1175/1497 1217/1245/1497
f 1217/1245/1497 1147/1175/1497 1218/1246/1497
f 1147/1175/1498 1148/1176/1498 1218/1246/1498
f 1218/1246/1499 1148/1176/1499 1219/1247/1499
f 1148/1176/1500 1149/1177/1500 1219/1247/1500
f 1219/1247/1501 1149/1177/1501 1220/1248/1501
f 1149/1177/1502 1150/1178/1502 1220/1248/1502
f 1220/1248/1503 1150/1178/1503 1221/1249/1503
f 1150/1178/1504 1151/1179/1504 1221/1249/1504
f 1221/1249/1505 1151/1179/1505 1222/1250/1505
f 1151/1179/1506 1152/1180/1506 1222/1250/1506
f 1222/1250/1507 1152/1180/1507 1223/1251/1507
f 1152/1180/1508 1153/1181/1508 1223/1251/1508
f 1223/1251/1508 1153/1181/1508 1224/1252/1508
f 1153/1181/1509 1154/1182/1509 1224/1252/1509
f 1224/1252/1510 1154/1182/1510 1225/1253/1510
f 1154/1182/1511 1155/1183/1511 1225/1253/1511
f 1225/1253/1511 1155/1183/1511 1226/1254/1511
f 1155/1183/1512 1156/1184/1512 1226/1254/1512
f 1226/1254/1513 1156/1184/1513 1227/1255/1513
f 1156/1184/1514 1157/1185/1514 1227/1255/1514
f 1227/1255/1515 1157/1185/1515 1228/1256/1515
f 1157/1185/1516 1158/1186/1516 1228/1256/1516
f 1228/1256/1517 1158/1186/1517 1229/1257/1517
f 1158/1186/1518 1159/1187/1518 1229/1257/1518
f 1229/1257/1518 1159/1187/1518 1230/1258/1518
f 1159/1187/1519 1160/1188/1519 1230/1258/1519
f 1230/1258/1520 1160/1188/1520 1231/1259/1520
f 1160/1188/1521 1161/1189/1521 1231/1259/1521
f 1231/1259/1521 1161/1189/1521 1232/1260/1521
f 1161/1189/1522 1162/1190/1522 1232/1260/1522
f 1232/1260/1523 1162/1190/1523 1233/1261/1523
f 1162/1190/1524 1163/1191/1524 1233/1261/1524
f 1233/1261/1525 1163/1191/1525 1234/1262/1525
f 1163/1191/1526 1164/1192/1526 1234/1262/1526
f 1234/1262/1527 1164/1192/1527 1235/1263/1527
f 1164/1192/1528 1165/1193/1528 1235/1263/1528
f 1235/1263/1529 1165/1193/1529 1236/1264/1529
f 1165/1193/1530 1166/1194/1530 1236/1264/1530
f 1236/1264/1531 1166/1194/1531 1237/1265/1531
f 1166/1194/1532 1167/1195/1532 1237/1265/1532
f 1237/1265/1532 1167/1195/1532 1238/1266/1532
f 1167/1195/1533 1168/1196/1533 1238/1266/1533
f 1238/1266/1533 1168/1196/1533 1239/1267/1533
f 1168/1196/1534 1169/1197/1534 1239/1267/1534
f 1239/1267/1534 1169/1197/1534 1240/1268/1534
f 1169/1197/1535 1170/1198/1535 1240/1268/1535
f 1240/1268/1536 1170/1198/1536 1241/1269/1536
f 1170/1198/1537 1171/1199/1537 1241/1269/1537
f 1241/1269/1538 1171/1199/1538 1242/1270/1538
f 1171/1199/1539 1172/1200/1539 1242/1270/1539
f 1242/1270/1539 1172/1200/1539 1243/1271/1539
f 1172/1200/1540 1173/1201/1540 1243/1271/1540
f 1243/1271/1541 1173/1201/1541 1244/1272/1541
f 1173/1201/1542 1174/1202/1542 1244/1272/1542
f 1244/1272/1542 1174/1202/1542 1245/1273/1542
f 1174/1202/1543 1175/1203/1543 1245/1273/1543
f 1245/1273/1544 1175/1203/1544 1246/1274/1544
f 1175/1203/1545 1176/1204/1545 1246/1274/1545
f 1246/1274/1546 1176/1204/1546 1247/1275/1546
f 1176/1204/1547 1177/1205/1547 1247/1275/1547
f 1247/1275/1548 1177/1205/1548 1248/1276/1548
f 1177/1205/1549 1179/1207/1549 1248/1276/1549
f 1248/1276/1550 1179/1207/1550 1249/1277/1550
f 1179/1207/1551 1178/1206/1551 1249/1277/1551
f 1249/1277/1552 1178/1206/1552 1250/1278/1552
f 1178/1206/1553 1180/1208/1553 1250/1278/1553
f 1250/1278/1554 1180/1208/1554 1251/1279/1554
f 1180/1208/1555 1181/1209/1555 1251/1279/1555
f 1251/1279/1556 1181/1209/1556 1252/1280/1556
f 1181/1209/1557 1183/1211/1557 1252/1280/1557
f 1252/1280/1557 1183/1211/1557 1253/1281/1557
f 1183/1211/1558 1182/1210/1558 1253/1281/1558
f 1253/1281/1559 1182/1210/1559 1254/1282/1559
f 1182/1210/1560 1184/1212/1560 1254/1282/1560
f 1254/1282/1561 1184/1212/1561 1255/1283/1561
f 1184/1212/1562 1185/1213/1562 1255/1283/1562
f 1255/1283/1563 1185/1213/1563 1256/1284/1563
f 1185/1213/1564 1186/1214/1564 1256/1284/1564
f 1256/1284/1565 1186/1214/1565 1257/1285/1565
f 1186/1214/1566 1187/1215/1566 1257/1285/1566
f 1257/1285/1567 1187/1215/1567 1258/1286/1567
f 1187/1215/1568 1188/1216/1568 1258/1286/1568
f 1258/1286/1569 1188/1216/1569 1259/1287/1569
f 1188/1216/1570 1189/1217/1570 1259/1287/1570
f 1259/1287/1571 1189/1217/1571 1260/1288/1571
f 1189/1217/1572 1190/1218/1572 1260/1288/1572
f 1260/1288/1573 1190/1218/1573 1261/1289/1573
f 1190/1218/1574 1191/1219/1574 1261/1289/1574
f 1261/1289/1575 1191/1219/1575 1262/1290/1575
f 1191/1219/1576 1192/1220/1576 1262/1290/1576
f 1262/1290/1576 1192/1220/1576 1263/1291/1576
f 1192/1220/1577 1193/1221/1577 1263/1291/1577
f 1263/1291/1578 1193/1221/1578 1264/1292/1578
f 1193/1221/1579 1194/1222/1579 1264/1292/1579
f 1264/1292/1579 1194/1222/1579 1265/1293/1579
f 1194/1222/1580 1195/1223/1580 1265/1293/1580
f 1265/1293/1581 1195/1223/1581 1266/1294/1581
f 1195/1223/1582 1196/1224/1582 1266/1294/1582
f 1266/1294/1583 1196/1224/1583 1267/1295/1583
f 1196/1224/1584 1197/1225/1584 1267/1295/1584
f 1267/1295/1585 1197/1225/1585 1268/1296/1585
f 1197/1225/1586 1198/1226/1586 1268/1296/1586
f 1268/1296/1586 1198/1226/1586 1269/1297/1586
f 1198/1226/1587 1199/1227/1587 1269/1297/1587
f 1269/1297/1588 1199/1227/1588 1270/1298/1588
f 1199/1227/1589 1200/1228/1589 1270/1298/1589
f 1270/1298/1589 1200/1228/1589 1271/1299/1589
f 1200/1228/1590 1201/1229/1590 1271/1299/1590
f 1271/1299/1591 1201/1229/1591 1272/1300/1591
f 1201/1229/1592 1202/1230/1592 1272/1300/1592
f 1272/1300/1593 1202/1230/1593 1273/1301/1593
f 1202/1230/1594 1129/1157/1594 1273/1301/1594
f 1273/1301/1595 1129/1157/1595 1123/1151/1595
f 1129/1157/1596 1131/1159/1596 1123/1151/1596
f 1123/1151/1597 1131/1159/1597 1121/1149/1597
f 800/819/1598 1103/1130/1598 1105/1132/1598
f 1103/1130/1599 1203/1231/1599 1105/1132/1599
f 1105/1132/1600 1203/1231/1600 1274/1302/1600
f 1203/1231/1601 1204/1232/1601 1274/1302/1601
f 1274/1302/1602 1204/1232/1602 1275/1303/1602
f 1204/1232/1603 1205/1233/1603 1275/1303/1603
f 1275/1303/1603 1205/1233/1603 1276/1304/1603
f 1205/1233/1604 1206/1234/1604 1276/1304/1604
f 1276/1304/1604 1206/1234/1604 1277/1305/1604
f 1206/1234/1605 1207/1235/1605 1277/1305/1605
f 1277/1305/1606 1207/1235/1606 1278/1306/1606
f 1207/1235/1607 1208/1236/1607 1278/1306/1607
f 1278/1306/1607 1208/1236/1607 1279/1307/1607
f 1208/1236/1608 1209/1237/1608 1279/1307/1608
f 1279/1307/1608 1209/1237/1608 1280/1308/1608
f 1209/1237/1609 1210/1238/1609 1280/1308/1609
f 1280/1308/1610 1210/1238/1610 1281/1309/1610
f 1210/1238/1611 1211/1239/1611 1281/1309/1611
f 1281/1309/1611 1211/1239/1611 1282/1310/1611
f 1211/1239/1612 1212/1240/1612 1282/1310/1612
f 1282/1310/1612 1212/1240/1612 1283/1311/1612
f 1212/1240/1613 1213/1241/1613 1283/1311/1613
f 1283/1311/1613 1213/1241/1613 1284/1312/1613
f 1213/1241/1614 1214/1242/1614 1284/1312/1614
f 1284/1312/1615 1214/1242/1615 1285/1313/1615
f 1214/1242/1616 1215/1243/1616 1285/1313/1616
f 1285/1313/1616 1215/1243/1616 1286/1314/1616
f 1215/1243/1617 1216/1244/1617 1286/1314/1617
f 1286/1314/1617 1216/1244/1617 1287/1315/1617
f 1216/1244/1618 1217/1245/1618 1287/1315/1618
f 1287/1315/1618 1217/1245/1618 1288/1316/1618
f 1217/1245/1619 1218/1246/1619 1288/1316/1619
f 1288/1316/1620 1218/1246/1620 1289/1317/1620
f 1218/1246/1621 1219/1247/1621 1289/1317/1621
f 1289/1317/1621 1219/1247/1621 1290/1318/1621
f 1219/1247/1622 1220/1248/1622 1290/1318/1622
f 1290/1318/1622 1220/1248/1622 1291/1319/1622
f 1220/1248/1623 1221/1249/1623 1291/1319/1623
f 1291/1319/1623 1221/1249/1623 1292/1320/1623
f 1221/1249/1624 1222/1250/1624 1292/1320/1624
f 1292/1320/1624 1222/1250/1624 1293/1321/1624
f 1222/1250/1625 1223/1251/1625 1293/1321/1625
f 1293/1321/1625 1223/1251/1625 1294/1322/1625
f 1223/1251/1626 1224/1252/1626 1294/1322/1626
f 1294/1322/1626 1224/1252/1626 1295/1323/1626
f 1224/1252/1627 1225/1253/1627 1295/1323/1627
f 1295/1323/1628 1225/1253/1628 1296/1324/1628
f 1225/1253/1629 1226/1254/1629 1296/1324/1629
f 1296/1324/1630 1226/1254/1630 1297/1325/1630
f 1226/1254/1631 1227/1255/1631 1297/1325/1631
f 1297/1325/1631 1227/1255/1631 1298/1326/1631
f 1227/1255/1632 1228/1256/1632 1298/1326/1632
f 1298/1326/1632 1228/1256/1632 1299/1327/1632
f 1228/1256/1633 1229/1257/1633 1299/1327/1633
f 1299/1327/1633 1229/1257/1633 1300/1328/1633
f 1229/1257/1634 1230/1258/1634 1300/1328/1634
f 1300/1328/1635 1230/1258/1635 1301/1329/1635
f 1230/1258/1636 1231/1259/1636 1301/1329/1636
f 1301/1329/1636 1231/1259/1636 1302/1330/1636
f 1231/1259/1637 1232/1260/1637 1302/1330/1637
f 1302/1330/1637 1232/1260/1637 1303/1331/1637
f 1232/1260/1638 1233/1261/1638 1303/1331/1638
f 1303/1331/1638 1233/1261/1638 1304/1332/1638
f 1233/1261/1639 1234/1262/1639 1304/1332/1639
f 1304/1332/1640 1234/1262/1640 1305/1333/1640
f 1234/1262/1641 1235/1263/1641 1305/1333/1641
f 1305/1333/1641 1235/1263/1641 1306/1334/1641
f 1235/1263/1642 1236/1264/1642 1306/1334/1642
f 1306/1334/1642 1236/1264/1642 1307/1335/1642
f 1236/1264/1643 1237/1265/1643 1307/1335/1643
f 1307/1335/1643 1237/1265/1643 1308/1336/1643
f 1237/1265/1644 1238/1266/1644 1308/1336/1644
f 1308/1336/1645 1238/1266/1645 1309/1337/1645
f 1238/1266/1646 1239/1267/1646 1309/1337/1646
f 1309/1337/1647 1239/1267/1647 1310/1338/1647
f 1239/1267/1648 1240/1268/1648 1310/1338/1648
f 1310/1338/1648 1240/1268/1648 1311/1339/1648
f 1240/1268/1649 1241/1269/1649 1311/1339/1649
f 1311/1339/1649 1241/1269/1649 1312/1340/1649
f 1241/1269/1650 1242/1270/1650 1312/1340/1650
f 1312/1340/1650 1242/1270/1650 1313/1341/1650
f 1242/1270/1651 1243/1271/1651 1313/1341/1651
f 1313/1341/1652 1243/1271/1652 1314/1342/1652
f 1243/1271/1653 1244/1272/1653 1314/1342/1653
f 1314/1342/1654 1244/1272/1654 1315/1343/1654
f 1244/1272/1655 1245/1273/1655 1315/1343/1655
f 1315/1343/1656 1245/1273/1656 1316/1344/1656
f 1245/1273/1657 1246/1274/1657 1316/1344/1657
f 1316/1344/1657 1246/1274/1657 1317/1345/1657
f 1246/1274/1658 1247/1275/1658 1317/1345/1658
f 1317/1345/1658 1247/1275/1658 1318/1346/1658
f 1247/1275/1659 1248/1276/1659 1318/1346/1659
f 1318/1346/1659 1248/1276/1659 1319/1347/1659
f 1248/1276/1660 1249/1277/1660 1319/1347/1660
f 1319/1347/1661 1249/1277/1661 1320/1348/1661
f 1249/1277/1662 1250/1278/1662 1320/1348/1662
f 1320/1348/1662 1250/1278/1662 1321/1349/1662
f 1250/1278/1663 1251/1279/1663 1321/1349/1663
f 1321/1349/1663 1251/1279/1663 1322/1350/1663
f 1251/1279/1664 1252/1280/1664 1322/1350/1664
f 1322/1350/1664 1252/1280/1664 1323/1351/1664
f 1252/1280/1665 1253/1281/1665 1323/1351/1665
f 1323/1351/1666 1253/1281/1666 1324/1352/1666
f 1253/1281/1667 1254/1282/1667 1324/1352/1667
f 1324/1352/1667 1254/1282/1667 1325/1353/1667
f 1254/1282/1668 1255/1283/1668 1325/1353/1668
f 1325/1353/1668 1255/1283/1668 1326/1354/1668
f 1255/1283/1669 1256/1284/1669 1326/1354/1669
f 1326/1354/1669 1256/1284/1669 1327/1355/1669
f 1256/1284/1670 1257/1285/1670 1327/1355/1670
f 1327/1355/1670 1257/1285/1670 1328/1356/1670
f 1257/1285/1671 1258/1286/1671 1328/1356/1671
f 1328/1356/1671 1258/1286/1671 1329/1357/1671
f 1258/1286/1672 1259/1287/1672 1329/1357/1672
f 1329/1357/1672 1259/1287/1672 1330/1358/1672
f 1259/1287/1673 1260/1288/1673 1330/1358/1673
f 1330/1358/1673 1260/1288/1673 1331/1359/1673
f 1260/1288/1674 1261/1289/1674 1331/1359/1674
f 1331/1359/1675 1261/1289/1675 1332/1360/1675
f 1261/1289/1676 1262/1290/1676 1332/1360/1676
f 1332/1360/1677 1262/1290/1677 1333/1361/1677
f 1262/1290/1678 1263/1291/1678 1333/1361/1678
f 1333/1361/1679 1263/1291/1679 1334/1362/1679
f 1263/1291/1680 1264/1292/1680 1334/1362/1680
f 1334/1362/1681 1264/1292/1681 1335/1363/1681
f 1264/1292/1682 1265/1293/1682 1335/1363/1682
f 1335/1363/1683 1265/1293/1683 1336/1364/1683
f 1265/1293/1684 1266/1294/1684 1336/1364/1684
f 1336/1364/1684 1266/1294/1684 1337/1365/1684
f 1266/1294/1685 1267/1295/1685 1337/1365/1685
f 1337/1365/1685 1267/1295/1685 1338/1366/1685
f 1267/1295/1686 1268/1296/1686 1338/1366/1686
f 1338/1366/1686 1268/1296/1686 1339/1367/1686
f 1268/1296/1687 1269/1297/1687 1339/1367/1687
f 1339/1367/1688 1269/1297/1688 1340/1368/1688
f 1269/1297/1689 1270/1298/1689 1340/1368/1689
f 1340/1368/1689 1270/1298/1689 1341/1369/1689
f 1270/1298/1690 1271/1299/1690 1341/1369/1690
f 1341/1369/1691 1271/1299/1691 1342/1370/1691
f 1271/1299/1692 1272/1300/1692 1342/1370/1692
f 1342/1370/1692 1272/1300/1692 1343/1371/1692
f 1272/1300/1693 1273/1301/1693 1343/1371/1693
f 1343/1371/1693 1273/1301/1693 1344/1372/1693
f 1273/1301/1694 1123/1151/1694 1344/1372/1694
f 1344/1372/1695 1123/1151/1695 1118/1146/1695
f 1123/1151/1696 1126/1154/1696 1118/1146/1696
f 1118/1146/1697 1126/1154/1697 1116/1144/1697
f 787/793/1698 1105/1132/1698 1106/1134/1698
f 1105/1132/1699 1274/1302/1699 1106/1134/1699
f 1106/1134/1700 1274/1302/1700 1345/1373/1700
f 1274/1302/1701 1275/1303/1701 1345/1373/1701
f 1345/1373/1702 1275/1303/1702 1346/1374/1702
f 1275/1303/1703 1276/1304/1703 1346/1374/1703
f 1346/1374/1704 1276/1304/1704 1347/1375/1704
f 1276/1304/1705 1277/1305/1705 1347/1375/1705
f 1347/1375/1706 1277/1305/1706 1348/1376/1706
f 1277/1305/1707 1278/1306/1707 1348/1376/1707
f 1348/1376/1708 1278/1306/1708 1349/1377/1708
f 1278/1306/1709 1279/1307/1709 1349/1377/1709
f 1349/1377/1710 1279/1307/1710 1350/1378/1710
f 1279/1307/1711 1280/1308/1711 1350/1378/1711
f 1350/1378/1712 1280/1308/1712 1351/1379/1712
f 1280/1308/1713 1281/1309/1713 1351/1379/1713
f 1351/1379/1714 1281/1309/1714 1352/1380/1714
f 1281/1309/1715 1282/1310/1715 1352/1380/1715
f 1352/1380/1716 1282/1310/1716 1353/1381/1716
f 1282/1310/1717 1283/1311/1717 1353/1381/1717
f 1353/1381/1717 1283/1311/1717 1354/1382/1717
f 1283/1311/1718 1284/1312/1718 1354/1382/1718
f 1354/1382/1719 1284/1312/1719 1355/1383/1719
f 1284/1312/1720 1285/1313/1720 1355/1383/1720
f 1355/1383/1721 1285/1313/1721 1356/1384/1721
f 1285/1313/1722 1286/1314/1722 1356/1384/1722
f 1356/1384/1723 1286/1314/1723 1357/1385/1723
f 1286/1314/1724 1287/1315/1724 1357/1385/1724
f 1357/1385/1725 1287/1315/1725 1358/1386/1725
f 1287/1315/1726 1288/1316/1726 1358/1386/1726
f 1358/1386/1727 1288/1316/1727 1359/1387/1727
f 1288/1316/1728 1289/1317/1728 1359/1387/1728
f 1359/1387/1729 1289/1317/1729 1360/1388/1729
f 1289/1317/1730 1290/1318/1730 1360/1388/1730
f 1360/1388/1731 1290/1318/1731 1361/1389/1731
f 1290/1318/1732 1291/1319/1732 1361/1389/1732
f 1361/1389/1732 1291/1319/1732 1362/1390/1732
f 1291/1319/1733 1292/1320/1733 1362/1390/1733
f 1362/1390/1734 1292/1320/1734 1363/1391/1734
f 1292/1320/1735 1293/1321/1735 1363/1391/1735
f 1363/1391/1736 1293/1321/1736 1364/1392/1736
f 1293/1321/1737 1294/1322/1737 1364/1392/1737
f 1364/1392/1738 1294/1322/1738 1365/1393/1738
f 1294/1322/1739 1295/1323/1739 1365/1393/1739
f 1365/1393/1740 1295/1323/1740 1366/1394/1740
f 1295/1323/1741 1296/1324/1741 1366/1394/1741
f 1366/1394/1742 1296/1324/1742 1367/1395/1742
f 1296/1324/1743 1297/1325/1743 1367/1395/1743
f 1367/1395/1744 1297/1325/1744 1368/1396/1744
f 1297/1325/1745 1298/1326/1745 1368/1396/1745
f 1368/1396/1746 1298/1326/1746 1369/1397/1746
f 1298/1326/1747 1299/1327/1747 1369/1397/1747
f 1369/1397/1748 1299/1327/1748 1370/1398/1748
f 1299/1327/1749 1300/1328/1749 1370/1398/1749
f 1370/1398/1750 1300/1328/1750 1371/1399/1750
f 1300/1328/1751 1301/1329/1751 1371/1399/1751
f 1371/1399/1752 1301/1329/1752 1372/1400/1752
f 1301/1329/1753 1302/1330/1753 1372/1400/1753
f 1372/1400/1754 1302/1330/1754 1373/1401/1754
f 1302/1330/1755 1303/1331/1755 1373/1401/1755
f 1373/1401/1755 1303/1331/1755 1374/1402/1755
f 1303/1331/1756 1304/1332/1756 1374/1402/1756
f 1374/1402/1757 1304/1332/1757 1375/1403/1757
f 1304/1332/1758 1305/1333/1758 1375/1403/1758
f 1375/1403/1759 1305/1333/1759 1376/1404/1759
f 1305/1333/1760 1306/1334/1760 1376/1404/1760
f 1376/1404/1761 1306/1334/1761 1377/1405/1761
f 1306/1334/1762 1307/1335/1762 1377/1405/1762
f 1377/1405/1763 1307/1335/1763 1378/1406/1763
f 1307/1335/1764 1308/1336/1764 1378/1406/1764
f 1378/1406/1765 1308/1336/1765 1379/1407/1765
f 1308/1336/1766 1309/1337/1766 1379/1407/1766
f 1379/1407/1767 1309/1337/1767 1380/1408/1767
f 1309/1337/1768 1310/1338/1768 1380/1408/1768
f 1380/1408/1769 1310/1338/1769 1381/1409/1769
f 1310/1338/1770 1311/1339/1770 1381/1409/1770
f 1381/1409/1771 1311/1339/1771 1382/1410/1771
f 1311/1339/1772 1312/1340/1772 1382/1410/1772
f 1382/1410/1773 1312/1340/1773 1383/1411/1773
f 1312/1340/1774 1313/1341/1774 1383/1411/1774
f 1383/1411/1775 1313/1341/1775 1384/1412/1775
f 1313/1341/1776 1314/1342/1776 1384/1412/1776
f 1384/1412/1777 1314/1342/1777 1385/1413/1777
f 1314/1342/1778 1315/1343/1778 1385/1413/1778
f 1385/1413/1779 1315/1343/1779 1386/1414/1779
f 1315/1343/1780 1316/1344/1780 1386/1414/1780
f 1386/1414/1781 1316/1344/1781 1387/1415/1781
f 1316/1344/1782 1317/1345/1782 1387/1415/1782
f 1387/1415/1783 1317/1345/1783 1388/1416/1783
f 1317/1345/1784 1318/1346/1784 1388/1416/1784
f 1388/1416/1784 1318/1346/1784 1389/1417/1784
f 1318/1346/1785 1319/1347/1785 1389/1417/1785
f 1389/1417/1786 1319/1347/1786 1390/1418/1786
f 1319/1347/1787 1320/1348/1787 1390/1418/1787
f 1390/1418/1788 1320/1348/1788 1391/1419/1788
f 1320/1348/1789 1321/1349/1789 1391/1419/1789
f 1391/1419/1790 1321/1349/1790 1392/1420/1790
f 1321/1349/1791 1322/1350/1791 1392/1420/1791
f 1392/1420/1792 1322/1350/1792 1393/1421/1792
f 1322/1350/1793 1323/1351/1793 1393/1421/1793
f 1393/1421/1794 1323/1351/1794 1394/1422/1794
f 1323/1351/1795 1324/1352/1795 1394/1422/1795
f 1394/1422/1796 1324/1352/1796 1395/1423/1796
f 1324/1352/1797 1325/1353/1797 1395/1423/1797
f 1395/1423/1798 1325/1353/1798 1396/1424/1798
f 1325/1353/1799 1326/1354/1799 1396/1424/1799
f 1396/1424/1800 1326/1354/1800 1397/1425/1800
f 1326/1354/1801 1327/1355/1801 1397/1425/1801
f 1397/1425/1802 1327/1355/1802 1398/1426/1802
f 1327/1355/1803 1328/1356/1803 1398/1426/1803
f 1398/1426/1803 1328/1356/1803 1399/1427/1803
f 1328/1356/1804 1329/1357/1804 1399/1427/1804
f 1399/1427/1805 1329/1357/1805 1400/1428/1805
f 1329/1357/1806 1330/1358/1806 1400/1428/1806
f 1400/1428/1807 1330/1358/1807 1401/1429/1807
f 1330/1358/1808 1331/1359/1808 1401/1429/1808
f 1401/1429/1809 1331/1359/1809 1402/1430/1809
f 1331/1359/1810 1332/1360/1810 1402/1430/1810
f 1402/1430/1811 1332/1360/1811 1403/1431/1811
f 1332/1360/1812 1333/1361/1812 1403/1431/1812
f 1403/1431/1813 1333/1361/1813 1404/1432/1813
f 1333/1361/1814 1334/1362/1814 1404/1432/1814
f 1404/1432/1815 1334/1362/1815 1405/1433/1815
f 1334/1362/1816 1335/1363/1816 1405/1433/1816
f 1405/1433/1817 1335/1363/1817 1406/1434/1817
f 1335/1363/1818 1336/1364/1818 1406/1434/1818
f 1406/1434/1819 1336/1364/1819 1407/1435/1819
f 1336/1364/1820 1337/1365/1820 1407/1435/1820
f 1407/1435/1821 1337/1365/1821 1408/1436/1821
f 1337/1365/1822 1338/1366/1822 1408/1436/1822
f 1408/1436/1823 1338/1366/1823 1409/1437/1823
f 1338/1366/1824 1339/1367/1824 1409/1437/1824
f 1409/1437/1825 1339/1367/1825 1410/1438/1825
f 1339/1367/1826 1340/1368/1826 1410/1438/1826
f 1410/1438/1827 1340/1368/1827 1411/1439/1827
f 1340/1368/1828 1341/1369/1828 1411/1439/1828
f 1411/1439/1829 1341/1369/1829 1412/1440/1829
f 1341/1369/1830 1342/1370/1830 1412/1440/1830
f 1412/1440/1831 1342/1370/1831 1413/1441/1831
f 1342/1370/1832 1343/1371/1832 1413/1441/1832
f 1413/1441/1833 1343/1371/1833 1414/1442/1833
f 1343/1371/1834 1344/1372/1834 1414/1442/1834
f 1414/1442/1835 1344/1372/1835 1415/1443/1835
f 1344/1372/1836 1118/1146/1836 1415/1443/1836
f 1415/1443/1837 1118/1146/1837 1111/1139/1837
f 1118/1146/1838 1120/1148/1838 1111/1139/1838
f 1111/1139/1839 1120/1148/1839 1109/1137/1839
f 784/787/1840 1106/1134/1840 94/94/1840
f 1106/1134/1841 1345/1373/1841 94/94/1841
f 94/94/1842 1345/1373/1842 96/96/1842
f 1345/1373/1843 1346/1374/1843 96/96/1843
f 96/96/1844 1346/1374/1844 98/98/1844
f 1346/1374/1845 1347/1375/1845 98/98/1845
f 98/98/1846 1347/1375/1846 99/99/1846
f 1347/1375/1847 1348/1376/1847 99/99/1847
f 99/99/1848 1348/1376/1848 45/43/1848
f 1348/1376/1849 1349/1377/1849 45/43/1849
f 45/43/1850 1349/1377/1850 47/45/1850
f 1349/1377/1851 1350/1378/1851 47/45/1851
f 47/45/1852 1350/1378/1852 49/47/1852
f 1350/1378/1853 1351/1379/1853 49/47/1853
f 49/47/1854 1351/1379/1854 51/49/1854
f 1351/1379/1855 1352/1380/1855 51/49/1855
f 51/49/1856 1352/1380/1856 53/51/1856
f 1352/1380/1857 1353/1381/1857 53/51/1857
f 53/51/1858 1353/1381/1858 66/64/1858
f 1353/1381/1859 1354/1382/1859 66/64/1859
f 66/64/1859 1354/1382/1859 67/65/1859
f 1354/1382/1860 1355/1383/1860 67/65/1860
f 67/65/1861 1355/1383/1861 69/67/1861
f 1355/1383/1862 1356/1384/1862 69/67/1862
f 69/67/1863 1356/1384/1863 71/69/1863
f 1356/1384/1864 1357/1385/1864 71/69/1864
f 71/69/1865 1357/1385/1865 115/115/1865
f 1357/1385/1866 1358/1386/1866 115/115/1866
f 115/115/1867 1358/1386/1867 116/116/1867
f 1358/1386/1868 1359/1387/1868 116/116/1868
f 116/116/1869 1359/1387/1869 118/118/1869
f 1359/1387/1870 1360/1388/1870 118/118/1870
f 118/118/1871 1360/1388/1871 120/120/1871
f 1360/1388/1872 1361/1389/1872 120/120/1872
f 120/120/1873 1361/1389/1873 178/178/1873
f 1361/1389/1874 1362/1390/1874 178/178/1874
f 178/178/1875 1362/1390/1875 179/179/1875
f 1362/1390/1876 1363/1391/1876 179/179/1876
f 179/179/1877 1363/1391/1877 181/181/1877
f 1363/1391/1878 1364/1392/1878 181/181/1878
f 181/181/1879 1364/1392/1879 183/183/1879
f 1364/1392/1880 1365/1393/1880 183/183/1880
f 183/183/1881 1365/1393/1881 185/185/1881
f 1365/1393/1882 1366/1394/1882 185/185/1882
f 185/185/1883 1366/1394/1883 187/187/1883
f 1366/1394/1884 1367/1395/1884 187/187/1884
f 187/187/1885 1367/1395/1885 189/189/1885
f 1367/1395/1886 1368/1396/1886 189/189/1886
f 189/189/1887 1368/1396/1887 170/170/1887
f 1368/1396/1888 1369/1397/1888 170/170/1888
f 170/170/1889 1369/1397/1889 169/169/1889
f 1369/1397/1890 1370/1398/1890 169/169/1890
f 169/169/1891 1370/1398/1891 167/167/1891
f 1370/1398/1892 1371/1399/1892 167/167/1892
f 167/167/1893 1371/1399/1893 165/165/1893
f 1371/1399/1894 1372/1400/1894 165/165/1894
f 165/165/1894 1372/1400/1894 163/163/1894
f 1372/1400/1895 1373/1401/1895 163/163/1895
f 163/163/1896 1373/1401/1896 175/175/1896
f 1373/1401/1897 1374/1402/1897 175/175/1897
f 175/175/1897 1374/1402/1897 173/173/1897
f 1374/1402/1898 1375/1403/1898 173/173/1898
f 173/173/1899 1375/1403/1899 130/130/1899
f 1375/1403/1900 1376/1404/1900 130/130/1900
f 130/130/1901 1376/1404/1901 129/129/1901
f 1376/1404/1902 1377/1405/1902 129/129/1902
f 129/129/1903 1377/1405/1903 127/127/1903
f 1377/1405/1904 1378/1406/1904 127/127/1904
f 127/127/1905 1378/1406/1905 125/125/1905
f 1378/1406/1906 1379/1407/1906 125/125/1906
f 125/125/1907 1379/1407/1907 114/114/1907
f 1379/1407/1908 1380/1408/1908 114/114/1908
f 114/114/1909 1380/1408/1909 112/112/1909
f 1380/1408/1910 1381/1409/1910 112/112/1910
f 112/112/1911 1381/1409/1911 110/110/1911
f 1381/1409/1912 1382/1410/1912 110/110/1912
f 110/110/1913 1382/1410/1913 108/108/1913
f 1382/1410/1914 1383/1411/1914 108/108/1914
f 108/108/1915 1383/1411/1915 106/106/1915
f 1383/1411/1916 1384/1412/1916 106/106/1916
f 106/106/1917 1384/1412/1917 104/104/1917
f 1384/1412/1918 1385/1413/1918 104/104/1918
f 104/104/1919 1385/1413/1919 102/102/1919
f 1385/1413/1920 1386/1414/1920 102/102/1920
f 102/102/1921 1386/1414/1921 100/100/1921
f 1386/1414/1922 1387/1415/1922 100/100/1922
f 100/100/1923 1387/1415/1923 65/63/1923
f 1387/1415/1924 1388/1416/1924 65/63/1924
f 65/63/1925 1388/1416/1925 63/61/1925
f 1388/1416/1926 1389/1417/1926 63/61/1926
f 63/61/1927 1389/1417/1927 61/59/1927
f 1389/1417/1928 1390/1418/1928 61/59/1928
f 61/59/1929 1390/1418/1929 59/57/1929
f 1390/1418/1930 1391/1419/1930 59/57/1930
f 59/57/1931 1391/1419/1931 57/55/1931
f 1391/1419/1932 1392/1420/1932 57/55/1932
f 57/55/1933 1392/1420/1933 77/75/1933
f 1392/1420/1934 1393/1421/1934 77/75/1934
f 77/75/1935 1393/1421/1935 78/76/1935
f 1393/1421/1936 1394/1422/1936 78/76/1936
f 78/76/1937 1394/1422/1937 80/78/1937
f 1394/1422/1938 1395/1423/1938 80/78/1938
f 80/78/1939 1395/1423/1939 82/80/1939
f 1395/1423/1940 1396/1424/1940 82/80/1940
f 82/80/1941 1396/1424/1941 144/144/1941
f 1396/1424/1942 1397/1425/1942 144/144/1942
f 144/144/1943 1397/1425/1943 145/145/1943
f 1397/1425/1944 1398/1426/1944 145/145/1944
f 145/145/1945 1398/1426/1945 147/147/1945
f 1398/1426/1946 1399/1427/1946 147/147/1946
f 147/147/1947 1399/1427/1947 149/149/1947
f 1399/1427/1948 1400/1428/1948 149/149/1948
f 149/149/1949 1400/1428/1949 151/151/1949
f 1400/1428/1950 1401/1429/1950 151/151/1950
f 151/151/1951 1401/1429/1951 153/153/1951
f 1401/1429/1952 1402/1430/1952 153/153/1952
f 153/153/1953 1402/1430/1953 155/155/1953
f 1402/1430/1954 1403/1431/1954 155/155/1954
f 155/155/1955 1403/1431/1955 157/157/1955
f 1403/1431/1956 1404/1432/1956 157/157/1956
f 157/157/1957 1404/1432/1957 162/162/1957
f 1404/1432/1958 1405/1433/1958 162/162/1958
f 162/162/1959 1405/1433/1959 161/161/1959
f 1405/1433/1960 1406/1434/1960 161/161/1960
f 161/161/1961 1406/1434/1961 143/143/1961
f 1406/1434/1962 1407/1435/1962 143/143/1962
f 143/143/1963 1407/1435/1963 141/141/1963
f 1407/1435/1964 1408/1436/1964 141/141/1964
f 141/141/1965 1408/1436/1965 139/139/1965
f 1408/1436/1966 1409/1437/1966 139/139/1966
f 139/139/1967 1409/1437/1967 137/137/1967
f 1409/1437/1968 1410/1438/1968 137/137/1968
f 137/137/1969 1410/1438/1969 135/135/1969
f 1410/1438/1970 1411/1439/1970 135/135/1970
f 135/135/1970 1411/1439/1970 133/133/1970
f 1411/1439/1971 1412/1440/1971 133/133/1971
f 133/133/1972 1412/1440/1972 74/72/1972
f 1412/1440/1973 1413/1441/1973 74/72/1973
f 74/72/1974 1413/1441/1974 75/73/1974
f 1413/1441/1975 1414/1442/1975 75/73/1975
f 75/73/1976 1414/1442/1976 86/84/1976
f 1414/1442/1977 1415/1443/1977 86/84/1977
f 86/84/1978 1415/1443/1978 88/86/1978
f 1415/1443/1979 1111/1139/1979 88/86/1979
f 88/86/1980 1111/1139/1980 90/88/1980
f 1111/1139/1981 1115/1143/1981 90/88/1981
f 90/88/1982 1115/1143/1982 1108/1136/1982
f 1416/1444/3 1417/1445/3 2245/1446/3 2244/1447/3
f 1418/1448/3 1419/1449/3 1420/1450/3
f 1419/1449/3 1421/1451/3 1420/1450/3
f 1420/1450/3 1421/1451/3 1422/1452/3
f 1421/1451/3 1423/1453/3 1422/1452/3
f 1422/1452/3 1423/1453/3 1424/1454/3
f 1423/1453/3 1425/1455/3 1424/1454/3
f 1424/1454/3 1425/1455/3 1426/1456/3
f 1425/1455/3 1427/1457/3 1426/1456/3
f 1426/1456/3 1427/1457/3 1428/1458/3
f 1429/1459/3 1430/1460/3 1431/1461/3
f 1430/1460/3 1432/1462/3 1431/1461/3
f 1431/1461/3 1432/1462/3 1433/1463/3
f 1432/1462/3 1434/1464/3 1433/1463/3
f 1433/1463/3 1434/1464/3 1435/1465/3
f 1434/1464/3 1436/1466/3 1435/1465/3
f 1435/1465/3 1436/1466/3 1437/1467/3
f 1436/1466/3 1438/1468/3 1437/1467/3
f 1437/1467/3 1438/1468/3 1439/1469/3
f 1440/1470/3 1441/1471/3 1442/1472/3
f 1431/1461/3 1443/1473/3 1429/1459/3
f 1443/1473/3 1444/1474/3 1429/1459/3
f 1429/1459/3 1444/1474/3 1445/1475/3
f 1444/1474/3 1446/1476/3 1445/1475/3
f 1445/1475/3 1446/1476/3 1447/1477/3
f 1446/1476/3 1448/1478/3 1447/1477/3
f 1447/1477/3 1448/1478/3 1449/1479/3
f 1448/1478/3 1450/1480/3 1449/1479/3
f 1427/1457/3 1451/1481/3 1428/1458/3
f 1451/1481/3 1452/1482/3 1428/1458/3
f 1428/1458/3 1452/1482/3 1453/1483/3
f 1452/1482/3 1454/1484/3 1453/1483/3
f 1453/1483/3 1454/1484/3 1455/1485/3
f 1454/1484/3 1456/1486/3 1455/1485/3
f 1455/1485/3 1456/1486/3 1457/1487/3
f 1456/1486/3 1458/1488/3 1457/1487/3
f 1442/1472/3 1441/1471/3 1459/1489/3
f 1441/1471/3 1460/1490/3 1459/1489/3
f 1459/1489/3 1460/1490/3 1461/1491/3
f 1460/1490/3 1462/1492/3 1461/1491/3
f 1461/1491/3 1462/1492/3 1463/1493/3
f 1462/1492/3 1464/1494/3 1463/1493/3
f 1463/1493/3 1464/1494/3 1465/1495/3
f 1464/1494/3 1417/1445/3 1465/1495/3
f 1465/1495/3 1417/1445/3 1466/1496/3
f 1417/1445/3 1416/1444/3 1466/1496/3
f 1466/1496/3 1416/1444/3 1467/1497/3
f 1416/1444/3 1468/1498/3 1467/1497/3
f 1467/1497/3 1468/1498/3 1469/1499/3
f 1468/1498/3 1470/1500/3 1469/1499/3
f 1469/1499/3 1470/1500/3 1471/1501/3
f 1470/1500/3 1472/1502/3 1471/1501/3
f 1471/1501/3 1472/1502/3 1418/1448/3
f 1472/1502/3 1473/1503/3 1418/1448/3
f 1418/1448/3 1473/1503/3 1419/1449/3
f 1456/1486/3 1474/1504/3 1458/1488/3
f 1474/1504/3 1475/1505/3 1458/1488/3
f 1458/1488/3 1475/1505/3 1476/1506/3
f 1475/1505/3 1477/1507/3 1476/1506/3
f 1476/1506/3 1477/1507/3 1478/1508/3
f 1477/1507/3 1479/1509/3 1478/1508/3
f 1478/1508/3 1479/1509/3 1480/1510/3
f 1479/1509/3 1481/1511/3 1480/1510/3
f 1439/1469/3 1438/1468/3 1482/1512/3
f 1438/1468/3 1483/1513/3 1482/1512/3
f 1482/1512/3 1483/1513/3 1484/1514/3
f 1483/1513/3 1485/1515/3 1484/1514/3
f 1484/1514/3 1485/1515/3 1486/1516/3
f 1485/1515/3 1487/1517/3 1486/1516/3
f 1486/1516/3 1487/1517/3 1488/1518/3
f 1487/1517/3 1489/1519/3 1488/1518/3
f 1488/1518/3 1489/1519/3 1490/1520/3
f 1489/1519/3 1491/1521/3 1490/1520/3
f 1490/1520/3 1491/1521/3 1492/1522/3
f 1491/1521/3 1493/1523/3 1492/1522/3
f 1492/1522/3 1493/1523/3 1494/1524/3
f 1493/1523/3 1495/1525/3 1494/1524/3
f 1494/1524/3 1495/1525/3 1496/1526/3
f 1442/1472/3 1497/1527/3 1440/1470/3
f 1497/1527/3 1498/1528/3 1440/1470/3
f 1440/1470/3 1498/1528/3 1499/1529/3
f 1498/1528/3 1500/1530/3 1499/1529/3
f 1499/1529/3 1500/1530/3 1501/1531/3
f 1500/1530/3 1502/1532/3 1501/1531/3
f 1501/1531/3 1502/1532/3 1503/1533/3
f 1502/1532/3 1504/1534/3 1503/1533/3
f 1503/1533/3 1504/1534/3 1505/1535/3
f 1504/1534/3 1506/1536/3 1505/1535/3
f 1505/1535/3 1506/1536/3 1507/1537/3
f 1506/1536/3 1508/1538/3 1507/1537/3
f 1507/1537/3 1508/1538/3 1509/1539/3
f 1495/1525/3 1510/1540/3 1496/1526/3
f 1510/1540/3 1511/1541/3 1496/1526/3
f 1496/1526/3 1511/1541/3 1512/1542/3
f 1511/1541/3 1513/1543/3 1512/1542/3
f 1512/1542/3 1513/1543/3 1514/1544/3
f 1513/1543/3 1515/1545/3 1514/1544/3
f 1514/1544/3 1515/1545/3 1516/1546/3
f 1515/1545/3 1517/1547/3 1516/1546/3
f 1448/1478/3 1518/1548/3 1450/1480/3
f 1518/1548/3 1519/1549/3 1450/1480/3
f 1450/1480/3 1519/1549/3 1520/1550/3
f 1519/1549/3 1521/1551/3 1520/1550/3
f 1520/1550/3 1521/1551/3 1522/1552/3
f 1521/1551/3 1523/1553/3 1522/1552/3
f 1522/1552/3 1523/1553/3 1524/1554/3
f 1523/1553/3 1525/1555/3 1524/1554/3
f 1524/1554/3 1525/1555/3 1526/1556/3
f 1525/1555/3 1527/1557/3 1526/1556/3
f 1526/1556/3 1527/1557/3 1528/1558/3
f 1527/1557/3 1529/1559/3 1528/1558/3
f 1528/1558/3 1529/1559/3 1530/1560/3
f 1529/1559/3 1531/1561/3 1530/1560/3
f 1530/1560/3 1531/1561/3 1532/1562/3
f 1508/1538/3 1533/1563/3 1509/1539/3
f 1533/1563/3 1534/1564/3 1509/1539/3
f 1509/1539/3 1534/1564/3 1535/1565/3
f 1534/1564/3 1532/1562/3 1535/1565/3
f 1535/1565/3 1532/1562/3 1536/1566/3
f 1532/1562/3 1531/1561/3 1536/1566/3
f 1537/1567/3 1538/1568/3 1539/1569/3
f 1538/1568/3 1540/1570/3 1539/1569/3
f 1539/1569/3 1540/1570/3 1541/1571/3
f 1540/1570/3 1542/1572/3 1541/1571/3
f 1541/1571/3 1542/1572/3 1543/1573/3
f 1542/1572/3 1544/1574/3 1543/1573/3
f 1515/1545/3 1545/1575/3 1517/1547/3
f 1545/1575/3 1546/1576/3 1517/1547/3
f 1517/1547/3 1546/1576/3 1547/1577/3
f 1546/1576/3 1548/1578/3 1547/1577/3
f 1547/1577/3 1548/1578/3 1549/1579/3
f 1548/1578/3 1550/1580/3 1549/1579/3
f 1549/1579/3 1550/1580/3 1537/1567/3
f 1550/1580/3 1551/1581/3 1537/1567/3
f 1537/1567/3 1551/1581/3 1538/1568/3
f 1479/1509/3 1552/1582/3 1481/1511/3
f 1552/1582/3 1553/1583/3 1481/1511/3
f 1481/1511/3 1553/1583/3 1554/1584/3
f 1553/1583/3 1555/1585/3 1554/1584/3
f 1554/1584/3 1555/1585/3 1556/1586/3
f 1555/1585/3 1557/1587/3 1556/1586/3
f 1556/1586/3 1557/1587/3 1558/1588/3
f 1557/1587/3 1559/1589/3 1558/1588/3
f 1558/1588/3 1559/1589/3 1560/1590/3
f 1559/1589/3 1561/1591/3 1560/1590/3
f 1560/1590/3 1561/1591/3 1562/1592/3
f 1561/1591/3 1563/1593/3 1562/1592/3
f 1562/1592/3 1563/1593/3 1564/1594/3
f 1563/1593/3 1544/1574/3 1564/1594/3
f 1564/1594/3 1544/1574/3 1565/1595/3
f 1544/1574/3 1542/1572/3 1565/1595/3
f 386/386/3 232/232/3 393/393/3
f 232/232/3 1566/1596/3 393/393/3
f 393/393/3 1566/1596/3 235/235/3
f 215/215/1983 1567/1597/1983 216/216/1983
f 1567/1597/1984 1568/1598/1984 216/216/1984
f 216/216/1985 1568/1598/1985 312/312/1985
f 1568/1598/1986 1569/1599/1986 312/312/1986
f 312/312/1986 1569/1599/1986 313/313/1986
f 215/215/1987 783/786/1987 1567/1597/1987
f 783/786/1988 231/231/1988 1567/1597/1988
f 1567/1597/1989 231/231/1989 1570/1600/1989
f 231/231/1990 325/325/1990 1570/1600/1990
f 325/325/1991 324/324/1991 1570/1600/1991
f 1570/1600/1992 324/324/1992 1571/1601/1992
f 324/324/1993 322/322/1993 1571/1601/1993
f 322/322/1994 320/320/1994 1571/1601/1994
f 320/320/1995 319/319/1995 1571/1601/1995
f 1571/1601/1995 319/319/1995 1572/1602/1995
f 319/319/1996 208/208/1996 1572/1602/1996
f 1572/1602/1997 208/208/1997 1573/1603/1997
f 208/208/1998 235/235/1998 1573/1603/1998
f 1573/1603/1999 235/235/1999 1566/1596/1999
f 1566/1596/2000 232/232/2000 1573/1603/2000
f 232/232/2001 332/332/2001 1573/1603/2001
f 1573/1603/2002 332/332/2002 1574/1604/2002
f 332/332/2003 331/331/2003 1574/1604/2003
f 1574/1604/2004 331/331/2004 1575/1605/2004
f 331/331/2005 329/329/2005 1575/1605/2005
f 329/329/2006 327/327/2006 1575/1605/2006
f 327/327/2007 333/333/2007 1575/1605/2007
f 1575/1605/2007 333/333/2007 1576/1606/2007
f 333/333/2008 242/242/2008 1576/1606/2008
f 1576/1606/2009 242/242/2009 1577/1607/2009
f 242/242/2010 244/244/2010 1577/1607/2010
f 244/244/2011 245/245/2011 1577/1607/2011
f 245/245/2012 336/336/2012 1577/1607/2012
f 1577/1607/2013 336/336/2013 1578/1608/2013
f 336/336/2014 335/335/2014 1578/1608/2014
f 335/335/2015 334/334/2015 1578/1608/2015
f 1578/1608/2016 334/334/2016 1579/1609/2016
f 334/334/2017 338/338/2017 1579/1609/2017
f 338/338/2018 344/344/2018 1579/1609/2018
f 344/344/2019 346/346/2019 1579/1609/2019
f 1579/1609/2019 346/346/2019 1580/1610/2019
f 346/346/2020 347/347/2020 1580/1610/2020
f 1580/1610/2021 347/347/2021 1581/1611/2021
f 357/357/2022 1582/1612/2022 1583/1613/2022
f 347/347/2023 349/349/2023 1581/1611/2023
f 349/349/2024 351/351/2024 1581/1611/2024
f 1581/1611/2025 351/351/2025 1583/1613/2025
f 351/351/2026 355/355/2026 1583/1613/2026
f 1583/1613/2027 355/355/2027 357/357/2027
f 357/357/2028 359/359/2028 1582/1612/2028
f 359/359/2029 366/366/2029 1582/1612/2029
f 1582/1612/2029 366/366/2029 1584/1614/2029
f 366/366/2030 367/367/2030 1584/1614/2030
f 1584/1614/2031 367/367/2031 1585/1615/2031
f 376/376/2032 1586/1616/2032 1587/1617/2032
f 367/367/2033 368/368/2033 1585/1615/2033
f 368/368/2034 370/370/2034 1585/1615/2034
f 1585/1615/2035 370/370/2035 1587/1617/2035
f 370/370/2036 377/377/2036 1587/1617/2036
f 1587/1617/2037 377/377/2037 376/376/2037
f 383/383/2038 1588/1618/2038 1589/1619/2038
f 376/376/2039 380/380/2039 1586/1616/2039
f 380/380/2040 381/381/2040 1586/1616/2040
f 1586/1616/2040 381/381/2040 1590/1620/2040
f 381/381/2041 375/375/2041 1590/1620/2041
f 1590/1620/2042 375/375/2042 1589/1619/2042
f 375/375/2043 385/385/2043 1589/1619/2043
f 1589/1619/2044 385/385/2044 383/383/2044
f 252/252/2045 1591/1621/2045 249/249/2045
f 1591/1621/2046 1588/1618/2046 249/249/2046
f 249/249/2047 1588/1618/2047 246/246/2047
f 1588/1618/2048 383/383/2048 246/246/2048
f 389/389/2049 1592/1622/2049 1593/1623/2049
f 252/252/2050 251/251/2050 1591/1621/2050
f 251/251/2051 256/256/2051 1591/1621/2051
f 1591/1621/2051 256/256/2051 1594/1624/2051
f 256/256/2052 250/250/2052 1594/1624/2052
f 1594/1624/2053 250/250/2053 1593/1623/2053
f 250/250/2054 392/392/2054 1593/1623/2054
f 1593/1623/2055 392/392/2055 389/389/2055
f 389/389/2056 387/387/2056 1592/1622/2056
f 387/387/2057 386/386/2057 1592/1622/2057
f 1592/1622/2058 386/386/2058 1595/1625/2058
f 386/386/2059 393/393/2059 1595/1625/2059
f 393/393/2060 394/394/2060 1595/1625/2060
f 1595/1625/2061 394/394/2061 1596/1626/2061
f 394/394/2062 395/395/2062 1596/1626/2062
f 395/395/2063 397/397/2063 1596/1626/2063
f 1596/1626/2064 397/397/2064 1597/1627/2064
f 397/397/2065 399/399/2065 1597/1627/2065
f 399/399/2066 401/401/2066 1597/1627/2066
f 1597/1627/2067 401/401/2067 1598/1628/2067
f 401/401/2068 402/402/2068 1598/1628/2068
f 402/402/2069 782/785/2069 1598/1628/2069
f 1598/1628/2070 782/785/2070 1599/1629/2070
f 782/785/2071 403/403/2071 1599/1629/2071
f 403/403/2072 404/404/2072 1599/1629/2072
f 1599/1629/2073 404/404/2073 1600/1630/2073
f 404/404/2074 405/405/2074 1600/1630/2074
f 405/405/2075 407/407/2075 1600/1630/2075
f 1600/1630/2076 407/407/2076 1601/1631/2076
f 407/407/2077 415/415/2077 1601/1631/2077
f 415/415/2078 414/414/2078 1601/1631/2078
f 1601/1631/2079 414/414/2079 1602/1632/2079
f 414/414/2080 213/213/2080 1602/1632/2080
f 1602/1632/2081 213/213/2081 212/212/2081
f 212/212/2082 1102/1129/2082 1602/1632/2082
f 1102/1129/2083 416/416/2083 1602/1632/2083
f 1602/1632/2084 416/416/2084 1603/1633/2084
f 416/416/2085 417/417/2085 1603/1633/2085
f 417/417/2086 418/418/2086 1603/1633/2086
f 1603/1633/2087 418/418/2087 1604/1634/2087
f 418/418/2088 420/420/2088 1604/1634/2088
f 1604/1634/2089 420/420/2089 1605/1635/2089
f 420/420/2090 422/422/2090 1605/1635/2090
f 422/422/2091 424/424/2091 1605/1635/2091
f 1605/1635/2092 424/424/2092 1606/1636/2092
f 424/424/2093 210/210/2093 1606/1636/2093
f 1606/1636/2094 210/210/2094 209/209/2094
f 209/209/2095 780/783/2095 1606/1636/2095
f 780/783/2096 429/429/2096 1606/1636/2096
f 1606/1636/2097 429/429/2097 1607/1637/2097
f 429/429/2098 432/432/2098 1607/1637/2098
f 432/432/2099 431/431/2099 1607/1637/2099
f 431/431/2100 439/439/2100 1607/1637/2100
f 1607/1637/2101 439/439/2101 1608/1638/2101
f 439/439/2102 1609/1639/2102 1608/1638/2102
f 439/439/2103 438/438/2103 1609/1639/2103
f 438/438/2104 436/436/2104 1609/1639/2104
f 1609/1639/2105 436/436/2105 1610/1640/2105
f 436/436/2106 434/434/2106 1610/1640/2106
f 1610/1640/2107 434/434/2107 277/277/2107
f 277/277/2108 276/276/2108 1610/1640/2108
f 276/276/2109 275/275/2109 1610/1640/2109
f 1610/1640/2110 275/275/2110 1611/1641/2110
f 275/275/2111 274/274/2111 1611/1641/2111
f 274/274/2112 443/443/2112 1611/1641/2112
f 443/443/2113 441/441/2113 1611/1641/2113
f 1611/1641/2113 441/441/2113 1612/1642/2113
f 441/441/2114 1613/1643/2114 1612/1642/2114
f 441/441/2115 440/440/2115 1613/1643/2115
f 440/440/2116 451/451/2116 1613/1643/2116
f 1613/1643/2117 451/451/2117 1614/1644/2117
f 451/451/2118 447/447/2118 1614/1644/2118
f 1614/1644/2119 447/447/2119 446/446/2119
f 446/446/2120 287/287/2120 1614/1644/2120
f 287/287/2121 279/279/2121 1614/1644/2121
f 1614/1644/2122 279/279/2122 1615/1645/2122
f 279/279/2123 278/278/2123 1615/1645/2123
f 1615/1645/2124 278/278/2124 1616/1646/2124
f 278/278/2125 283/283/2125 1616/1646/2125
f 283/283/2126 456/456/2126 1616/1646/2126
f 456/456/2127 455/455/2127 1616/1646/2127
f 1616/1646/2127 455/455/2127 1617/1647/2127
f 455/455/2128 453/453/2128 1617/1647/2128
f 1617/1647/2129 453/453/2129 1618/1648/2129
f 453/453/2130 461/461/2130 1618/1648/2130
f 461/461/2131 459/459/2131 1618/1648/2131
f 1618/1648/2132 459/459/2132 1619/1649/2132
f 459/459/2133 460/460/2133 1619/1649/2133
f 460/460/2134 306/306/2134 1619/1649/2134
f 1619/1649/2135 306/306/2135 1620/1650/2135
f 306/306/2136 305/305/2136 1620/1650/2136
f 305/305/2137 470/470/2137 1620/1650/2137
f 1620/1650/2138 470/470/2138 1621/1651/2138
f 470/470/2139 469/469/2139 1621/1651/2139
f 1621/1651/2140 469/469/2140 1622/1652/2140
f 469/469/2141 468/468/2141 1622/1652/2141
f 468/468/2142 472/472/2142 1622/1652/2142
f 1622/1652/2143 472/472/2143 1623/1653/2143
f 472/472/2144 475/475/2144 1623/1653/2144
f 475/475/2145 477/477/2145 1623/1653/2145
f 477/477/2146 479/479/2146 1623/1653/2146
f 1623/1653/2146 479/479/2146 1624/1654/2146
f 479/479/2147 481/481/2147 1624/1654/2147
f 1624/1654/2148 481/481/2148 1625/1655/2148
f 481/481/2149 483/483/2149 1625/1655/2149
f 1625/1655/2150 483/483/2150 1626/1656/2150
f 483/483/2151 205/205/2151 1626/1656/2151
f 205/205/2152 492/492/2152 1626/1656/2152
f 1626/1656/2153 492/492/2153 1627/1657/2153
f 492/492/2154 488/488/2154 1627/1657/2154
f 289/289/2155 1628/1658/2155 293/293/2155
f 1628/1658/2156 1629/1659/2156 293/293/2156
f 293/293/2157 1629/1659/2157 485/485/2157
f 1629/1659/2158 1627/1657/2158 485/485/2158
f 485/485/2158 1627/1657/2158 486/486/2158
f 1627/1657/2159 488/488/2159 486/486/2159
f 289/289/2160 288/288/2160 1628/1658/2160
f 288/288/2161 496/496/2161 1628/1658/2161
f 1628/1658/2162 496/496/2162 1630/1660/2162
f 496/496/2163 497/497/2163 1630/1660/2163
f 497/497/2164 503/503/2164 1630/1660/2164
f 1630/1660/2165 503/503/2165 1631/1661/2165
f 503/503/2166 501/501/2166 1631/1661/2166
f 501/501/2167 499/499/2167 1631/1661/2167
f 1631/1661/2168 499/499/2168 1632/1662/2168
f 499/499/2169 498/498/2169 1632/1662/2169
f 1632/1662/2170 498/498/2170 781/784/2170
f 781/784/2171 504/504/2171 1632/1662/2171
f 504/504/2172 505/505/2172 1632/1662/2172
f 1632/1662/2173 505/505/2173 1633/1663/2173
f 505/505/2174 506/506/2174 1633/1663/2174
f 506/506/2175 508/508/2175 1633/1663/2175
f 1633/1663/2176 508/508/2176 1634/1664/2176
f 508/508/2177 511/511/2177 1634/1664/2177
f 511/511/2178 513/513/2178 1634/1664/2178
f 1634/1664/2179 513/513/2179 1635/1665/2179
f 513/513/2180 514/514/2180 1635/1665/2180
f 514/514/2181 299/299/2181 1635/1665/2181
f 1635/1665/2182 299/299/2182 1636/1666/2182
f 299/299/2183 298/298/2183 1636/1666/2183
f 298/298/2184 297/297/2184 1636/1666/2184
f 1636/1666/2185 297/297/2185 1637/1667/2185
f 297/297/2186 304/304/2186 1637/1667/2186
f 304/304/2187 517/517/2187 1637/1667/2187
f 1637/1667/2188 517/517/2188 1638/1668/2188
f 517/517/2189 518/518/2189 1638/1668/2189
f 518/518/2190 221/221/2190 1638/1668/2190
f 1638/1668/2191 221/221/2191 1639/1669/2191
f 221/221/2192 220/220/2192 1639/1669/2192
f 220/220/2193 1101/1128/2193 1639/1669/2193
f 1101/1128/2194 318/318/2194 1639/1669/2194
f 1639/1669/2195 318/318/2195 1640/1670/2195
f 318/318/2196 317/317/2196 1640/1670/2196
f 1640/1670/2197 317/317/2197 1569/1599/2197
f 317/317/2198 315/315/2198 1569/1599/2198
f 1569/1599/2199 315/315/2199 313/313/2199
f 1569/1599/2200 1641/1671/2200 1640/1670/2200
f 1641/1671/2201 1642/1672/2201 1640/1670/2201
f 1640/1670/2201 1642/1672/2201 1639/1669/2201
f 1642/1672/2202 1643/1673/2202 1639/1669/2202
f 1639/1669/2202 1643/1673/2202 1638/1668/2202
f 1643/1673/2203 1644/1674/2203 1638/1668/2203
f 1638/1668/2203 1644/1674/2203 1637/1667/2203
f 1644/1674/2204 1645/1675/2204 1637/1667/2204
f 1637/1667/2205 1645/1675/2205 1636/1666/2205
f 1645/1675/2206 1646/1676/2206 1636/1666/2206
f 1636/1666/2207 1646/1676/2207 1635/1665/2207
f 1646/1676/2208 1647/1677/2208 1635/1665/2208
f 1635/1665/2209 1647/1677/2209 1634/1664/2209
f 1647/1677/2210 1648/1678/2210 1634/1664/2210
f 1634/1664/2210 1648/1678/2210 1633/1663/2210
f 1648/1678/2211 1649/1679/2211 1633/1663/2211
f 1633/1663/2212 1649/1679/2212 1632/1662/2212
f 1649/1679/2213 1650/1680/2213 1632/1662/2213
f 1632/1662/2213 1650/1680/2213 1631/1661/2213
f 1650/1680/2214 1651/1681/2214 1631/1661/2214
f 1631/1661/2215 1651/1681/2215 1630/1660/2215
f 1651/1681/2216 1652/1682/2216 1630/1660/2216
f 1630/1660/2216 1652/1682/2216 1628/1658/2216
f 1652/1682/2217 1653/1683/2217 1628/1658/2217
f 1628/1658/2218 1653/1683/2218 1629/1659/2218
f 1653/1683/2219 1654/1684/2219 1629/1659/2219
f 1629/1659/2219 1654/1684/2219 1627/1657/2219
f 1654/1684/2220 1655/1685/2220 1627/1657/2220
f 1627/1657/2221 1655/1685/2221 1626/1656/2221
f 1655/1685/2222 1656/1686/2222 1626/1656/2222
f 1626/1656/2223 1656/1686/2223 1625/1655/2223
f 1656/1686/2224 1657/1687/2224 1625/1655/2224
f 1625/1655/2224 1657/1687/2224 1624/1654/2224
f 1657/1687/2225 1658/1688/2225 1624/1654/2225
f 1624/1654/2225 1658/1688/2225 1623/1653/2225
f 1658/1688/2226 1659/1689/2226 1623/1653/2226
f 1623/1653/2226 1659/1689/2226 1622/1652/2226
f 1659/1689/2227 1660/1690/2227 1622/1652/2227
f 1622/1652/2227 1660/1690/2227 1621/1651/2227
f 1660/1690/2228 1661/1691/2228 1621/1651/2228
f 1621/1651/2228 1661/1691/2228 1620/1650/2228
f 1661/1691/2229 1662/1692/2229 1620/1650/2229
f 1620/1650/2229 1662/1692/2229 1619/1649/2229
f 1662/1692/2230 1663/1693/2230 1619/1649/2230
f 1619/1649/2231 1663/1693/2231 1618/1648/2231
f 1663/1693/2232 1664/1694/2232 1618/1648/2232
f 1618/1648/2233 1664/1694/2233 1617/1647/2233
f 1664/1694/2234 1665/1695/2234 1617/1647/2234
f 1617/1647/2234 1665/1695/2234 1616/1646/2234
f 1665/1695/2235 1666/1696/2235 1616/1646/2235
f 1616/1646/2235 1666/1696/2235 1615/1645/2235
f 1666/1696/2236 1667/1697/2236 1615/1645/2236
f 1615/1645/2237 1667/1697/2237 1614/1644/2237
f 1667/1697/2238 1668/1698/2238 1614/1644/2238
f 1614/1644/2238 1668/1698/2238 1613/1643/2238
f 1668/1698/2239 1669/1699/2239 1613/1643/2239
f 1613/1643/2239 1669/1699/2239 1612/1642/2239
f 1669/1699/2240 1670/1700/2240 1612/1642/2240
f 1612/1642/2240 1670/1700/2240 1611/1641/2240
f 1670/1700/2241 1671/1701/2241 1611/1641/2241
f 1611/1641/2242 1671/1701/2242 1610/1640/2242
f 1671/1701/2243 1672/1702/2243 1610/1640/2243
f 1610/1640/2243 1672/1702/2243 1609/1639/2243
f 1672/1702/2244 1673/1703/2244 1609/1639/2244
f 1609/1639/2244 1673/1703/2244 1608/1638/2244
f 1673/1703/2245 1674/1704/2245 1608/1638/2245
f 1608/1638/2245 1674/1704/2245 1607/1637/2245
f 1674/1704/2246 1675/1705/2246 1607/1637/2246
f 1607/1637/2246 1675/1705/2246 1606/1636/2246
f 1675/1705/2247 1676/1706/2247 1606/1636/2247
f 1606/1636/2247 1676/1706/2247 1605/1635/2247
f 1676/1706/2248 1677/1707/2248 1605/1635/2248
f 1605/1635/2248 1677/1707/2248 1604/1634/2248
f 1677/1707/2249 1678/1708/2249 1604/1634/2249
f 1604/1634/2249 1678/1708/2249 1603/1633/2249
f 1678/1708/2250 1679/1709/2250 1603/1633/2250
f 1603/1633/2250 1679/1709/2250 1602/1632/2250
f 1679/1709/2251 1680/1710/2251 1602/1632/2251
f 1602/1632/2251 1680/1710/2251 1601/1631/2251
f 1680/1710/2252 1681/1711/2252 1601/1631/2252
f 1601/1631/2253 1681/1711/2253 1600/1630/2253
f 1681/1711/2254 1682/1712/2254 1600/1630/2254
f 1600/1630/2254 1682/1712/2254 1599/1629/2254
f 1682/1712/2255 1683/1713/2255 1599/1629/2255
f 1599/1629/2255 1683/1713/2255 1598/1628/2255
f 1683/1713/2256 1684/1714/2256 1598/1628/2256
f 1598/1628/2257 1684/1714/2257 1597/1627/2257
f 1684/1714/2258 1685/1715/2258 1597/1627/2258
f 1597/1627/2258 1685/1715/2258 1596/1626/2258
f 1685/1715/2259 1686/1716/2259 1596/1626/2259
f 1596/1626/2259 1686/1716/2259 1595/1625/2259
f 1686/1716/2260 1687/1717/2260 1595/1625/2260
f 1595/1625/2261 1687/1717/2261 1592/1622/2261
f 1687/1717/2262 1688/1718/2262 1592/1622/2262
f 1592/1622/2262 1688/1718/2262 1593/1623/2262
f 1688/1718/2263 1689/1719/2263 1593/1623/2263
f 1593/1623/2263 1689/1719/2263 1594/1624/2263
f 1689/1719/2264 1690/1720/2264 1594/1624/2264
f 1594/1624/2264 1690/1720/2264 1591/1621/2264
f 1690/1720/2265 1691/1721/2265 1591/1621/2265
f 1591/1621/2265 1691/1721/2265 1588/1618/2265
f 1691/1721/2266 1692/1722/2266 1588/1618/2266
f 1588/1618/2266 1692/1722/2266 1589/1619/2266
f 1692/1722/2267 1693/1723/2267 1589/1619/2267
f 1589/1619/2267 1693/1723/2267 1590/1620/2267
f 1693/1723/2268 1694/1724/2268 1590/1620/2268
f 1590/1620/2269 1694/1724/2269 1586/1616/2269
f 1694/1724/2270 1695/1725/2270 1586/1616/2270
f 1586/1616/2270 1695/1725/2270 1587/1617/2270
f 1695/1725/2271 1696/1726/2271 1587/1617/2271
f 1587/1617/2272 1696/1726/2272 1585/1615/2272
f 1696/1726/2273 1697/1727/2273 1585/1615/2273
f 1585/1615/2273 1697/1727/2273 1584/1614/2273
f 1697/1727/2274 1698/1728/2274 1584/1614/2274
f 1584/1614/2275 1698/1728/2275 1582/1612/2275
f 1698/1728/2276 1699/1729/2276 1582/1612/2276
f 1582/1612/2276 1699/1729/2276 1583/1613/2276
f 1699/1729/2277 1700/1730/2277 1583/1613/2277
f 1583/1613/2277 1700/1730/2277 1581/1611/2277
f 1700/1730/2278 1701/1731/2278 1581/1611/2278
f 1581/1611/2279 1701/1731/2279 1580/1610/2279
f 1701/1731/2280 1702/1732/2280 1580/1610/2280
f 1580/1610/2281 1702/1732/2281 1579/1609/2281
f 1702/1732/2282 1703/1733/2282 1579/1609/2282
f 1579/1609/2283 1703/1733/2283 1578/1608/2283
f 1703/1733/2284 1704/1734/2284 1578/1608/2284
f 1578/1608/2285 1704/1734/2285 1577/1607/2285
f 1704/1734/2286 1705/1735/2286 1577/1607/2286
f 1577/1607/2286 1705/1735/2286 1576/1606/2286
f 1705/1735/2287 1706/1736/2287 1576/1606/2287
f 1576/1606/2287 1706/1736/2287 1575/1605/2287
f 1706/1736/2288 1707/1737/2288 1575/1605/2288
f 1575/1605/2289 1707/1737/2289 1574/1604/2289
f 1707/1737/2290 1708/1738/2290 1574/1604/2290
f 1574/1604/2290 1708/1738/2290 1573/1603/2290
f 1708/1738/2291 1709/1739/2291 1573/1603/2291
f 1573/1603/2291 1709/1739/2291 1572/1602/2291
f 1709/1739/2292 1710/1740/2292 1572/1602/2292
f 1572/1602/2292 1710/1740/2292 1571/1601/2292
f 1710/1740/2293 1711/1741/2293 1571/1601/2293
f 1571/1601/2294 1711/1741/2294 1570/1600/2294
f 1711/1741/2295 1712/1742/2295 1570/1600/2295
f 1570/1600/2295 1712/1742/2295 1567/1597/2295
f 1712/1742/2296 1713/1743/2296 1567/1597/2296
f 1567/1597/2296 1713/1743/2296 1568/1598/2296
f 1713/1743/2297 1714/1744/2297 1568/1598/2297
f 1568/1598/2297 1714/1744/2297 1569/1599/2297
f 1714/1744/2200 1641/1671/2200 1569/1599/2200
f 1714/1744/2298 1715/1745/2298 1641/1671/2298
f 1715/1745/2299 1716/1746/2299 1641/1671/2299
f 1641/1671/2300 1716/1746/2300 1642/1672/2300
f 1716/1746/2301 1717/1747/2301 1642/1672/2301
f 1642/1672/2301 1717/1747/2301 1643/1673/2301
f 1717/1747/2302 1718/1748/2302 1643/1673/2302
f 1643/1673/2302 1718/1748/2302 1644/1674/2302
f 1718/1748/2303 1719/1749/2303 1644/1674/2303
f 1644/1674/2303 1719/1749/2303 1645/1675/2303
f 1719/1749/2304 1720/1750/2304 1645/1675/2304
f 1645/1675/2304 1720/1750/2304 1646/1676/2304
f 1720/1750/2305 1721/1751/2305 1646/1676/2305
f 1646/1676/2305 1721/1751/2305 1647/1677/2305
f 1721/1751/2306 1722/1752/2306 1647/1677/2306
f 1647/1677/2306 1722/1752/2306 1648/1678/2306
f 1722/1752/2307 1723/1753/2307 1648/1678/2307
f 1648/1678/2307 1723/1753/2307 1649/1679/2307
f 1723/1753/2308 1724/1754/2308 1649/1679/2308
f 1649/1679/2308 1724/1754/2308 1650/1680/2308
f 1724/1754/2309 1725/1755/2309 1650/1680/2309
f 1650/1680/2310 1725/1755/2310 1651/1681/2310
f 1725/1755/2311 1726/1756/2311 1651/1681/2311
f 1651/1681/2312 1726/1756/2312 1652/1682/2312
f 1726/1756/2313 1727/1757/2313 1652/1682/2313
f 1652/1682/2314 1727/1757/2314 1653/1683/2314
f 1727/1757/2315 1728/1758/2315 1653/1683/2315
f 1653/1683/2315 1728/1758/2315 1654/1684/2315
f 1728/1758/2316 1729/1759/2316 1654/1684/2316
f 1654/1684/2316 1729/1759/2316 1655/1685/2316
f 1729/1759/2317 1730/1760/2317 1655/1685/2317
f 1655/1685/2317 1730/1760/2317 1656/1686/2317
f 1730/1760/2318 1731/1761/2318 1656/1686/2318
f 1656/1686/2318 1731/1761/2318 1657/1687/2318
f 1731/1761/2319 1732/1762/2319 1657/1687/2319
f 1657/1687/2319 1732/1762/2319 1658/1688/2319
f 1732/1762/2320 1733/1763/2320 1658/1688/2320
f 1658/1688/2320 1733/1763/2320 1659/1689/2320
f 1733/1763/2321 1734/1764/2321 1659/1689/2321
f 1659/1689/2321 1734/1764/2321 1660/1690/2321
f 1734/1764/2322 1735/1765/2322 1660/1690/2322
f 1660/1690/2322 1735/1765/2322 1661/1691/2322
f 1735/1765/2323 1736/1766/2323 1661/1691/2323
f 1661/1691/2323 1736/1766/2323 1662/1692/2323
f 1736/1766/2324 1737/1767/2324 1662/1692/2324
f 1662/1692/2324 1737/1767/2324 1663/1693/2324
f 1737/1767/2325 1738/1768/2325 1663/1693/2325
f 1663/1693/2326 1738/1768/2326 1664/1694/2326
f 1738/1768/2327 1739/1769/2327 1664/1694/2327
f 1664/1694/2327 1739/1769/2327 1665/1695/2327
f 1739/1769/2328 1740/1770/2328 1665/1695/2328
f 1665/1695/2329 1740/1770/2329 1666/1696/2329
f 1740/1770/2330 1741/1771/2330 1666/1696/2330
f 1666/1696/2331 1741/1771/2331 1667/1697/2331
f 1741/1771/2332 1742/1772/2332 1667/1697/2332
f 1667/1697/2333 1742/1772/2333 1668/1698/2333
f 1742/1772/2334 1743/1773/2334 1668/1698/2334
f 1668/1698/2334 1743/1773/2334 1669/1699/2334
f 1743/1773/2335 1744/1774/2335 1669/1699/2335
f 1669/1699/2336 1744/1774/2336 1670/1700/2336
f 1744/1774/2337 1745/1775/2337 1670/1700/2337
f 1670/1700/2337 1745/1775/2337 1671/1701/2337
f 1745/1775/2338 1746/1776/2338 1671/1701/2338
f 1671/1701/2339 1746/1776/2339 1672/1702/2339
f 1746/1776/2340 1747/1777/2340 1672/1702/2340
f 1672/1702/2340 1747/1777/2340 1673/1703/2340
f 1747/1777/2341 1748/1778/2341 1673/1703/2341
f 1673/1703/2342 1748/1778/2342 1674/1704/2342
f 1748/1778/2343 1749/1779/2343 1674/1704/2343
f 1674/1704/2344 1749/1779/2344 1675/1705/2344
f 1749/1779/2345 1750/1780/2345 1675/1705/2345
f 1675/1705/2346 1750/1780/2346 1676/1706/2346
f 1750/1780/2347 1751/1781/2347 1676/1706/2347
f 1676/1706/2347 1751/1781/2347 1677/1707/2347
f 1751/1781/2348 1752/1782/2348 1677/1707/2348
f 1677/1707/2348 1752/1782/2348 1678/1708/2348
f 1752/1782/2349 1753/1783/2349 1678/1708/2349
f 1678/1708/2349 1753/1783/2349 1679/1709/2349
f 1753/1783/2350 1754/1784/2350 1679/1709/2350
f 1679/1709/2350 1754/1784/2350 1680/1710/2350
f 1754/1784/2351 1755/1785/2351 1680/1710/2351
f 1680/1710/2351 1755/1785/2351 1681/1711/2351
f 1755/1785/2352 1756/1786/2352 1681/1711/2352
f 1681/1711/2353 1756/1786/2353 1682/1712/2353
f 1756/1786/2354 1757/1787/2354 1682/1712/2354
f 1682/1712/2354 1757/1787/2354 1683/1713/2354
f 1757/1787/2355 1758/1788/2355 1683/1713/2355
f 1683/1713/2355 1758/1788/2355 1684/1714/2355
f 1758/1788/2356 1759/1789/2356 1684/1714/2356
f 1684/1714/2357 1759/1789/2357 1685/1715/2357
f 1759/1789/2358 1760/1790/2358 1685/1715/2358
f 1685/1715/2358 1760/1790/2358 1686/1716/2358
f 1760/1790/2359 1761/1791/2359 1686/1716/2359
f 1686/1716/2359 1761/1791/2359 1687/1717/2359
f 1761/1791/2360 1762/1792/2360 1687/1717/2360
f 1687/1717/2361 1762/1792/2361 1688/1718/2361
f 1762/1792/2362 1763/1793/2362 1688/1718/2362
f 1688/1718/2362 1763/1793/2362 1689/1719/2362
f 1763/1793/2363 1764/1794/2363 1689/1719/2363
f 1689/1719/2363 1764/1794/2363 1690/1720/2363
f 1764/1794/2364 1765/1795/2364 1690/1720/2364
f 1690/1720/2364 1765/1795/2364 1691/1721/2364
f 1765/1795/2365 1766/1796/2365 1691/1721/2365
f 1691/1721/2366 1766/1796/2366 1692/1722/2366
f 1766/1796/2367 1767/1797/2367 1692/1722/2367
f 1692/1722/2367 1767/1797/2367 1693/1723/2367
f 1767/1797/2368 1768/1798/2368 1693/1723/2368
f 1693/1723/2368 1768/1798/2368 1694/1724/2368
f 1768/1798/2369 1769/1799/2369 1694/1724/2369
f 1694/1724/2370 1769/1799/2370 1695/1725/2370
f 1769/1799/2371 1770/1800/2371 1695/1725/2371
f 1695/1725/2371 1770/1800/2371 1696/1726/2371
f 1770/1800/2372 1771/1801/2372 1696/1726/2372
f 1696/1726/2372 1771/1801/2372 1697/1727/2372
f 1771/1801/2373 1772/1802/2373 1697/1727/2373
f 1697/1727/2373 1772/1802/2373 1698/1728/2373
f 1772/1802/2374 1773/1803/2374 1698/1728/2374
f 1698/1728/2375 1773/1803/2375 1699/1729/2375
f 1773/1803/2376 1774/1804/2376 1699/1729/2376
f 1699/1729/2377 1774/1804/2377 1700/1730/2377
f 1774/1804/2378 1775/1805/2378 1700/1730/2378
f 1700/1730/2378 1775/1805/2378 1701/1731/2378
f 1775/1805/2379 1776/1806/2379 1701/1731/2379
f 1701/1731/2379 1776/1806/2379 1702/1732/2379
f 1776/1806/2380 1777/1807/2380 1702/1732/2380
f 1702/1732/2381 1777/1807/2381 1703/1733/2381
f 1777/1807/2382 1778/1808/2382 1703/1733/2382
f 1703/1733/2383 1778/1808/2383 1704/1734/2383
f 1778/1808/2384 1779/1809/2384 1704/1734/2384
f 1704/1734/2384 1779/1809/2384 1705/1735/2384
f 1779/1809/2385 1780/1810/2385 1705/1735/2385
f 1705/1735/2385 1780/1810/2385 1706/1736/2385
f 1780/1810/2386 1781/1811/2386 1706/1736/2386
f 1706/1736/2387 1781/1811/2387 1707/1737/2387
f 1781/1811/2388 1782/1812/2388 1707/1737/2388
f 1707/1737/2389 1782/1812/2389 1708/1738/2389
f 1782/1812/2390 1783/1813/2390 1708/1738/2390
f 1708/1738/2391 1783/1813/2391 1709/1739/2391
f 1783/1813/2392 1784/1814/2392 1709/1739/2392
f 1709/1739/2392 1784/1814/2392 1710/1740/2392
f 1784/1814/2393 1785/1815/2393 1710/1740/2393
f 1710/1740/2394 1785/1815/2394 1711/1741/2394
f 1785/1815/2395 1786/1816/2395 1711/1741/2395
f 1711/1741/2395 1786/1816/2395 1712/1742/2395
f 1786/1816/2396 1787/1817/2396 1712/1742/2396
f 1712/1742/2396 1787/1817/2396 1713/1743/2396
f 1787/1817/2397 1788/1818/2397 1713/1743/2397
f 1713/1743/2397 1788/1818/2397 1714/1744/2397
f 1788/1818/2298 1715/1745/2298 1714/1744/2298
f 1788/1818/2398 1789/1819/2398 1715/1745/2398
f 1789/1819/2399 1790/1820/2399 1715/1745/2399
f 1715/1745/2399 1790/1820/2399 1716/1746/2399
f 1790/1820/2400 1791/1821/2400 1716/1746/2400
f 1716/1746/2400 1791/1821/2400 1717/1747/2400
f 1791/1821/2401 1792/1822/2401 1717/1747/2401
f 1717/1747/2401 1792/1822/2401 1718/1748/2401
f 1792/1822/2402 1793/1823/2402 1718/1748/2402
f 1718/1748/2402 1793/1823/2402 1719/1749/2402
f 1793/1823/2403 1794/1824/2403 1719/1749/2403
f 1719/1749/2403 1794/1824/2403 1720/1750/2403
f 1794/1824/2404 1795/1825/2404 1720/1750/2404
f 1720/1750/2405 1795/1825/2405 1721/1751/2405
f 1795/1825/2406 1796/1826/2406 1721/1751/2406
f 1721/1751/2406 1796/1826/2406 1722/1752/2406
f 1796/1826/2407 1797/1827/2407 1722/1752/2407
f 1722/1752/2408 1797/1827/2408 1723/1753/2408
f 1797/1827/2409 1798/1828/2409 1723/1753/2409
f 1723/1753/2409 1798/1828/2409 1724/1754/2409
f 1798/1828/2410 1799/1829/2410 1724/1754/2410
f 1724/1754/2410 1799/1829/2410 1725/1755/2410
f 1799/1829/2411 1800/1830/2411 1725/1755/2411
f 1725/1755/2412 1800/1830/2412 1726/1756/2412
f 1800/1830/2413 1801/1831/2413 1726/1756/2413
f 1726/1756/2413 1801/1831/2413 1727/1757/2413
f 1801/1831/2414 1802/1832/2414 1727/1757/2414
f 1727/1757/2414 1802/1832/2414 1728/1758/2414
f 1802/1832/2415 1803/1833/2415 1728/1758/2415
f 1728/1758/2415 1803/1833/2415 1729/1759/2415
f 1803/1833/2416 1804/1834/2416 1729/1759/2416
f 1729/1759/2417 1804/1834/2417 1730/1760/2417
f 1804/1834/2418 1805/1835/2418 1730/1760/2418
f 1730/1760/2418 1805/1835/2418 1731/1761/2418
f 1805/1835/2419 1806/1836/2419 1731/1761/2419
f 1731/1761/2419 1806/1836/2419 1732/1762/2419
f 1806/1836/2420 1807/1837/2420 1732/1762/2420
f 1732/1762/2420 1807/1837/2420 1733/1763/2420
f 1807/1837/2421 1808/1838/2421 1733/1763/2421
f 1733/1763/2421 1808/1838/2421 1734/1764/2421
f 1808/1838/2422 1809/1839/2422 1734/1764/2422
f 1734/1764/2422 1809/1839/2422 1735/1765/2422
f 1809/1839/2423 1810/1840/2423 1735/1765/2423
f 1735/1765/2423 1810/1840/2423 1736/1766/2423
f 1810/1840/2424 1811/1841/2424 1736/1766/2424
f 1736/1766/2424 1811/1841/2424 1737/1767/2424
f 1811/1841/2425 1812/1842/2425 1737/1767/2425
f 1737/1767/2425 1812/1842/2425 1738/1768/2425
f 1812/1842/2426 1813/1843/2426 1738/1768/2426
f 1738/1768/2426 1813/1843/2426 1739/1769/2426
f 1813/1843/2427 1814/1844/2427 1739/1769/2427
f 1739/1769/2427 1814/1844/2427 1740/1770/2427
f 1814/1844/2428 1815/1845/2428 1740/1770/2428
f 1740/1770/2428 1815/1845/2428 1741/1771/2428
f 1815/1845/2429 1816/1846/2429 1741/1771/2429
f 1741/1771/2430 1816/1846/2430 1742/1772/2430
f 1816/1846/2431 1817/1847/2431 1742/1772/2431
f 1742/1772/2431 1817/1847/2431 1743/1773/2431
f 1817/1847/2432 1818/1848/2432 1743/1773/2432
f 1743/1773/2432 1818/1848/2432 1744/1774/2432
f 1818/1848/2433 1819/1849/2433 1744/1774/2433
f 1744/1774/2434 1819/1849/2434 1745/1775/2434
f 1819/1849/2435 1820/1850/2435 1745/1775/2435
f 1745/1775/2435 1820/1850/2435 1746/1776/2435
f 1820/1850/2436 1821/1851/2436 1746/1776/2436
f 1746/1776/2436 1821/1851/2436 1747/1777/2436
f 1821/1851/2437 1822/1852/2437 1747/1777/2437
f 1747/1777/2438 1822/1852/2438 1748/1778/2438
f 1822/1852/2439 1823/1853/2439 1748/1778/2439
f 1748/1778/2439 1823/1853/2439 1749/1779/2439
f 1823/1853/2440 1824/1854/2440 1749/1779/2440
f 1749/1779/2440 1824/1854/2440 1750/1780/2440
f 1824/1854/2441 1825/1855/2441 1750/1780/2441
f 1750/1780/2441 1825/1855/2441 1751/1781/2441
f 1825/1855/2442 1826/1856/2442 1751/1781/2442
f 1751/1781/2442 1826/1856/2442 1752/1782/2442
f 1826/1856/2443 1827/1857/2443 1752/1782/2443
f 1752/1782/2443 1827/1857/2443 1753/1783/2443
f 1827/1857/2444 1828/1858/2444 1753/1783/2444
f 1753/1783/2444 1828/1858/2444 1754/1784/2444
f 1828/1858/2445 1829/1859/2445 1754/1784/2445
f 1754/1784/2446 1829/1859/2446 1755/1785/2446
f 1829/1859/2447 1830/1860/2447 1755/1785/2447
f 1755/1785/2447 1830/1860/2447 1756/1786/2447
f 1830/1860/2448 1831/1861/2448 1756/1786/2448
f 1756/1786/2448 1831/1861/2448 1757/1787/2448
f 1831/1861/2449 1832/1862/2449 1757/1787/2449
f 1757/1787/2450 1832/1862/2450 1758/1788/2450
f 1832/1862/2451 1833/1863/2451 1758/1788/2451
f 1758/1788/2452 1833/1863/2452 1759/1789/2452
f 1833/1863/2453 1834/1864/2453 1759/1789/2453
f 1759/1789/2453 1834/1864/2453 1760/1790/2453
f 1834/1864/2454 1835/1865/2454 1760/1790/2454
f 1760/1790/2454 1835/1865/2454 1761/1791/2454
f 1835/1865/2455 1836/1866/2455 1761/1791/2455
f 1761/1791/2456 1836/1866/2456 1762/1792/2456
f 1836/1866/2457 1837/1867/2457 1762/1792/2457
f 1762/1792/2457 1837/1867/2457 1763/1793/2457
f 1837/1867/2458 1838/1868/2458 1763/1793/2458
f 1763/1793/2459 1838/1868/2459 1764/1794/2459
f 1838/1868/2460 1839/1869/2460 1764/1794/2460
f 1764/1794/2460 1839/1869/2460 1765/1795/2460
f 1839/1869/2461 1840/1870/2461 1765/1795/2461
f 1765/1795/2461 1840/1870/2461 1766/1796/2461
f 1840/1870/2462 1841/1871/2462 1766/1796/2462
f 1766/1796/2462 1841/1871/2462 1767/1797/2462
f 1841/1871/2463 1842/1872/2463 1767/1797/2463
f 1767/1797/2463 1842/1872/2463 1768/1798/2463
f 1842/1872/2464 1843/1873/2464 1768/1798/2464
f 1768/1798/2464 1843/1873/2464 1769/1799/2464
f 1843/1873/2465 1844/1874/2465 1769/1799/2465
f 1769/1799/2465 1844/1874/2465 1770/1800/2465
f 1844/1874/2466 1845/1875/2466 1770/1800/2466
f 1770/1800/2466 1845/1875/2466 1771/1801/2466
f 1845/1875/2467 1846/1876/2467 1771/1801/2467
f 1771/1801/2467 1846/1876/2467 1772/1802/2467
f 1846/1876/2468 1847/1877/2468 1772/1802/2468
f 1772/1802/2468 1847/1877/2468 1773/1803/2468
f 1847/1877/2469 1848/1878/2469 1773/1803/2469
f 1773/1803/2469 1848/1878/2469 1774/1804/2469
f 1848/1878/2470 1849/1879/2470 1774/1804/2470
f 1774/1804/2470 1849/1879/2470 1775/1805/2470
f 1849/1879/2471 1850/1880/2471 1775/1805/2471
f 1775/1805/2471 1850/1880/2471 1776/1806/2471
f 1850/1880/2472 1851/1881/2472 1776/1806/2472
f 1776/1806/2472 1851/1881/2472 1777/1807/2472
f 1851/1881/2473 1852/1882/2473 1777/1807/2473
f 1777/1807/2474 1852/1882/2474 1778/1808/2474
f 1852/1882/2475 1853/1883/2475 1778/1808/2475
f 1778/1808/2475 1853/1883/2475 1779/1809/2475
f 1853/1883/2476 1854/1884/2476 1779/1809/2476
f 1779/1809/2476 1854/1884/2476 1780/1810/2476
f 1854/1884/2477 1855/1885/2477 1780/1810/2477
f 1780/1810/2477 1855/1885/2477 1781/1811/2477
f 1855/1885/2478 1856/1886/2478 1781/1811/2478
f 1781/1811/2478 1856/1886/2478 1782/1812/2478
f 1856/1886/2479 1857/1887/2479 1782/1812/2479
f 1782/1812/2479 1857/1887/2479 1783/1813/2479
f 1857/1887/2480 1858/1888/2480 1783/1813/2480
f 1783/1813/2480 1858/1888/2480 1784/1814/2480
f 1858/1888/2481 1859/1889/2481 1784/1814/2481
f 1784/1814/2482 1859/1889/2482 1785/1815/2482
f 1859/1889/2483 1860/1890/2483 1785/1815/2483
f 1785/1815/2483 1860/1890/2483 1786/1816/2483
f 1860/1890/2484 1861/1891/2484 1786/1816/2484
f 1786/1816/2484 1861/1891/2484 1787/1817/2484
f 1861/1891/2485 1862/1892/2485 1787/1817/2485
f 1787/1817/2485 1862/1892/2485 1788/1818/2485
f 1862/1892/2398 1789/1819/2398 1788/1818/2398
f 1466/1496/2486 1467/1497/2486 1791/1821/2486
f 1467/1497/2487 1469/1499/2487 1791/1821/2487
f 1791/1821/2487 1469/1499/2487 1792/1822/2487
f 1469/1499/2488 1471/1501/2488 1792/1822/2488
f 1792/1822/2488 1471/1501/2488 1793/1823/2488
f 1471/1501/2489 1418/1448/2489 1793/1823/2489
f 1793/1823/2489 1418/1448/2489 1794/1824/2489
f 1418/1448/2490 1420/1450/2490 1794/1824/2490
f 1794/1824/2490 1420/1450/2490 1795/1825/2490
f 1420/1450/2491 1422/1452/2491 1795/1825/2491
f 1795/1825/2491 1422/1452/2491 1796/1826/2491
f 1422/1452/2492 1424/1454/2492 1796/1826/2492
f 1796/1826/2492 1424/1454/2492 1797/1827/2492
f 1424/1454/2493 1426/1456/2493 1797/1827/2493
f 1797/1827/2493 1426/1456/2493 1798/1828/2493
f 1426/1456/2494 1428/1458/2494 1798/1828/2494
f 1798/1828/2494 1428/1458/2494 1799/1829/2494
f 1428/1458/2495 1453/1483/2495 1799/1829/2495
f 1799/1829/2495 1453/1483/2495 1800/1830/2495
f 1453/1483/2496 1455/1485/2496 1800/1830/2496
f 1800/1830/2497 1455/1485/2497 1801/1831/2497
f 1455/1485/2498 1457/1487/2498 1801/1831/2498
f 1801/1831/2498 1457/1487/2498 1802/1832/2498
f 1457/1487/2499 1458/1488/2499 1802/1832/2499
f 1802/1832/2499 1458/1488/2499 1803/1833/2499
f 1458/1488/2500 1476/1506/2500 1803/1833/2500
f 1803/1833/2501 1476/1506/2501 1804/1834/2501
f 1476/1506/2502 1478/1508/2502 1804/1834/2502
f 1804/1834/2502 1478/1508/2502 1805/1835/2502
f 1478/1508/2503 1480/1510/2503 1805/1835/2503
f 1805/1835/2503 1480/1510/2503 1806/1836/2503
f 1480/1510/2504 1481/1511/2504 1806/1836/2504
f 1806/1836/2504 1481/1511/2504 1807/1837/2504
f 1481/1511/2505 1554/1584/2505 1807/1837/2505
f 1807/1837/2506 1554/1584/2506 1808/1838/2506
f 1554/1584/2507 1556/1586/2507 1808/1838/2507
f 1808/1838/2507 1556/1586/2507 1809/1839/2507
f 1556/1586/2508 1558/1588/2508 1809/1839/2508
f 1809/1839/2508 1558/1588/2508 1810/1840/2508
f 1558/1588/2509 1560/1590/2509 1810/1840/2509
f 1810/1840/2509 1560/1590/2509 1811/1841/2509
f 1560/1590/2510 1562/1592/2510 1811/1841/2510
f 1811/1841/2510 1562/1592/2510 1812/1842/2510
f 1562/1592/2511 1564/1594/2511 1812/1842/2511
f 1812/1842/2512 1564/1594/2512 1813/1843/2512
f 1564/1594/2513 1565/1595/2513 1813/1843/2513
f 1813/1843/2513 1565/1595/2513 1814/1844/2513
f 1565/1595/2514 1542/1572/2514 1814/1844/2514
f 1814/1844/2514 1542/1572/2514 1815/1845/2514
f 1542/1572/2515 1540/1570/2515 1815/1845/2515
f 1815/1845/2515 1540/1570/2515 1816/1846/2515
f 1540/1570/2516 1538/1568/2516 1816/1846/2516
f 1816/1846/2517 1538/1568/2517 1817/1847/2517
f 1538/1568/2518 1551/1581/2518 1817/1847/2518
f 1817/1847/2518 1551/1581/2518 1818/1848/2518
f 1551/1581/2519 1550/1580/2519 1818/1848/2519
f 1818/1848/2519 1550/1580/2519 1819/1849/2519
f 1550/1580/2520 1548/1578/2520 1819/1849/2520
f 1819/1849/2520 1548/1578/2520 1820/1850/2520
f 1548/1578/2521 1546/1576/2521 1820/1850/2521
f 1820/1850/2522 1546/1576/2522 1821/1851/2522
f 1546/1576/2523 1545/1575/2523 1821/1851/2523
f 1821/1851/2523 1545/1575/2523 1822/1852/2523
f 1545/1575/2524 1515/1545/2524 1822/1852/2524
f 1822/1852/2524 1515/1545/2524 1823/1853/2524
f 1515/1545/2525 1513/1543/2525 1823/1853/2525
f 1823/1853/2525 1513/1543/2525 1824/1854/2525
f 1513/1543/2526 1511/1541/2526 1824/1854/2526
f 1824/1854/2527 1511/1541/2527 1825/1855/2527
f 1511/1541/2528 1510/1540/2528 1825/1855/2528
f 1825/1855/2528 1510/1540/2528 1826/1856/2528
f 1510/1540/2529 1495/1525/2529 1826/1856/2529
f 1826/1856/2529 1495/1525/2529 1827/1857/2529
f 1495/1525/2530 1493/1523/2530 1827/1857/2530
f 1827/1857/2530 1493/1523/2530 1828/1858/2530
f 1493/1523/2531 1491/1521/2531 1828/1858/2531
f 1828/1858/2531 1491/1521/2531 1829/1859/2531
f 1491/1521/2532 1489/1519/2532 1829/1859/2532
f 1829/1859/2532 1489/1519/2532 1830/1860/2532
f 1489/1519/2533 1487/1517/2533 1830/1860/2533
f 1830/1860/2533 1487/1517/2533 1831/1861/2533
f 1487/1517/2534 1485/1515/2534 1831/1861/2534
f 1831/1861/2534 1485/1515/2534 1832/1862/2534
f 1485/1515/2535 1483/1513/2535 1832/1862/2535
f 1832/1862/2535 1483/1513/2535 1833/1863/2535
f 1483/1513/2536 1438/1468/2536 1833/1863/2536
f 1833/1863/2536 1438/1468/2536 1834/1864/2536
f 1438/1468/2537 1436/1466/2537 1834/1864/2537
f 1834/1864/2538 1436/1466/2538 1835/1865/2538
f 1436/1466/2539 1434/1464/2539 1835/1865/2539
f 1835/1865/2539 1434/1464/2539 1836/1866/2539
f 1434/1464/2540 1432/1462/2540 1836/1866/2540
f 1836/1866/2540 1432/1462/2540 1837/1867/2540
f 1432/1462/2541 1430/1460/2541 1837/1867/2541
f 1837/1867/2541 1430/1460/2541 1838/1868/2541
f 1430/1460/2542 1429/1459/2542 1838/1868/2542
f 1838/1868/2543 1429/1459/2543 1839/1869/2543
f 1429/1459/2544 1445/1475/2544 1839/1869/2544
f 1839/1869/2544 1445/1475/2544 1840/1870/2544
f 1445/1475/2545 1447/1477/2545 1840/1870/2545
f 1840/1870/2545 1447/1477/2545 1841/1871/2545
f 1447/1477/2546 1449/1479/2546 1841/1871/2546
f 1841/1871/2546 1449/1479/2546 1842/1872/2546
f 1449/1479/2547 1450/1480/2547 1842/1872/2547
f 1842/1872/2547 1450/1480/2547 1843/1873/2547
f 1450/1480/2548 1520/1550/2548 1843/1873/2548
f 1843/1873/2548 1520/1550/2548 1844/1874/2548
f 1520/1550/2549 1522/1552/2549 1844/1874/2549
f 1844/1874/2550 1522/1552/2550 1845/1875/2550
f 1522/1552/2551 1524/1554/2551 1845/1875/2551
f 1845/1875/2551 1524/1554/2551 1846/1876/2551
f 1524/1554/2552 1526/1556/2552 1846/1876/2552
f 1846/1876/2552 1526/1556/2552 1847/1877/2552
f 1526/1556/2553 1528/1558/2553 1847/1877/2553
f 1847/1877/2553 1528/1558/2553 1848/1878/2553
f 1528/1558/2554 1530/1560/2554 1848/1878/2554
f 1848/1878/2554 1530/1560/2554 1849/1879/2554
f 1530/1560/2555 1532/1562/2555 1849/1879/2555
f 1849/1879/2555 1532/1562/2555 1850/1880/2555
f 1532/1562/2556 1534/1564/2556 1850/1880/2556
f 1850/1880/2556 1534/1564/2556 1851/1881/2556
f 1534/1564/2557 1533/1563/2557 1851/1881/2557
f 1851/1881/2558 1533/1563/2558 1852/1882/2558
f 1533/1563/2559 1508/1538/2559 1852/1882/2559
f 1852/1882/2560 1508/1538/2560 1853/1883/2560
f 1508/1538/2561 1506/1536/2561 1853/1883/2561
f 1853/1883/2561 1506/1536/2561 1854/1884/2561
f 1506/1536/2562 1504/1534/2562 1854/1884/2562
f 1854/1884/2562 1504/1534/2562 1855/1885/2562
f 1504/1534/2563 1502/1532/2563 1855/1885/2563
f 1855/1885/2563 1502/1532/2563 1856/1886/2563
f 1502/1532/2564 1500/1530/2564 1856/1886/2564
f 1856/1886/2565 1500/1530/2565 1857/1887/2565
f 1500/1530/2566 1498/1528/2566 1857/1887/2566
f 1857/1887/2566 1498/1528/2566 1858/1888/2566
f 1498/1528/2567 1497/1527/2567 1858/1888/2567
f 1858/1888/2567 1497/1527/2567 1859/1889/2567
f 1497/1527/2568 1442/1472/2568 1859/1889/2568
f 1859/1889/2568 1442/1472/2568 1860/1890/2568
f 1442/1472/2569 1459/1489/2569 1860/1890/2569
f 1860/1890/2570 1459/1489/2570 1861/1891/2570
f 1459/1489/2571 1461/1491/2571 1861/1891/2571
f 1861/1891/2571 1461/1491/2571 1862/1892/2571
f 1461/1491/2572 1463/1493/2572 1862/1892/2572
f 1862/1892/2572 1463/1493/2572 1789/1819/2572
f 1463/1493/2573 1465/1495/2573 1789/1819/2573
f 1789/1819/2573 1465/1495/2573 1790/1820/2573
f 1465/1495/2574 1466/1496/2574 1790/1820/2574
f 1790/1820/2575 1466/1496/2575 1791/1821/2575
f 1863/1893/2576 1864/1894/2576 2234/1895/2576 2236/1896/2576
f 1864/1894/2577 1865/1897/2577 2232/1898/2577 2234/1895/2577
f 1865/1897/2578 1866/1899/2578 2230/1900/2578 2232/1898/2578
f 1867/1901/2579 1863/1893/2579 1868/1902/2579
f 1863/1893/2580 2249/1903/2580 2240/1904/2580 1868/1902/2580
f 1868/1902/2581 2240/1904/2581 2238/1905/2581 1869/1906/2581
f 1872/1907/2582 1873/1908/2582 2241/1909/2582 2239/1910/2582
f 1873/1908/2583 1874/1911/2583 2242/1912/2583 2241/1909/2583
f 1874/1911/2584 1875/1913/2584 2268/1914/2584 2243/1915/2584
f 1876/1916/2585 1877/1917/2585 2252/1918/2585 2253/1919/2585
f 1877/1917/2586 1878/1920/2586 2235/1921/2586 2252/1918/2586
f 1878/1920/2587 1879/1922/2587 2226/1923/2587 2233/1924/2587
f 531/534/2588 1880/1925/2588 2259/1926/2588 2229/1927/2588
f 1880/1925/2589 1881/1928/2589 2258/1929/2589 2259/1926/2589
f 1881/1928/2590 1882/1930/2590 2254/1931/2590 2258/1929/2590
f 1882/1930/2591 1883/1932/2591 2260/1933/2591 2255/1934/2591
f 519/519/2592 2250/522/2592 2257/1935/2592 1884/1936/2592
f 1886/1937/2593 1887/1938/2593 2261/1939/2593 2262/1940/2593
f 1887/1938/2594 1888/1941/2594 2306/1942/2594 2261/1939/2594
f 1888/1941/2595 1889/1943/2595 2305/1944/2595 2306/1942/2595
f 1889/1943/2596 1890/1945/2596 2290/1946/2596 2291/1947/2596
f 1891/1948/2597 1892/1949/2597 2311/1950/2597 2307/1951/2597
f 1892/1949/2598 1893/1952/2598 2309/1953/2598 2311/1950/2598
f 1893/1952/2599 1894/1954/2599 2292/1955/2599 2310/1956/2599
f 1895/1957/2600 1896/1958/2600 2295/1959/2600 2296/1960/2600
f 1896/1958/2601 1897/1961/2601 2308/1962/2601 2295/1959/2601
f 1897/1961/2602 1898/1963/2602 2304/1964/2602 2308/1962/2602
f 1898/1963/2603 1899/1965/2603 2302/1966/2603 2303/1967/2603
f 1417/1445/2604 1900/1968/2604 2293/1969/2604 2297/1970/2604
f 1901/1971/2605 1902/1972/2605 2299/1973/2605 2294/1974/2605
f 1902/1972/2606 1903/1975/2606 2298/1976/2606 2299/1973/2606
f 1903/1975/2607 1904/1977/2607 2301/1978/2607 2300/1979/2607
f 1870/1980/2608 1875/1913/2608 1905/1981/2608
f 1880/1925/2609 531/534/2609 533/536/2609
f 1417/1445/2610 1464/1494/2610 1900/1968/2610
f 1464/1494/2611 1901/1971/2611 1900/1968/2611
f 1897/1961/2612 1896/1958/2612 1906/1982/2612
f 1896/1958/2613 1895/1957/2613 1906/1982/2613
f 1895/1957/2614 1904/1977/2614 1906/1982/2614
f 1904/1977/2615 1903/1975/2615 1906/1982/2615
f 1906/1982/2616 1903/1975/2616 1902/1972/2616
f 1892/1949/2617 1891/1948/2617 1907/1983/2617
f 1891/1948/2618 1899/1965/2618 1907/1983/2618
f 1907/1983/2619 1899/1965/2619 1898/1963/2619
f 1888/1941/2620 1887/1938/2620 1908/1984/2620
f 1887/1938/2621 1886/1937/2621 1908/1984/2621
f 1886/1937/2622 1894/1954/2622 1908/1984/2622
f 1908/1984/2623 1894/1954/2623 1893/1952/2623
f 777/780/2624 519/519/2624 1884/1936/2624
f 1889/1943/2625 1909/1985/2625 1890/1945/2625
f 1909/1985/2626 1885/1986/2626 1890/1945/2626
f 1883/1932/2627 1882/1930/2627 1910/1987/2627
f 1882/1930/2628 1881/1928/2628 1910/1987/2628
f 1910/1987/2629 1881/1928/2629 1880/1925/2629
f 1871/1988/2630 1879/1922/2630 1911/1989/2630
f 1879/1922/2631 1878/1920/2631 1911/1989/2631
f 1878/1920/2632 1877/1917/2632 1911/1989/2632
f 1877/1917/2633 1876/1916/2633 1911/1989/2633
f 1911/1989/2634 1876/1916/2634 1883/1932/2634
f 1872/1907/2635 1871/1988/2635 1905/1981/2635
f 1875/1913/2636 1874/1911/2636 1905/1981/2636
f 1874/1911/2637 1873/1908/2637 1905/1981/2637
f 1905/1981/2638 1873/1908/2638 1872/1907/2638
f 1868/1902/2639 1869/1906/2639 1912/1990/2639
f 1869/1906/2640 1870/1980/2640 1912/1990/2640
f 1868/1902/2641 1912/1990/2641 1867/1901/2641
f 1912/1990/2641 1864/1894/2641 1867/1901/2641
f 1867/1901/2642 1864/1894/2642 1863/1893/2642
f 1416/1444/2643 1866/1899/2643 1912/1990/2643
f 1866/1899/2644 1865/1897/2644 1912/1990/2644
f 1912/1990/2645 1865/1897/2645 1864/1894/2645
f 1880/1925/2646 533/536/2646 1910/1987/2646
f 533/536/2647 535/538/2647 1910/1987/2647
f 1910/1987/2648 535/538/2648 1913/1991/2648
f 535/538/2649 543/546/2649 1913/1991/2649
f 543/546/2650 542/545/2650 1913/1991/2650
f 1913/1991/2651 542/545/2651 1914/1992/2651
f 542/545/2652 1915/1993/2652 1914/1992/2652
f 542/545/2653 540/543/2653 1915/1993/2653
f 540/543/2654 539/542/2654 1915/1993/2654
f 1915/1993/2655 539/542/2655 1916/1994/2655
f 539/542/2656 530/533/2656 1916/1994/2656
f 530/533/2657 544/547/2657 1916/1994/2657
f 1916/1994/2658 544/547/2658 1917/1995/2658
f 544/547/2659 525/528/2659 1917/1995/2659
f 525/528/2660 524/527/2660 1917/1995/2660
f 524/527/2661 545/548/2661 1917/1995/2661
f 1917/1995/2662 545/548/2662 1918/1996/2662
f 545/548/2663 547/550/2663 1918/1996/2663
f 1918/1996/2664 547/550/2664 1919/1997/2664
f 547/550/2665 549/552/2665 1919/1997/2665
f 1919/1997/2666 549/552/2666 1920/1998/2666
f 549/552/2667 551/554/2667 1920/1998/2667
f 551/554/2668 553/556/2668 1920/1998/2668
f 1920/1998/2669 553/556/2669 1921/1999/2669
f 553/556/2670 555/558/2670 1921/1999/2670
f 555/558/2671 560/563/2671 1921/1999/2671
f 560/563/2672 557/560/2672 1921/1999/2672
f 1921/1999/2673 557/560/2673 1922/2000/2673
f 557/560/2674 1923/2001/2674 1922/2000/2674
f 557/560/2675 556/559/2675 1923/2001/2675
f 556/559/2676 563/566/2676 1923/2001/2676
f 1923/2001/2677 563/566/2677 1924/2002/2677
f 563/566/2678 564/567/2678 1924/2002/2678
f 564/567/2679 567/570/2679 1924/2002/2679
f 567/570/2680 568/571/2680 1924/2002/2680
f 1924/2002/2681 568/571/2681 1925/2003/2681
f 568/571/2682 571/574/2682 1925/2003/2682
f 1925/2003/2683 571/574/2683 1926/2004/2683
f 571/574/2684 573/576/2684 1926/2004/2684
f 573/576/2685 575/578/2685 1926/2004/2685
f 1926/2004/2686 575/578/2686 1927/2005/2686
f 522/525/2687 1928/2006/2687 1929/2007/2687
f 575/578/2688 577/580/2688 1927/2005/2688
f 577/580/2689 579/582/2689 1927/2005/2689
f 1927/2005/2690 579/582/2690 1929/2007/2690
f 579/582/2691 581/584/2691 1929/2007/2691
f 1929/2007/2692 581/584/2692 522/525/2692
f 522/525/2693 521/524/2693 1928/2006/2693
f 521/524/2694 584/587/2694 1928/2006/2694
f 1928/2006/2695 584/587/2695 1930/2008/2695
f 584/587/2696 586/589/2696 1930/2008/2696
f 1930/2008/2697 586/589/2697 1931/2009/2697
f 594/597/2698 1932/2010/2698 1933/2011/2698
f 586/589/2699 588/591/2699 1931/2009/2699
f 588/591/2700 590/593/2700 1931/2009/2700
f 1931/2009/2701 590/593/2701 1933/2011/2701
f 590/593/2702 592/595/2702 1933/2011/2702
f 1933/2011/2703 592/595/2703 594/597/2703
f 594/597/2704 597/600/2704 1932/2010/2704
f 597/600/2705 599/602/2705 1932/2010/2705
f 1932/2010/2706 599/602/2706 1934/2012/2706
f 599/602/2707 600/603/2707 1934/2012/2707
f 1934/2012/2708 600/603/2708 1935/2013/2708
f 600/603/2709 602/605/2709 1935/2013/2709
f 602/605/2710 604/607/2710 1935/2013/2710
f 1935/2013/2711 604/607/2711 1936/2014/2711
f 604/607/2712 606/609/2712 1936/2014/2712
f 1936/2014/2713 606/609/2713 1937/2015/2713
f 606/609/2714 608/611/2714 1937/2015/2714
f 608/611/2715 611/614/2715 1937/2015/2715
f 611/614/2716 613/616/2716 1937/2015/2716
f 1937/2015/2717 613/616/2717 1938/2016/2717
f 613/616/2718 614/617/2718 1938/2016/2718
f 1938/2016/2719 614/617/2719 1939/2017/2719
f 614/617/2720 616/619/2720 1939/2017/2720
f 616/619/2721 618/621/2721 1939/2017/2721
f 1939/2017/2722 618/621/2722 1940/2018/2722
f 618/621/2723 620/623/2723 1940/2018/2723
f 1940/2018/2724 620/623/2724 1941/2019/2724
f 620/623/2725 623/626/2725 1941/2019/2725
f 623/626/2726 625/628/2726 1941/2019/2726
f 625/628/2727 627/630/2727 1941/2019/2727
f 1941/2019/2728 627/630/2728 1942/2020/2728
f 627/630/2729 629/632/2729 1942/2020/2729
f 629/632/2730 631/634/2730 1942/2020/2730
f 1942/2020/2731 631/634/2731 1943/2021/2731
f 631/634/2732 633/636/2732 1943/2021/2732
f 633/636/2733 635/638/2733 1943/2021/2733
f 1943/2021/2734 635/638/2734 1944/2022/2734
f 635/638/2735 637/640/2735 1944/2022/2735
f 1944/2022/2736 637/640/2736 1945/2023/2736
f 637/640/2737 639/642/2737 1945/2023/2737
f 1945/2023/2738 639/642/2738 1946/2024/2738
f 639/642/2739 641/644/2739 1946/2024/2739
f 641/644/2740 643/646/2740 1946/2024/2740
f 1946/2024/2741 643/646/2741 1947/2025/2741
f 643/646/2742 645/648/2742 1947/2025/2742
f 645/648/2743 647/650/2743 1947/2025/2743
f 1947/2025/2744 647/650/2744 1948/2026/2744
f 647/650/2745 649/652/2745 1948/2026/2745
f 649/652/2746 651/654/2746 1948/2026/2746
f 1948/2026/2747 651/654/2747 1949/2027/2747
f 651/654/2748 653/656/2748 1949/2027/2748
f 653/656/2749 655/658/2749 1949/2027/2749
f 655/658/2750 657/660/2750 1949/2027/2750
f 1949/2027/2751 657/660/2751 1950/2028/2751
f 657/660/2752 659/662/2752 1950/2028/2752
f 659/662/2753 661/664/2753 1950/2028/2753
f 1950/2028/2753 661/664/2753 1951/2029/2753
f 661/664/2754 663/666/2754 1951/2029/2754
f 1951/2029/2755 663/666/2755 1952/2030/2755
f 663/666/2756 666/669/2756 1952/2030/2756
f 1952/2030/2757 666/669/2757 1953/2031/2757
f 666/669/2758 668/671/2758 1953/2031/2758
f 668/671/2759 669/672/2759 1953/2031/2759
f 669/672/2760 671/674/2760 1953/2031/2760
f 1953/2031/2761 671/674/2761 1954/2032/2761
f 671/674/2762 673/676/2762 1954/2032/2762
f 673/676/2763 675/678/2763 1954/2032/2763
f 1954/2032/2763 675/678/2763 1955/2033/2763
f 675/678/2764 677/680/2764 1955/2033/2764
f 1955/2033/2765 677/680/2765 1956/2034/2765
f 677/680/2766 679/682/2766 1956/2034/2766
f 1956/2034/2767 679/682/2767 1957/2035/2767
f 679/682/2768 681/684/2768 1957/2035/2768
f 681/684/2769 683/686/2769 1957/2035/2769
f 683/686/2770 685/688/2770 1957/2035/2770
f 1957/2035/2771 685/688/2771 1958/2036/2771
f 685/688/2772 686/689/2772 1958/2036/2772
f 1958/2036/2773 686/689/2773 1959/2037/2773
f 686/689/2774 688/691/2774 1959/2037/2774
f 688/691/2775 690/693/2775 1959/2037/2775
f 1959/2037/2776 690/693/2776 1960/2038/2776
f 690/693/2777 693/696/2777 1960/2038/2777
f 1960/2038/2778 693/696/2778 1961/2039/2778
f 693/696/2779 695/698/2779 1961/2039/2779
f 695/698/2780 697/700/2780 1961/2039/2780
f 697/700/2781 699/702/2781 1961/2039/2781
f 1961/2039/2782 699/702/2782 1962/2040/2782
f 699/702/2783 700/703/2783 1962/2040/2783
f 1962/2040/2784 700/703/2784 1963/2041/2784
f 700/703/2785 702/705/2785 1963/2041/2785
f 702/705/2786 704/707/2786 1963/2041/2786
f 1963/2041/2787 704/707/2787 1964/2042/2787
f 704/707/2788 707/710/2788 1964/2042/2788
f 707/710/2789 709/712/2789 1964/2042/2789
f 1964/2042/2790 709/712/2790 1965/2043/2790
f 709/712/2791 710/713/2791 1965/2043/2791
f 1965/2043/2792 710/713/2792 1966/2044/2792
f 710/713/2793 712/715/2793 1966/2044/2793
f 712/715/2794 714/717/2794 1966/2044/2794
f 1966/2044/2795 714/717/2795 1967/2045/2795
f 714/717/2796 716/719/2796 1967/2045/2796
f 716/719/2797 718/721/2797 1967/2045/2797
f 1967/2045/2798 718/721/2798 1968/2046/2798
f 718/721/2799 720/723/2799 1968/2046/2799
f 720/723/2800 722/725/2800 1968/2046/2800
f 1968/2046/2801 722/725/2801 1969/2047/2801
f 722/725/2802 724/727/2802 1969/2047/2802
f 1969/2047/2803 724/727/2803 1970/2048/2803
f 732/735/2804 1971/2049/2804 1972/2050/2804
f 724/727/2805 726/729/2805 1970/2048/2805
f 726/729/2806 728/731/2806 1970/2048/2806
f 1970/2048/2807 728/731/2807 1972/2050/2807
f 728/731/2808 730/733/2808 1972/2050/2808
f 1972/2050/2809 730/733/2809 732/735/2809
f 732/735/2810 734/737/2810 1971/2049/2810
f 734/737/2811 736/739/2811 1971/2049/2811
f 1971/2049/2812 736/739/2812 1973/2051/2812
f 736/739/2813 737/740/2813 1973/2051/2813
f 1973/2051/2814 737/740/2814 1974/2052/2814
f 737/740/2815 739/742/2815 1974/2052/2815
f 739/742/2816 741/744/2816 1974/2052/2816
f 1974/2052/2817 741/744/2817 1975/2053/2817
f 741/744/2818 744/747/2818 1975/2053/2818
f 744/747/2819 746/749/2819 1975/2053/2819
f 1975/2053/2820 746/749/2820 1976/2054/2820
f 746/749/2821 748/751/2821 1976/2054/2821
f 748/751/2822 750/753/2822 1976/2054/2822
f 1976/2054/2823 750/753/2823 1977/2055/2823
f 750/753/2824 752/755/2824 1977/2055/2824
f 1977/2055/2825 752/755/2825 1978/2056/2825
f 752/755/2826 754/757/2826 1978/2056/2826
f 754/757/2827 756/759/2827 1978/2056/2827
f 1978/2056/2828 756/759/2828 1979/2057/2828
f 756/759/2829 758/761/2829 1979/2057/2829
f 758/761/2830 760/763/2830 1979/2057/2830
f 1979/2057/2831 760/763/2831 1980/2058/2831
f 760/763/2832 763/766/2832 1980/2058/2832
f 1980/2058/2833 763/766/2833 1981/2059/2833
f 763/766/2834 764/767/2834 1981/2059/2834
f 764/767/2835 767/770/2835 1981/2059/2835
f 1981/2059/2836 767/770/2836 1982/2060/2836
f 767/770/2837 768/771/2837 1982/2060/2837
f 768/771/2838 771/774/2838 1982/2060/2838
f 1982/2060/2839 771/774/2839 1983/2061/2839
f 771/774/2840 772/775/2840 1983/2061/2840
f 772/775/2841 775/778/2841 1983/2061/2841
f 775/778/2842 777/780/2842 1983/2061/2842
f 1983/2061/2843 777/780/2843 1909/1985/2843
f 777/780/2844 1884/1936/2844 1909/1985/2844
f 1909/1985/2845 1884/1936/2845 1885/1986/2845
f 1883/1932/2846 1910/1987/2846 1911/1989/2846
f 1910/1987/2847 1913/1991/2847 1911/1989/2847
f 1911/1989/2848 1913/1991/2848 1984/2062/2848
f 1913/1991/2849 1914/1992/2849 1984/2062/2849
f 1984/2062/2850 1914/1992/2850 1985/2063/2850
f 1914/1992/2851 1915/1993/2851 1985/2063/2851
f 1985/2063/2852 1915/1993/2852 1986/2064/2852
f 1915/1993/2853 1916/1994/2853 1986/2064/2853
f 1986/2064/2853 1916/1994/2853 1987/2065/2853
f 1916/1994/2854 1917/1995/2854 1987/2065/2854
f 1987/2065/2855 1917/1995/2855 1988/2066/2855
f 1917/1995/2856 1918/1996/2856 1988/2066/2856
f 1988/2066/2857 1918/1996/2857 1989/2067/2857
f 1918/1996/2858 1919/1997/2858 1989/2067/2858
f 1989/2067/2859 1919/1997/2859 1990/2068/2859
f 1919/1997/2860 1920/1998/2860 1990/2068/2860
f 1990/2068/2860 1920/1998/2860 1991/2069/2860
f 1920/1998/2861 1921/1999/2861 1991/2069/2861
f 1991/2069/2862 1921/1999/2862 1992/2070/2862
f 1921/1999/2863 1922/2000/2863 1992/2070/2863
f 1992/2070/2864 1922/2000/2864 1993/2071/2864
f 1922/2000/2865 1923/2001/2865 1993/2071/2865
f 1993/2071/2866 1923/2001/2866 1994/2072/2866
f 1923/2001/2867 1924/2002/2867 1994/2072/2867
f 1994/2072/2868 1924/2002/2868 1995/2073/2868
f 1924/2002/2869 1925/2003/2869 1995/2073/2869
f 1995/2073/2870 1925/2003/2870 1996/2074/2870
f 1925/2003/2871 1926/2004/2871 1996/2074/2871
f 1996/2074/2872 1926/2004/2872 1997/2075/2872
f 1926/2004/2873 1927/2005/2873 1997/2075/2873
f 1997/2075/2874 1927/2005/2874 1998/2076/2874
f 1927/2005/2875 1929/2007/2875 1998/2076/2875
f 1998/2076/2875 1929/2007/2875 1999/2077/2875
f 1929/2007/2876 1928/2006/2876 1999/2077/2876
f 1999/2077/2877 1928/2006/2877 2000/2078/2877
f 1928/2006/2878 1930/2008/2878 2000/2078/2878
f 2000/2078/2879 1930/2008/2879 2001/2079/2879
f 1930/2008/2880 1931/2009/2880 2001/2079/2880
f 2001/2079/2881 1931/2009/2881 2002/2080/2881
f 1931/2009/2882 1933/2011/2882 2002/2080/2882
f 2002/2080/2883 1933/2011/2883 2003/2081/2883
f 1933/2011/2884 1932/2010/2884 2003/2081/2884
f 2003/2081/2885 1932/2010/2885 2004/2082/2885
f 1932/2010/2886 1934/2012/2886 2004/2082/2886
f 2004/2082/2886 1934/2012/2886 2005/2083/2886
f 1934/2012/2887 1935/2013/2887 2005/2083/2887
f 2005/2083/2888 1935/2013/2888 2006/2084/2888
f 1935/2013/2889 1936/2014/2889 2006/2084/2889
f 2006/2084/2889 1936/2014/2889 2007/2085/2889
f 1936/2014/2890 1937/2015/2890 2007/2085/2890
f 2007/2085/2891 1937/2015/2891 2008/2086/2891
f 1937/2015/2892 1938/2016/2892 2008/2086/2892
f 2008/2086/2893 1938/2016/2893 2009/2087/2893
f 1938/2016/2894 1939/2017/2894 2009/2087/2894
f 2009/2087/2895 1939/2017/2895 2010/2088/2895
f 1939/2017/2896 1940/2018/2896 2010/2088/2896
f 2010/2088/2896 1940/2018/2896 2011/2089/2896
f 1940/2018/2897 1941/2019/2897 2011/2089/2897
f 2011/2089/2898 1941/2019/2898 2012/2090/2898
f 1941/2019/2899 1942/2020/2899 2012/2090/2899
f 2012/2090/2899 1942/2020/2899 2013/2091/2899
f 1942/2020/2900 1943/2021/2900 2013/2091/2900
f 2013/2091/2901 1943/2021/2901 2014/2092/2901
f 1943/2021/2902 1944/2022/2902 2014/2092/2902
f 2014/2092/2903 1944/2022/2903 2015/2093/2903
f 1944/2022/2904 1945/2023/2904 2015/2093/2904
f 2015/2093/2905 1945/2023/2905 2016/2094/2905
f 1945/2023/2906 1946/2024/2906 2016/2094/2906
f 2016/2094/2907 1946/2024/2907 2017/2095/2907
f 1946/2024/2908 1947/2025/2908 2017/2095/2908
f 2017/2095/2909 1947/2025/2909 2018/2096/2909
f 1947/2025/2910 1948/2026/2910 2018/2096/2910
f 2018/2096/2910 1948/2026/2910 2019/2097/2910
f 1948/2026/2911 1949/2027/2911 2019/2097/2911
f 2019/2097/2911 1949/2027/2911 2020/2098/2911
f 1949/2027/2912 1950/2028/2912 2020/2098/2912
f 2020/2098/2912 1950/2028/2912 2021/2099/2912
f 1950/2028/2913 1951/2029/2913 2021/2099/2913
f 2021/2099/2914 1951/2029/2914 2022/2100/2914
f 1951/2029/2915 1952/2030/2915 2022/2100/2915
f 2022/2100/2916 1952/2030/2916 2023/2101/2916
f 1952/2030/2917 1953/2031/2917 2023/2101/2917
f 2023/2101/2918 1953/2031/2918 2024/2102/2918
f 1953/2031/2919 1954/2032/2919 2024/2102/2919
f 2024/2102/2920 1954/2032/2920 2025/2103/2920
f 1954/2032/2921 1955/2033/2921 2025/2103/2921
f 2025/2103/2921 1955/2033/2921 2026/2104/2921
f 1955/2033/2922 1956/2034/2922 2026/2104/2922
f 2026/2104/2923 1956/2034/2923 2027/2105/2923
f 1956/2034/2924 1957/2035/2924 2027/2105/2924
f 2027/2105/2925 1957/2035/2925 2028/2106/2925
f 1957/2035/2926 1958/2036/2926 2028/2106/2926
f 2028/2106/2927 1958/2036/2927 2029/2107/2927
f 1958/2036/2928 1959/2037/2928 2029/2107/2928
f 2029/2107/2929 1959/2037/2929 2030/2108/2929
f 1959/2037/2930 1960/2038/2930 2030/2108/2930
f 2030/2108/2931 1960/2038/2931 2031/2109/2931
f 1960/2038/2932 1961/2039/2932 2031/2109/2932
f 2031/2109/2933 1961/2039/2933 2032/2110/2933
f 1961/2039/2934 1962/2040/2934 2032/2110/2934
f 2032/2110/2935 1962/2040/2935 2033/2111/2935
f 1962/2040/2936 1963/2041/2936 2033/2111/2936
f 2033/2111/2936 1963/2041/2936 2034/2112/2936
f 1963/2041/2937 1964/2042/2937 2034/2112/2937
f 2034/2112/2938 1964/2042/2938 2035/2113/2938
f 1964/2042/2939 1965/2043/2939 2035/2113/2939
f 2035/2113/2940 1965/2043/2940 2036/2114/2940
f 1965/2043/2941 1966/2044/2941 2036/2114/2941
f 2036/2114/2942 1966/2044/2942 2037/2115/2942
f 1966/2044/2943 1967/2045/2943 2037/2115/2943
f 2037/2115/2944 1967/2045/2944 2038/2116/2944
f 1967/2045/2945 1968/2046/2945 2038/2116/2945
f 2038/2116/2946 1968/2046/2946 2039/2117/2946
f 1968/2046/2947 1969/2047/2947 2039/2117/2947
f 2039/2117/2948 1969/2047/2948 2040/2118/2948
f 1969/2047/2949 1970/2048/2949 2040/2118/2949
f 2040/2118/2950 1970/2048/2950 2041/2119/2950
f 1970/2048/2951 1972/2050/2951 2041/2119/2951
f 2041/2119/2952 1972/2050/2952 2042/2120/2952
f 1972/2050/2953 1971/2049/2953 2042/2120/2953
f 2042/2120/2954 1971/2049/2954 2043/2121/2954
f 1971/2049/2955 1973/2051/2955 2043/2121/2955
f 2043/2121/2955 1973/2051/2955 2044/2122/2955
f 1973/2051/2956 1974/2052/2956 2044/2122/2956
f 2044/2122/2957 1974/2052/2957 2045/2123/2957
f 1974/2052/2958 1975/2053/2958 2045/2123/2958
f 2045/2123/2958 1975/2053/2958 2046/2124/2958
f 1975/2053/2959 1976/2054/2959 2046/2124/2959
f 2046/2124/2960 1976/2054/2960 2047/2125/2960
f 1976/2054/2961 1977/2055/2961 2047/2125/2961
f 2047/2125/2962 1977/2055/2962 2048/2126/2962
f 1977/2055/2963 1978/2056/2963 2048/2126/2963
f 2048/2126/2964 1978/2056/2964 2049/2127/2964
f 1978/2056/2965 1979/2057/2965 2049/2127/2965
f 2049/2127/2965 1979/2057/2965 2050/2128/2965
f 1979/2057/2966 1980/2058/2966 2050/2128/2966
f 2050/2128/2967 1980/2058/2967 2051/2129/2967
f 1980/2058/2968 1981/2059/2968 2051/2129/2968
f 2051/2129/2968 1981/2059/2968 2052/2130/2968
f 1981/2059/2969 1982/2060/2969 2052/2130/2969
f 2052/2130/2970 1982/2060/2970 2053/2131/2970
f 1982/2060/2971 1983/2061/2971 2053/2131/2971
f 2053/2131/2972 1983/2061/2972 2054/2132/2972
f 1983/2061/2973 1909/1985/2973 2054/2132/2973
f 2054/2132/2974 1909/1985/2974 1908/1984/2974
f 1909/1985/2975 1889/1943/2975 1908/1984/2975
f 1908/1984/2976 1889/1943/2976 1888/1941/2976
f 1871/1988/2977 1911/1989/2977 1905/1981/2977
f 1911/1989/2978 1984/2062/2978 1905/1981/2978
f 1905/1981/2979 1984/2062/2979 2055/2133/2979
f 1984/2062/2980 1985/2063/2980 2055/2133/2980
f 2055/2133/2981 1985/2063/2981 2056/2134/2981
f 1985/2063/2982 1986/2064/2982 2056/2134/2982
f 2056/2134/2982 1986/2064/2982 2057/2135/2982
f 1986/2064/2983 1987/2065/2983 2057/2135/2983
f 2057/2135/2983 1987/2065/2983 2058/2136/2983
f 1987/2065/2984 1988/2066/2984 2058/2136/2984
f 2058/2136/2985 1988/2066/2985 2059/2137/2985
f 1988/2066/2986 1989/2067/2986 2059/2137/2986
f 2059/2137/2986 1989/2067/2986 2060/2138/2986
f 1989/2067/2987 1990/2068/2987 2060/2138/2987
f 2060/2138/2987 1990/2068/2987 2061/2139/2987
f 1990/2068/2988 1991/2069/2988 2061/2139/2988
f 2061/2139/2989 1991/2069/2989 2062/2140/2989
f 1991/2069/2990 1992/2070/2990 2062/2140/2990
f 2062/2140/2990 1992/2070/2990 2063/2141/2990
f 1992/2070/2991 1993/2071/2991 2063/2141/2991
f 2063/2141/2991 1993/2071/2991 2064/2142/2991
f 1993/2071/2992 1994/2072/2992 2064/2142/2992
f 2064/2142/2992 1994/2072/2992 2065/2143/2992
f 1994/2072/2993 1995/2073/2993 2065/2143/2993
f 2065/2143/2993 1995/2073/2993 2066/2144/2993
f 1995/2073/2994 1996/2074/2994 2066/2144/2994
f 2066/2144/2994 1996/2074/2994 2067/2145/2994
f 1996/2074/2995 1997/2075/2995 2067/2145/2995
f 2067/2145/2995 1997/2075/2995 2068/2146/2995
f 1997/2075/2996 1998/2076/2996 2068/2146/2996
f 2068/2146/2996 1998/2076/2996 2069/2147/2996
f 1998/2076/2997 1999/2077/2997 2069/2147/2997
f 2069/2147/2998 1999/2077/2998 2070/2148/2998
f 1999/2077/2999 2000/2078/2999 2070/2148/2999
f 2070/2148/2999 2000/2078/2999 2071/2149/2999
f 2000/2078/3000 2001/2079/3000 2071/2149/3000
f 2071/2149/3000 2001/2079/3000 2072/2150/3000
f 2001/2079/3001 2002/2080/3001 2072/2150/3001
f 2072/2150/3001 2002/2080/3001 2073/2151/3001
f 2002/2080/3002 2003/2081/3002 2073/2151/3002
f 2073/2151/3002 2003/2081/3002 2074/2152/3002
f 2003/2081/3003 2004/2082/3003 2074/2152/3003
f 2074/2152/3004 2004/2082/3004 2075/2153/3004
f 2004/2082/3005 2005/2083/3005 2075/2153/3005
f 2075/2153/3005 2005/2083/3005 2076/2154/3005
f 2005/2083/3006 2006/2084/3006 2076/2154/3006
f 2076/2154/3007 2006/2084/3007 2077/2155/3007
f 2006/2084/3008 2007/2085/3008 2077/2155/3008
f 2077/2155/3009 2007/2085/3009 2078/2156/3009
f 2007/2085/3010 2008/2086/3010 2078/2156/3010
f 2078/2156/3010 2008/2086/3010 2079/2157/3010
f 2008/2086/3011 2009/2087/3011 2079/2157/3011
f 2079/2157/3011 2009/2087/3011 2080/2158/3011
f 2009/2087/3012 2010/2088/3012 2080/2158/3012
f 2080/2158/3012 2010/2088/3012 2081/2159/3012
f 2010/2088/3013 2011/2089/3013 2081/2159/3013
f 2081/2159/3014 2011/2089/3014 2082/2160/3014
f 2011/2089/3015 2012/2090/3015 2082/2160/3015
f 2082/2160/3015 2012/2090/3015 2083/2161/3015
f 2012/2090/3016 2013/2091/3016 2083/2161/3016
f 2083/2161/3016 2013/2091/3016 2084/2162/3016
f 2013/2091/3017 2014/2092/3017 2084/2162/3017
f 2084/2162/3017 2014/2092/3017 2085/2163/3017
f 2014/2092/3018 2015/2093/3018 2085/2163/3018
f 2085/2163/3019 2015/2093/3019 2086/2164/3019
f 2015/2093/3020 2016/2094/3020 2086/2164/3020
f 2086/2164/3020 2016/2094/3020 2087/2165/3020
f 2016/2094/3021 2017/2095/3021 2087/2165/3021
f 2087/2165/3021 2017/2095/3021 2088/2166/3021
f 2017/2095/3022 2018/2096/3022 2088/2166/3022
f 2088/2166/3022 2018/2096/3022 2089/2167/3022
f 2018/2096/3023 2019/2097/3023 2089/2167/3023
f 2089/2167/3024 2019/2097/3024 2090/2168/3024
f 2019/2097/3025 2020/2098/3025 2090/2168/3025
f 2090/2168/3026 2020/2098/3026 2091/2169/3026
f 2020/2098/3027 2021/2099/3027 2091/2169/3027
f 2091/2169/3027 2021/2099/3027 2092/2170/3027
f 2021/2099/3028 2022/2100/3028 2092/2170/3028
f 2092/2170/3028 2022/2100/3028 2093/2171/3028
f 2022/2100/3029 2023/2101/3029 2093/2171/3029
f 2093/2171/3029 2023/2101/3029 2094/2172/3029
f 2023/2101/3030 2024/2102/3030 2094/2172/3030
f 2094/2172/3031 2024/2102/3031 2095/2173/3031
f 2024/2102/3032 2025/2103/3032 2095/2173/3032
f 2095/2173/3033 2025/2103/3033 2096/2174/3033
f 2025/2103/3034 2026/2104/3034 2096/2174/3034
f 2096/2174/3035 2026/2104/3035 2097/2175/3035
f 2026/2104/3036 2027/2105/3036 2097/2175/3036
f 2097/2175/3036 2027/2105/3036 2098/2176/3036
f 2027/2105/3037 2028/2106/3037 2098/2176/3037
f 2098/2176/3037 2028/2106/3037 2099/2177/3037
f 2028/2106/3038 2029/2107/3038 2099/2177/3038
f 2099/2177/3038 2029/2107/3038 2100/2178/3038
f 2029/2107/3039 2030/2108/3039 2100/2178/3039
f 2100/2178/3040 2030/2108/3040 2101/2179/3040
f 2030/2108/3041 2031/2109/3041 2101/2179/3041
f 2101/2179/3041 2031/2109/3041 2102/2180/3041
f 2031/2109/3042 2032/2110/3042 2102/2180/3042
f 2102/2180/3042 2032/2110/3042 2103/2181/3042
f 2032/2110/3043 2033/2111/3043 2103/2181/3043
f 2103/2181/3043 2033/2111/3043 2104/2182/3043
f 2033/2111/3044 2034/2112/3044 2104/2182/3044
f 2104/2182/3045 2034/2112/3045 2105/2183/3045
f 2034/2112/3046 2035/2113/3046 2105/2183/3046
f 2105/2183/3046 2035/2113/3046 2106/2184/3046
f 2035/2113/3047 2036/2114/3047 2106/2184/3047
f 2106/2184/3047 2036/2114/3047 2107/2185/3047
f 2036/2114/3048 2037/2115/3048 2107/2185/3048
f 2107/2185/3048 2037/2115/3048 2108/2186/3048
f 2037/2115/3049 2038/2116/3049 2108/2186/3049
f 2108/2186/3049 2038/2116/3049 2109/2187/3049
f 2038/2116/3050 2039/2117/3050 2109/2187/3050
f 2109/2187/3050 2039/2117/3050 2110/2188/3050
f 2039/2117/3051 2040/2118/3051 2110/2188/3051
f 2110/2188/3051 2040/2118/3051 2111/2189/3051
f 2040/2118/3052 2041/2119/3052 2111/2189/3052
f 2111/2189/3052 2041/2119/3052 2112/2190/3052
f 2041/2119/3053 2042/2120/3053 2112/2190/3053
f 2112/2190/3054 2042/2120/3054 2113/2191/3054
f 2042/2120/3055 2043/2121/3055 2113/2191/3055
f 2113/2191/3056 2043/2121/3056 2114/2192/3056
f 2043/2121/3057 2044/2122/3057 2114/2192/3057
f 2114/2192/3058 2044/2122/3058 2115/2193/3058
f 2044/2122/3059 2045/2123/3059 2115/2193/3059
f 2115/2193/3060 2045/2123/3060 2116/2194/3060
f 2045/2123/3061 2046/2124/3061 2116/2194/3061
f 2116/2194/3062 2046/2124/3062 2117/2195/3062
f 2046/2124/3063 2047/2125/3063 2117/2195/3063
f 2117/2195/3063 2047/2125/3063 2118/2196/3063
f 2047/2125/3064 2048/2126/3064 2118/2196/3064
f 2118/2196/3064 2048/2126/3064 2119/2197/3064
f 2048/2126/3065 2049/2127/3065 2119/2197/3065
f 2119/2197/3065 2049/2127/3065 2120/2198/3065
f 2049/2127/3066 2050/2128/3066 2120/2198/3066
f 2120/2198/3067 2050/2128/3067 2121/2199/3067
f 2050/2128/3068 2051/2129/3068 2121/2199/3068
f 2121/2199/3068 2051/2129/3068 2122/2200/3068
f 2051/2129/3069 2052/2130/3069 2122/2200/3069
f 2122/2200/3070 2052/2130/3070 2123/2201/3070
f 2052/2130/3071 2053/2131/3071 2123/2201/3071
f 2123/2201/3071 2053/2131/3071 2124/2202/3071
f 2053/2131/3072 2054/2132/3072 2124/2202/3072
f 2124/2202/3072 2054/2132/3072 2125/2203/3072
f 2054/2132/3073 1908/1984/3073 2125/2203/3073
f 2125/2203/3074 1908/1984/3074 1907/1983/3074
f 1908/1984/3075 1893/1952/3075 1907/1983/3075
f 1907/1983/3076 1893/1952/3076 1892/1949/3076
f 1870/1980/3077 1905/1981/3077 1912/1990/3077
f 1905/1981/3078 2055/2133/3078 1912/1990/3078
f 1912/1990/3079 2055/2133/3079 2126/2204/3079
f 2055/2133/3080 2056/2134/3080 2126/2204/3080
f 2126/2204/3081 2056/2134/3081 2127/2205/3081
f 2056/2134/3082 2057/2135/3082 2127/2205/3082
f 2127/2205/3083 2057/2135/3083 2128/2206/3083
f 2057/2135/3084 2058/2136/3084 2128/2206/3084
f 2128/2206/3085 2058/2136/3085 2129/2207/3085
f 2058/2136/3086 2059/2137/3086 2129/2207/3086
f 2129/2207/3087 2059/2137/3087 2130/2208/3087
f 2059/2137/3088 2060/2138/3088 2130/2208/3088
f 2130/2208/3089 2060/2138/3089 2131/2209/3089
f 2060/2138/3090 2061/2139/3090 2131/2209/3090
f 2131/2209/3091 2061/2139/3091 2132/2210/3091
f 2061/2139/3092 2062/2140/3092 2132/2210/3092
f 2132/2210/3093 2062/2140/3093 2133/2211/3093
f 2062/2140/3094 2063/2141/3094 2133/2211/3094
f 2133/2211/3095 2063/2141/3095 2134/2212/3095
f 2063/2141/3096 2064/2142/3096 2134/2212/3096
f 2134/2212/3096 2064/2142/3096 2135/2213/3096
f 2064/2142/3097 2065/2143/3097 2135/2213/3097
f 2135/2213/3098 2065/2143/3098 2136/2214/3098
f 2065/2143/3099 2066/2144/3099 2136/2214/3099
f 2136/2214/3100 2066/2144/3100 2137/2215/3100
f 2066/2144/3101 2067/2145/3101 2137/2215/3101
f 2137/2215/3102 2067/2145/3102 2138/2216/3102
f 2067/2145/3103 2068/2146/3103 2138/2216/3103
f 2138/2216/3104 2068/2146/3104 2139/2217/3104
f 2068/2146/3105 2069/2147/3105 2139/2217/3105
f 2139/2217/3106 2069/2147/3106 2140/2218/3106
f 2069/2147/3107 2070/2148/3107 2140/2218/3107
f 2140/2218/3108 2070/2148/3108 2141/2219/3108
f 2070/2148/3109 2071/2149/3109 2141/2219/3109
f 2141/2219/3110 2071/2149/3110 2142/2220/3110
f 2071/2149/3111 2072/2150/3111 2142/2220/3111
f 2142/2220/3112 2072/2150/3112 2143/2221/3112
f 2072/2150/3113 2073/2151/3113 2143/2221/3113
f 2143/2221/3114 2073/2151/3114 2144/2222/3114
f 2073/2151/3115 2074/2152/3115 2144/2222/3115
f 2144/2222/3116 2074/2152/3116 2145/2223/3116
f 2074/2152/3117 2075/2153/3117 2145/2223/3117
f 2145/2223/3118 2075/2153/3118 2146/2224/3118
f 2075/2153/3119 2076/2154/3119 2146/2224/3119
f 2146/2224/3120 2076/2154/3120 2147/2225/3120
f 2076/2154/3121 2077/2155/3121 2147/2225/3121
f 2147/2225/3122 2077/2155/3122 2148/2226/3122
f 2077/2155/3123 2078/2156/3123 2148/2226/3123
f 2148/2226/3124 2078/2156/3124 2149/2227/3124
f 2078/2156/3125 2079/2157/3125 2149/2227/3125
f 2149/2227/3126 2079/2157/3126 2150/2228/3126
f 2079/2157/3127 2080/2158/3127 2150/2228/3127
f 2150/2228/3128 2080/2158/3128 2151/2229/3128
f 2080/2158/3129 2081/2159/3129 2151/2229/3129
f 2151/2229/3130 2081/2159/3130 2152/2230/3130
f 2081/2159/3131 2082/2160/3131 2152/2230/3131
f 2152/2230/3132 2082/2160/3132 2153/2231/3132
f 2082/2160/3133 2083/2161/3133 2153/2231/3133
f 2153/2231/3134 2083/2161/3134 2154/2232/3134
f 2083/2161/3135 2084/2162/3135 2154/2232/3135
f 2154/2232/3135 2084/2162/3135 2155/2233/3135
f 2084/2162/3136 2085/2163/3136 2155/2233/3136
f 2155/2233/3137 2085/2163/3137 2156/2234/3137
f 2085/2163/3138 2086/2164/3138 2156/2234/3138
f 2156/2234/3139 2086/2164/3139 2157/2235/3139
f 2086/2164/3140 2087/2165/3140 2157/2235/3140
f 2157/2235/3141 2087/2165/3141 2158/2236/3141
f 2087/2165/3142 2088/2166/3142 2158/2236/3142
f 2158/2236/3143 2088/2166/3143 2159/2237/3143
f 2088/2166/3144 2089/2167/3144 2159/2237/3144
f 2159/2237/3145 2089/2167/3145 2160/2238/3145
f 2089/2167/3146 2090/2168/3146 2160/2238/3146
f 2160/2238/3147 2090/2168/3147 2161/2239/3147
f 2090/2168/3148 2091/2169/3148 2161/2239/3148
f 2161/2239/3149 2091/2169/3149 2162/2240/3149
f 2091/2169/3150 2092/2170/3150 2162/2240/3150
f 2162/2240/3151 2092/2170/3151 2163/2241/3151
f 2092/2170/3152 2093/2171/3152 2163/2241/3152
f 2163/2241/3153 2093/2171/3153 2164/2242/3153
f 2093/2171/3154 2094/2172/3154 2164/2242/3154
f 2164/2242/3155 2094/2172/3155 2165/2243/3155
f 2094/2172/3156 2095/2173/3156 2165/2243/3156
f 2165/2243/3157 2095/2173/3157 2166/2244/3157
f 2095/2173/3158 2096/2174/3158 2166/2244/3158
f 2166/2244/3159 2096/2174/3159 2167/2245/3159
f 2096/2174/3160 2097/2175/3160 2167/2245/3160
f 2167/2245/3161 2097/2175/3161 2168/2246/3161
f 2097/2175/3162 2098/2176/3162 2168/2246/3162
f 2168/2246/3163 2098/2176/3163 2169/2247/3163
f 2098/2176/3164 2099/2177/3164 2169/2247/3164
f 2169/2247/3164 2099/2177/3164 2170/2248/3164
f 2099/2177/3165 2100/2178/3165 2170/2248/3165
f 2170/2248/3166 2100/2178/3166 2171/2249/3166
f 2100/2178/3167 2101/2179/3167 2171/2249/3167
f 2171/2249/3168 2101/2179/3168 2172/2250/3168
f 2101/2179/3169 2102/2180/3169 2172/2250/3169
f 2172/2250/3170 2102/2180/3170 2173/2251/3170
f 2102/2180/3171 2103/2181/3171 2173/2251/3171
f 2173/2251/3172 2103/2181/3172 2174/2252/3172
f 2103/2181/3173 2104/2182/3173 2174/2252/3173
f 2174/2252/3174 2104/2182/3174 2175/2253/3174
f 2104/2182/3175 2105/2183/3175 2175/2253/3175
f 2175/2253/3176 2105/2183/3176 2176/2254/3176
f 2105/2183/3177 2106/2184/3177 2176/2254/3177
f 2176/2254/3178 2106/2184/3178 2177/2255/3178
f 2106/2184/3179 2107/2185/3179 2177/2255/3179
f 2177/2255/3180 2107/2185/3180 2178/2256/3180
f 2107/2185/3181 2108/2186/3181 2178/2256/3181
f 2178/2256/3182 2108/2186/3182 2179/2257/3182
f 2108/2186/3183 2109/2187/3183 2179/2257/3183
f 2179/2257/3183 2109/2187/3183 2180/2258/3183
f 2109/2187/3184 2110/2188/3184 2180/2258/3184
f 2180/2258/3185 2110/2188/3185 2181/2259/3185
f 2110/2188/3186 2111/2189/3186 2181/2259/3186
f 2181/2259/3187 2111/2189/3187 2182/2260/3187
f 2111/2189/3188 2112/2190/3188 2182/2260/3188
f 2182/2260/3189 2112/2190/3189 2183/2261/3189
f 2112/2190/3190 2113/2191/3190 2183/2261/3190
f 2183/2261/3191 2113/2191/3191 2184/2262/3191
f 2113/2191/3192 2114/2192/3192 2184/2262/3192
f 2184/2262/3193 2114/2192/3193 2185/2263/3193
f 2114/2192/3194 2115/2193/3194 2185/2263/3194
f 2185/2263/3195 2115/2193/3195 2186/2264/3195
f 2115/2193/3196 2116/2194/3196 2186/2264/3196
f 2186/2264/3197 2116/2194/3197 2187/2265/3197
f 2116/2194/3198 2117/2195/3198 2187/2265/3198
f 2187/2265/3199 2117/2195/3199 2188/2266/3199
f 2117/2195/3200 2118/2196/3200 2188/2266/3200
f 2188/2266/3201 2118/2196/3201 2189/2267/3201
f 2118/2196/3202 2119/2197/3202 2189/2267/3202
f 2189/2267/3203 2119/2197/3203 2190/2268/3203
f 2119/2197/3204 2120/2198/3204 2190/2268/3204
f 2190/2268/3205 2120/2198/3205 2191/2269/3205
f 2120/2198/3206 2121/2199/3206 2191/2269/3206
f 2191/2269/3207 2121/2199/3207 2192/2270/3207
f 2121/2199/3208 2122/2200/3208 2192/2270/3208
f 2192/2270/3209 2122/2200/3209 2193/2271/3209
f 2122/2200/3210 2123/2201/3210 2193/2271/3210
f 2193/2271/3211 2123/2201/3211 2194/2272/3211
f 2123/2201/3212 2124/2202/3212 2194/2272/3212
f 2194/2272/3213 2124/2202/3213 2195/2273/3213
f 2124/2202/3214 2125/2203/3214 2195/2273/3214
f 2195/2273/3215 2125/2203/3215 2196/2274/3215
f 2125/2203/3216 1907/1983/3216 2196/2274/3216
f 2196/2274/3217 1907/1983/3217 1906/1982/3217
f 1907/1983/3218 1898/1963/3218 1906/1982/3218
f 1906/1982/3219 1898/1963/3219 1897/1961/3219
f 1416/1444/3220 1912/1990/3220 1468/1498/3220
f 1912/1990/3221 2126/2204/3221 1468/1498/3221
f 1468/1498/3222 2126/2204/3222 1470/1500/3222
f 2126/2204/3223 2127/2205/3223 1470/1500/3223
f 1470/1500/3224 2127/2205/3224 1472/1502/3224
f 2127/2205/3225 2128/2206/3225 1472/1502/3225
f 1472/1502/3226 2128/2206/3226 1473/1503/3226
f 2128/2206/3227 2129/2207/3227 1473/1503/3227
f 1473/1503/3228 2129/2207/3228 1419/1449/3228
f 2129/2207/3229 2130/2208/3229 1419/1449/3229
f 1419/1449/3230 2130/2208/3230 1421/1451/3230
f 2130/2208/3231 2131/2209/3231 1421/1451/3231
f 1421/1451/3232 2131/2209/3232 1423/1453/3232
f 2131/2209/3233 2132/2210/3233 1423/1453/3233
f 1423/1453/3234 2132/2210/3234 1425/1455/3234
f 2132/2210/3235 2133/2211/3235 1425/1455/3235
f 1425/1455/3236 2133/2211/3236 1427/1457/3236
f 2133/2211/3237 2134/2212/3237 1427/1457/3237
f 1427/1457/3238 2134/2212/3238 1451/1481/3238
f 2134/2212/3239 2135/2213/3239 1451/1481/3239
f 1451/1481/3239 2135/2213/3239 1452/1482/3239
f 2135/2213/3240 2136/2214/3240 1452/1482/3240
f 1452/1482/3241 2136/2214/3241 1454/1484/3241
f 2136/2214/3242 2137/2215/3242 1454/1484/3242
f 1454/1484/3243 2137/2215/3243 1456/1486/3243
f 2137/2215/3244 2138/2216/3244 1456/1486/3244
f 1456/1486/3245 2138/2216/3245 1474/1504/3245
f 2138/2216/3246 2139/2217/3246 1474/1504/3246
f 1474/1504/3247 2139/2217/3247 1475/1505/3247
f 2139/2217/3248 2140/2218/3248 1475/1505/3248
f 1475/1505/3249 2140/2218/3249 1477/1507/3249
f 2140/2218/3250 2141/2219/3250 1477/1507/3250
f 1477/1507/3251 2141/2219/3251 1479/1509/3251
f 2141/2219/3252 2142/2220/3252 1479/1509/3252
f 1479/1509/3253 2142/2220/3253 1552/1582/3253
f 2142/2220/3254 2143/2221/3254 1552/1582/3254
f 1552/1582/3255 2143/2221/3255 1553/1583/3255
f 2143/2221/3256 2144/2222/3256 1553/1583/3256
f 1553/1583/3257 2144/2222/3257 1555/1585/3257
f 2144/2222/3258 2145/2223/3258 1555/1585/3258
f 1555/1585/3259 2145/2223/3259 1557/1587/3259
f 2145/2223/3260 2146/2224/3260 1557/1587/3260
f 1557/1587/3261 2146/2224/3261 1559/1589/3261
f 2146/2224/3262 2147/2225/3262 1559/1589/3262
f 1559/1589/3263 2147/2225/3263 1561/1591/3263
f 2147/2225/3264 2148/2226/3264 1561/1591/3264
f 1561/1591/3265 2148/2226/3265 1563/1593/3265
f 2148/2226/3266 2149/2227/3266 1563/1593/3266
f 1563/1593/3267 2149/2227/3267 1544/1574/3267
f 2149/2227/3268 2150/2228/3268 1544/1574/3268
f 1544/1574/3269 2150/2228/3269 1543/1573/3269
f 2150/2228/3270 2151/2229/3270 1543/1573/3270
f 1543/1573/3271 2151/2229/3271 1541/1571/3271
f 2151/2229/3272 2152/2230/3272 1541/1571/3272
f 1541/1571/3273 2152/2230/3273 1539/1569/3273
f 2152/2230/3274 2153/2231/3274 1539/1569/3274
f 1539/1569/3274 2153/2231/3274 1537/1567/3274
f 2153/2231/3275 2154/2232/3275 1537/1567/3275
f 1537/1567/3276 2154/2232/3276 1549/1579/3276
f 2154/2232/3277 2155/2233/3277 1549/1579/3277
f 1549/1579/3277 2155/2233/3277 1547/1577/3277
f 2155/2233/3278 2156/2234/3278 1547/1577/3278
f 1547/1577/3279 2156/2234/3279 1517/1547/3279
f 2156/2234/3280 2157/2235/3280 1517/1547/3280
f 1517/1547/3281 2157/2235/3281 1516/1546/3281
f 2157/2235/3282 2158/2236/3282 1516/1546/3282
f 1516/1546/3283 2158/2236/3283 1514/1544/3283
f 2158/2236/3284 2159/2237/3284 1514/1544/3284
f 1514/1544/3285 2159/2237/3285 1512/1542/3285
f 2159/2237/3286 2160/2238/3286 1512/1542/3286
f 1512/1542/3287 2160/2238/3287 1496/1526/3287
f 2160/2238/3288 2161/2239/3288 1496/1526/3288
f 1496/1526/3289 2161/2239/3289 1494/1524/3289
f 2161/2239/3290 2162/2240/3290 1494/1524/3290
f 1494/1524/3291 2162/2240/3291 1492/1522/3291
f 2162/2240/3292 2163/2241/3292 1492/1522/3292
f 1492/1522/3293 2163/2241/3293 1490/1520/3293
f 2163/2241/3294 2164/2242/3294 1490/1520/3294
f 1490/1520/3295 2164/2242/3295 1488/1518/3295
f 2164/2242/3296 2165/2243/3296 1488/1518/3296
f 1488/1518/3297 2165/2243/3297 1486/1516/3297
f 2165/2243/3298 2166/2244/3298 1486/1516/3298
f 1486/1516/3299 2166/2244/3299 1484/1514/3299
f 2166/2244/3300 2167/2245/3300 1484/1514/3300
f 1484/1514/3301 2167/2245/3301 1482/1512/3301
f 2167/2245/3302 2168/2246/3302 1482/1512/3302
f 1482/1512/3303 2168/2246/3303 1439/1469/3303
f 2168/2246/3304 2169/2247/3304 1439/1469/3304
f 1439/1469/3305 2169/2247/3305 1437/1467/3305
f 2169/2247/3306 2170/2248/3306 1437/1467/3306
f 1437/1467/3307 2170/2248/3307 1435/1465/3307
f 2170/2248/3308 2171/2249/3308 1435/1465/3308
f 1435/1465/3309 2171/2249/3309 1433/1463/3309
f 2171/2249/3310 2172/2250/3310 1433/1463/3310
f 1433/1463/3311 2172/2250/3311 1431/1461/3311
f 2172/2250/3312 2173/2251/3312 1431/1461/3312
f 1431/1461/3313 2173/2251/3313 1443/1473/3313
f 2173/2251/3314 2174/2252/3314 1443/1473/3314
f 1443/1473/3315 2174/2252/3315 1444/1474/3315
f 2174/2252/3316 2175/2253/3316 1444/1474/3316
f 1444/1474/3317 2175/2253/3317 1446/1476/3317
f 2175/2253/3318 2176/2254/3318 1446/1476/3318
f 1446/1476/3319 2176/2254/3319 1448/1478/3319
f 2176/2254/3320 2177/2255/3320 1448/1478/3320
f 1448/1478/3321 2177/2255/3321 1518/1548/3321
f 2177/2255/3322 2178/2256/3322 1518/1548/3322
f 1518/1548/3323 2178/2256/3323 1519/1549/3323
f 2178/2256/3324 2179/2257/3324 1519/1549/3324
f 1519/1549/3325 2179/2257/3325 1521/1551/3325
f 2179/2257/3326 2180/2258/3326 1521/1551/3326
f 1521/1551/3327 2180/2258/3327 1523/1553/3327
f 2180/2258/3328 2181/2259/3328 1523/1553/3328
f 1523/1553/3329 2181/2259/3329 1525/1555/3329
f 2181/2259/3330 2182/2260/3330 1525/1555/3330
f 1525/1555/3331 2182/2260/3331 1527/1557/3331
f 2182/2260/3332 2183/2261/3332 1527/1557/3332
f 1527/1557/3333 2183/2261/3333 1529/1559/3333
f 2183/2261/3334 2184/2262/3334 1529/1559/3334
f 1529/1559/3335 2184/2262/3335 1531/1561/3335
f 2184/2262/3336 2185/2263/3336 1531/1561/3336
f 1531/1561/3337 2185/2263/3337 1536/1566/3337
f 2185/2263/3338 2186/2264/3338 1536/1566/3338
f 1536/1566/3339 2186/2264/3339 1535/1565/3339
f 2186/2264/3340 2187/2265/3340 1535/1565/3340
f 1535/1565/3341 2187/2265/3341 1509/1539/3341
f 2187/2265/3342 2188/2266/3342 1509/1539/3342
f 1509/1539/3343 2188/2266/3343 1507/1537/3343
f 2188/2266/3344 2189/2267/3344 1507/1537/3344
f 1507/1537/3345 2189/2267/3345 1505/1535/3345
f 2189/2267/3346 2190/2268/3346 1505/1535/3346
f 1505/1535/3347 2190/2268/3347 1503/1533/3347
f 2190/2268/3348 2191/2269/3348 1503/1533/3348
f 1503/1533/3349 2191/2269/3349 1501/1531/3349
f 2191/2269/3350 2192/2270/3350 1501/1531/3350
f 1501/1531/3350 2192/2270/3350 1499/1529/3350
f 2192/2270/3351 2193/2271/3351 1499/1529/3351
f 1499/1529/3352 2193/2271/3352 1440/1470/3352
f 2193/2271/3353 2194/2272/3353 1440/1470/3353
f 1440/1470/3354 2194/2272/3354 1441/1471/3354
f 2194/2272/3355 2195/2273/3355 1441/1471/3355
f 1441/1471/3356 2195/2273/3356 1460/1490/3356
f 2195/2273/3357 2196/2274/3357 1460/1490/3357
f 1460/1490/3358 2196/2274/3358 1462/1492/3358
f 2196/2274/3359 1906/1982/3359 1462/1492/3359
f 1462/1492/3360 1906/1982/3360 1464/1494/3360
f 1906/1982/3361 1902/1972/3361 1464/1494/3361
f 1464/1494/3362 1902/1972/3362 1901/1971/3362
f 480/480/2 356/356/2 200/200/2
f 356/356/2 198/198/2 200/200/2
f 231/231/379 402/402/379 229/229/379
f 402/402/379 268/268/379 229/229/379
f 532/535/3363 2203/2275/3363 2204/2276/3363 1127/1155/3363
f 1124/1152/3364 1122/1150/3364 2210/2277/3364 2207/2278/3364
f 1122/1150/3365 1121/1149/3365 2209/2279/3365 2210/2277/3365
f 1121/1149/3366 1131/1159/3366 2208/2280/3366 2209/2279/3366
f 1131/1159/3367 1130/1158/3367 2216/2281/3367 2215/2282/3367
f 1117/1145/3368 1116/1144/3368 2212/2283/3368 2214/2284/3368
f 1116/1144/3369 1126/1154/3369 2211/2285/3369 2212/2283/3369
f 1126/1154/3370 1125/1153/3370 2206/2286/3370 2213/2287/3370
f 1112/1140/3371 1110/1138/3371 2197/2288/3371 2198/2289/3371
f 1110/1138/3372 1109/1137/3372 2199/2290/3372 2197/2288/3372
f 1109/1137/3373 1120/1148/3373 2200/2291/3373 2199/2290/3373
f 1120/1148/3374 1119/1147/3374 2223/2292/3374 2225/2293/3374
f 42/90/3375 1107/1135/3375 2217/2294/3375 2218/2295/3375
f 1108/1136/3376 1115/1143/3376 2222/2296/3376 2224/2297/3376
f 1115/1143/3377 1114/1142/3377 2221/2298/3377 2222/2296/3377
f 1114/1142/3378 1113/1141/3378 2219/2299/3378 2220/2300/3378
f 2284/2301/3379 2289/820/3379 800/819/3379 792/1133/3379
f 2215/2282/3380 2208/2280/3380 1131/1159/3380
f 2220/2300/3381 2221/2298/3381 1114/1142/3381
f 2231/2302/3382 2230/1900/3382 1866/1899/3382 1416/1444/3382
f 2310/1956/3383 2309/1953/3383 1893/1952/3383
f 2236/1896/3384 2249/1903/3384 1863/1893/3384
f 2280/796/3385 2267/811/3385 796/810/3385 787/793/3385
f 2307/1951/3386 2302/1966/3386 1899/1965/3386 1891/1948/3386
f 2300/1979/3387 2298/1976/3387 1903/1975/3387
f 2213/2287/3388 2211/2285/3388 1126/1154/3388
f 2237/2303/3389 2268/1914/3389 1875/1913/3389 1870/1980/3389
f 2239/1910/3390 2227/2304/3390 1871/1988/3390 1872/1907/3390
f 2294/1974/3391 2293/1969/3391 1900/1968/3391 1901/1971/3391
f 2291/1947/3392 2305/1944/3392 1889/1943/3392
f 2303/1967/3393 2304/1964/3393 1898/1963/3393
f 2244/1447/3 2231/2302/3 1416/1444/3
f 2279/816/3394 2276/830/3394 804/829/3394 797/813/3394
f 2198/2289/3395 2219/2299/3395 1113/1141/3395 1112/1140/3395
f 2227/2304/3396 2226/1923/3396 1879/1922/3396 1871/1988/3396
f 2228/2305/637 2251/2306/637 531/534/637
f 2233/1924/3397 2235/1921/3397 1878/1920/3397
f 2262/1940/3398 2292/1955/3398 1894/1954/3398 1886/1937/3398
f 2288/821/3399 2286/818/3399 799/817/3399
f 2229/2307/2 2259/2308/2 2258/2309/2 2254/2310/2 2255/2311/2 2260/2312/2 2253/2313/2 2252/2314/2 2235/2315/2 2233/2316/2 2226/2317/2 2227/2318/2 2239/2319/2 2241/2320/2 2242/2321/2 2243/2322/2 2268/2323/2 2237/2324/2 2238/2325/2 2240/2326/2 2249/2327/2 2236/2328/2 2234/2329/2 2232/2330/2 2230/2331/2 2231/2332/2 2244/2333/2 2245/2334/2 2297/2335/2 2293/2336/2 2294/2337/2 2299/2338/2 2298/2339/2 2300/2340/2 2301/2341/2 2296/2342/2 2295/2343/2 2308/2344/2 2304/2345/2 2303/2346/2 2302/2347/2 2307/2348/2 2311/2349/2 2309/2350/2 2310/2351/2 2292/2352/2 2262/2353/2 2261/2354/2 2306/2355/2 2305/2356/2 2291/2357/2 2290/2358/2 2256/2359/2 2257/2360/2 2250/2361/2 2248/2362/2 2247/2363/2 2278/2364/2 2277/2365/2 2273/2366/2 2271/2367/2 2272/2368/2 2276/2369/2 2279/2370/2 2287/2371/2 2286/2372/2 2288/2373/2 2289/2374/2 2284/2375/2 2265/2376/2 2264/2377/2 2263/2378/2 2266/2379/2 2267/2380/2 2280/2381/2 2275/2382/2 2274/2383/2 2283/2384/2 2282/2385/2 2281/2386/2 2270/2387/2 2269/2388/2 2285/2389/2 2246/2390/2 2201/2391/2 2202/2392/2 2218/2393/2 2217/2394/2 2224/2395/2 2222/2396/2 2221/2397/2 2220/2398/2 2219/2399/2 2198/2400/2 2197/2401/2 2199/2402/2 2200/2403/2 2225/2404/2 2223/2405/2 2214/2406/2 2212/2407/2 2211/2408/2 2213/2409/2 2206/2410/2 2207/2411/2 2210/2412/2 2209/2413/2 2208/2414/2 2215/2415/2 2216/2416/2 2205/2417/2 2204/2418/2 2203/2419/2 2251/2420/2 2228/2421/2
f 2224/2297/3400 2217/2294/3400 1107/1135/3400 1108/1136/3400
f 2270/790/3401 2281/802/3401 791/801/3401 784/787/3401
f 2246/2422/3402 2285/792/3402 786/791/3402 43/92/3402
f 2238/1905/3403 2237/2303/3403 1870/1980/3403 1869/1906/3403
f 2296/1960/3404 2301/1978/3404 1904/1977/3404 1895/1957/3404
f 2253/1919/3405 2260/1933/3405 1883/1932/3405 1876/1916/3405
f 2255/1934/3406 2254/1931/3406 1882/1930/3406
f 2251/2306/637 2203/2275/637 532/535/637 531/534/637
f 2229/1927/3407 2228/2305/3407 531/534/3407
f 2297/1970/3408 2245/1446/3408 1417/1445/3408
f 2225/2293/3409 2200/2291/3409 1120/1148/3409
f 2204/2276/3410 2205/2423/3410 1128/1156/3410 1127/1155/3410
f 2207/2278/3411 2206/2286/3411 1125/1153/3411 1124/1152/3411
f 2243/1915/3412 2242/1912/3412 1874/1911/3412
f 2205/2423/3413 2216/2281/3413 1130/1158/3413 1128/1156/3413
f 2256/2424/3414 2290/1946/3414 1890/1945/3414 1885/1986/3414
f 2202/2425/1 2201/2426/1 42/90/1
f 2257/1935/3415 2256/2424/3415 1885/1986/3415 1884/1936/3415
f 2265/807/3416 2284/2301/3416 792/1133/3416 793/804/3416
f 2201/2426/1 2246/2422/1 43/92/1 42/90/1
f 2272/831/3417 2271/828/3417 803/827/3417
f 2218/2295/3418 2202/2425/3418 42/90/3418
f 2282/803/3419 2283/800/3419 790/799/3419
f 2214/2284/3420 2223/2292/3420 1119/1147/3420 1117/1145/3420
f 2266/812/3421 2263/809/3421 795/808/3421
f 2278/824/3422 2247/523/3422 520/520/3422
